account_id,company_name,industry,company_size,icp_fit_score,trigger_event,days_since_last_touch,existing_customer,any_converted,max_prob,account_ptb_label
ACC-000000,"Williams, Myers and Lucas",Financial Services,51-200,0.94,leadership_change,2,False,1.0,0.8805,1
ACC-000001,Schneider Ltd,Retail,201-1000,0.362,none,31,False,1.0,0.5675,0
ACC-000002,King-Steele,Healthcare,201-1000,0.785,none,4,False,1.0,0.8426,1
ACC-000003,Horton and Sons,Insurance,1-50,0.855,funding_round,37,False,1.0,0.901,1
ACC-000004,Larsen-Castro,Financial Services,1001-5000,0.799,none,13,True,0.0,0.3216,0
ACC-000005,"Silva, Kennedy and Williams",Insurance,1-50,0.802,leadership_change,37,False,1.0,0.379,1
ACC-000006,Phillips Inc,Insurance,51-200,0.885,none,9,False,1.0,0.8304,1
ACC-000007,"Johnson, Meyer and Jenkins",Real Estate,201-1000,0.889,compliance_mandate,32,False,1.0,0.6368,1
ACC-000008,"Pennington, Nguyen and Thompson",Retail,1001-5000,0.414,none,9,True,0.0,0.2515,0
ACC-000009,"Perez, Acevedo and Martinez",Government,1-50,0.608,leadership_change,39,False,1.0,0.7236,1
ACC-000010,Casey Ltd,Legal,51-200,0.823,none,3,False,1.0,0.6102,1
ACC-000011,Johnson-Smith,Government,51-200,0.398,leadership_change,63,False,0.0,0.4252,0
ACC-000012,"Cox, Marshall and Wilson",Financial Services,51-200,0.808,none,18,False,1.0,0.4546,1
ACC-000013,"Howe, Cruz and Lewis",Manufacturing,1001-5000,0.314,none,27,False,0.0,0.4386,0
ACC-000014,Hoover-Francis,Real Estate,51-200,0.819,funding_round,8,False,1.0,0.6025,1
ACC-000015,"Booth, Rogers and Guzman",Manufacturing,1-50,0.406,none,51,False,0.0,0.0279,0
ACC-000016,"Williamson, Nelson and Martin",Retail,51-200,0.458,leadership_change,38,False,1.0,0.6177,0
ACC-000017,Ortiz-Stevens,Healthcare,51-200,0.64,none,2,True,1.0,0.6152,1
ACC-000018,Foster-Parks,Real Estate,1001-5000,0.691,none,33,False,0.0,0.7458,0
ACC-000019,Baker-Smith,Insurance,201-1000,0.638,none,6,False,1.0,0.6255,1
ACC-000020,"Hall, Jones and Willis",Healthcare,1-50,0.702,funding_round,12,False,1.0,0.764,1
ACC-000021,Roberts Group,Technology,201-1000,0.486,none,5,False,1.0,0.4385,0
ACC-000022,Hudson Ltd,Financial Services,1-50,0.872,none,27,False,0.0,0.3634,0
ACC-000023,"Murphy, Tapia and Perkins",Manufacturing,1-50,0.626,funding_round,24,False,0.0,0.2124,0
ACC-000024,Chung-Hall,Insurance,51-200,0.826,none,162,False,1.0,0.4559,1
ACC-000025,Cunningham-Nichols,Manufacturing,201-1000,0.551,none,8,False,0.0,0.3651,0
ACC-000026,Knight Group,Healthcare,51-200,0.682,none,14,False,0.0,0.8128,0
ACC-000027,"Smith, Nelson and Espinoza",Manufacturing,1-50,0.578,compliance_mandate,17,False,1.0,0.6233,1
ACC-000028,Wong PLC,Legal,201-1000,0.894,leadership_change,3,True,1.0,0.8813,1
ACC-000029,Morgan-Quinn,Financial Services,1001-5000,0.708,none,13,False,1.0,0.655,1
ACC-000030,Bullock-Turner,Legal,1001-5000,0.792,tech_refresh,9,False,0.0,0.3759,0
ACC-000031,Curry Group,Government,1-50,0.521,none,5,False,1.0,0.379,1
ACC-000032,"Nguyen, Haas and Benson",Insurance,1001-5000,0.939,compliance_mandate,35,False,0.0,,0
ACC-000033,Hughes-Moore,Insurance,51-200,0.776,funding_round,19,True,1.0,0.8591,1
ACC-000034,Sanchez-Schneider,Retail,1-50,0.253,none,4,False,1.0,0.815,0
ACC-000035,Wolf and Sons,Retail,1-50,0.354,funding_round,104,True,0.0,0.5748,0
ACC-000036,Gill-Chambers,Legal,201-1000,0.853,none,5,True,0.0,,0
ACC-000037,Smith LLC,Legal,1-50,0.911,leadership_change,3,False,1.0,0.8035,1
ACC-000038,Acevedo Group,Insurance,51-200,0.645,compliance_mandate,22,False,1.0,0.5902,1
ACC-000039,Nunez LLC,Retail,1-50,0.342,none,25,False,0.0,0.658,0
ACC-000040,Shields-Beard,Legal,1-50,0.816,none,45,False,1.0,0.6322,1
ACC-000041,"Figueroa, Davis and Macias",Insurance,1-50,0.761,none,60,False,1.0,0.5293,1
ACC-000042,Price PLC,Healthcare,1001-5000,0.474,leadership_change,1,True,1.0,0.7484,0
ACC-000043,"Fleming, Goodwin and King",Insurance,1001-5000,0.672,none,58,False,1.0,0.34,1
ACC-000044,Brewer-Welch,Insurance,201-1000,0.686,none,7,False,0.0,0.3701,0
ACC-000045,"Edwards, Thomas and Mcpherson",Government,1001-5000,0.424,none,30,False,0.0,0.2719,0
ACC-000046,Morrow Inc,Government,1-50,0.459,funding_round,2,False,1.0,0.703,0
ACC-000047,Russell LLC,Government,51-200,0.571,tech_refresh,9,False,1.0,0.7902,1
ACC-000048,Martinez-Young,Manufacturing,1-50,0.421,none,0,False,1.0,0.235,0
ACC-000049,"Smith, Mccall and Anderson",Healthcare,201-1000,0.669,none,5,False,1.0,0.7196,1
ACC-000050,Sanders-Gonzalez,Government,1-50,0.588,none,9,False,1.0,0.7452,1
ACC-000051,Thomas-Sharp,Government,1-50,0.467,compliance_mandate,1,False,1.0,0.7156,0
ACC-000052,Ward LLC,Retail,1001-5000,0.455,tech_refresh,95,False,0.0,,0
ACC-000053,Moreno-Smith,Financial Services,201-1000,0.815,none,34,False,0.0,0.6606,0
ACC-000054,Little-Luna,Insurance,51-200,0.722,funding_round,27,True,1.0,0.8209,1
ACC-000055,"Randolph, Davis and Preston",Government,51-200,0.639,none,8,False,0.0,,0
ACC-000056,Macdonald Inc,Retail,51-200,0.274,none,34,False,0.0,,0
ACC-000057,Hicks Inc,Legal,51-200,1.0,none,86,False,0.0,,0
ACC-000058,"Park, Butler and Chapman",Healthcare,51-200,0.658,none,39,False,1.0,0.3448,1
ACC-000059,Li-Campbell,Government,201-1000,0.577,funding_round,2,False,1.0,0.6038,1
ACC-000060,Williams and Sons,Manufacturing,5000+,0.442,tech_refresh,17,False,1.0,0.5663,0
ACC-000061,Howard-Sampson,Financial Services,201-1000,0.766,tech_refresh,22,False,0.0,0.4664,0
ACC-000062,Silva-Kelly,Financial Services,201-1000,0.772,funding_round,17,False,1.0,0.7145,1
ACC-000063,"Morgan, Andrade and Buck",Financial Services,51-200,0.859,leadership_change,28,False,0.0,0.3676,0
ACC-000064,"Ponce, Davis and Nelson",Healthcare,1-50,0.46,none,59,False,1.0,0.5556,0
ACC-000065,Morse-Friedman,Insurance,201-1000,0.848,none,28,False,1.0,0.6996,1
ACC-000066,Cummings LLC,Manufacturing,51-200,0.432,none,5,False,1.0,0.7177,0
ACC-000067,Thornton-Flores,Legal,51-200,0.885,leadership_change,40,False,1.0,0.421,1
ACC-000068,Fields Ltd,Real Estate,51-200,0.801,tech_refresh,22,False,0.0,0.4205,0
ACC-000069,Hardy-Gates,Government,1-50,0.879,funding_round,5,False,0.0,0.7655,0
ACC-000070,Brooks-Bentley,Financial Services,1-50,1.0,compliance_mandate,68,False,0.0,0.2994,0
ACC-000071,"Bailey, Levy and White",Retail,51-200,0.453,tech_refresh,24,True,0.0,,0
ACC-000072,"Schneider, Reyes and Jordan",Real Estate,1001-5000,0.743,compliance_mandate,0,False,0.0,0.3171,0
ACC-000073,"Jones, Evans and Lowe",Insurance,201-1000,0.767,none,28,True,1.0,0.8366,1
ACC-000074,"Sellers, Morton and Archer",Legal,1-50,0.924,none,116,False,1.0,0.9256,1
ACC-000075,Gonzalez-Lewis,Legal,1-50,0.886,none,29,False,0.0,0.2026,0
ACC-000076,Harding-Atkins,Insurance,1001-5000,0.669,compliance_mandate,59,False,1.0,0.86,1
ACC-000077,"Phillips, Mcguire and Dominguez",Legal,201-1000,1.0,none,24,True,1.0,0.9539,1
ACC-000078,"Green, Wong and Cantrell",Retail,201-1000,0.411,compliance_mandate,7,False,1.0,0.6748,0
ACC-000079,Perez-Young,Technology,1-50,0.507,leadership_change,35,False,1.0,0.8038,1
ACC-000080,"Adams, Wallace and Thomas",Technology,201-1000,0.607,compliance_mandate,19,True,1.0,0.8492,1
ACC-000081,Ray-Reed,Financial Services,1-50,0.786,tech_refresh,53,False,0.0,0.2703,0
ACC-000082,Roach-Nguyen,Legal,51-200,0.943,tech_refresh,12,False,1.0,0.6508,1
ACC-000083,Rodriguez-Mccarthy,Manufacturing,201-1000,0.41,tech_refresh,2,False,1.0,0.5901,0
ACC-000084,Dixon Ltd,Retail,51-200,0.649,none,0,False,0.0,0.1036,0
ACC-000085,"Duncan, Quinn and Miller",Real Estate,51-200,0.84,funding_round,35,False,1.0,0.7577,1
ACC-000086,"Jordan, Richards and Collins",Government,51-200,0.466,none,8,False,1.0,0.4238,0
ACC-000087,"Walker, Patterson and Orr",Healthcare,1-50,0.535,funding_round,45,False,1.0,0.4229,1
ACC-000088,Barajas-Green,Manufacturing,51-200,0.409,none,21,False,0.0,0.692,0
ACC-000089,"Boyle, Erickson and Cruz",Manufacturing,51-200,0.477,leadership_change,5,False,0.0,0.3008,0
ACC-000090,"Cooper, Roberson and Owens",Government,51-200,0.506,none,35,False,1.0,0.5836,1
ACC-000091,"Black, Sawyer and Carlson",Technology,1-50,0.63,compliance_mandate,2,False,1.0,0.6159,1
ACC-000092,"Hughes, Rivera and Wagner",Manufacturing,1-50,0.562,leadership_change,0,False,1.0,0.788,1
ACC-000093,Garrett-Liu,Real Estate,1001-5000,0.964,none,68,True,0.0,0.5957,0
ACC-000094,Harper and Sons,Technology,5000+,0.84,leadership_change,12,False,1.0,0.7793,1
ACC-000095,"Mcclure, Johnson and Lopez",Real Estate,201-1000,0.764,funding_round,0,False,1.0,0.8828,1
ACC-000096,Ramos-Liu,Retail,1-50,0.317,compliance_mandate,17,False,0.0,0.2017,0
ACC-000097,Gaines-Adams,Technology,1-50,0.718,none,8,False,1.0,0.678,1
ACC-000098,"Romero, Adams and Moore",Financial Services,51-200,0.807,none,41,True,1.0,0.77,1
ACC-000099,Hanson-Perez,Real Estate,1-50,0.876,none,55,False,1.0,0.6726,1
ACC-000100,Gonzales-Warren,Financial Services,1-50,0.751,funding_round,42,False,1.0,0.7506,1
ACC-000101,Rivera-Gill,Financial Services,201-1000,0.874,none,19,False,1.0,0.8597,1
ACC-000102,"Baxter, Walker and Chavez",Insurance,51-200,0.786,compliance_mandate,85,False,1.0,0.8542,1
ACC-000103,Collins-Thompson,Government,51-200,0.476,none,4,False,1.0,0.5287,0
ACC-000104,Martinez Ltd,Insurance,201-1000,0.658,none,17,True,1.0,0.8263,1
ACC-000105,"Carrillo, Holmes and Huber",Insurance,5000+,0.816,none,14,True,1.0,0.9635,1
ACC-000106,"Torres, Maynard and Watkins",Real Estate,201-1000,0.823,tech_refresh,20,False,1.0,0.5733,1
ACC-000107,Tucker-Moore,Legal,201-1000,0.944,leadership_change,131,False,1.0,0.6901,1
ACC-000108,Alexander LLC,Technology,1-50,0.79,none,25,False,1.0,0.2411,1
ACC-000109,Cox Ltd,Government,5000+,0.453,none,43,False,0.0,0.2584,0
ACC-000110,Wong PLC,Manufacturing,1-50,0.296,leadership_change,31,False,1.0,0.5338,0
ACC-000111,Madden Group,Real Estate,51-200,0.587,none,19,True,0.0,0.6788,0
ACC-000112,Neal Group,Healthcare,1001-5000,0.715,compliance_mandate,1,False,0.0,0.1133,0
ACC-000113,"Cherry, Turner and Smith",Technology,1-50,0.426,leadership_change,18,False,1.0,0.6489,0
ACC-000114,"Mendoza, Burch and Thompson",Financial Services,201-1000,0.936,none,4,False,1.0,0.8247,1
ACC-000115,Pena Ltd,Government,1001-5000,0.604,none,29,True,0.0,0.4671,0
ACC-000116,Frank-Pittman,Retail,1001-5000,0.564,none,42,False,0.0,0.8498,0
ACC-000117,"Thompson, Thompson and English",Real Estate,1001-5000,0.751,funding_round,9,False,1.0,0.7952,1
ACC-000118,Rodriguez-Miller,Technology,1-50,0.62,none,18,False,1.0,0.7919,1
ACC-000119,"Gibbs, Gomez and Holloway",Government,5000+,0.621,none,6,False,0.0,,0
ACC-000120,"Garza, Wang and Holloway",Healthcare,201-1000,0.442,none,19,False,0.0,0.21,0
ACC-000121,"Bullock, Martinez and Simmons",Insurance,1-50,0.95,none,6,True,1.0,0.5446,1
ACC-000122,"Miller, Obrien and Shaw",Legal,201-1000,1.0,none,46,False,1.0,0.4135,1
ACC-000123,Tyler Inc,Technology,51-200,0.509,compliance_mandate,10,False,1.0,0.5363,1
ACC-000124,"Smith, Compton and Miller",Insurance,51-200,0.442,funding_round,35,False,0.0,0.1066,0
ACC-000125,Clark Inc,Insurance,1-50,0.85,none,32,False,1.0,0.9101,1
ACC-000126,"Hall, King and Greene",Financial Services,201-1000,0.83,none,39,False,1.0,0.93,1
ACC-000127,"Lewis, Lawson and Sanchez",Manufacturing,201-1000,0.398,none,19,True,1.0,0.6534,0
ACC-000128,Glenn Ltd,Real Estate,5000+,0.838,none,0,False,1.0,0.7616,1
ACC-000129,Smith-Doyle,Manufacturing,1-50,0.356,none,1,False,1.0,0.7217,0
ACC-000130,Phillips Inc,Legal,51-200,0.871,none,7,True,1.0,0.8483,1
ACC-000131,"Wilcox, Martinez and Brown",Technology,201-1000,0.441,none,17,False,0.0,0.0839,0
ACC-000132,Mcintyre-Jimenez,Healthcare,1-50,0.526,none,14,False,1.0,0.4475,1
ACC-000133,Craig LLC,Financial Services,51-200,0.932,leadership_change,18,False,1.0,0.8761,1
ACC-000134,Schultz and Sons,Legal,1-50,0.72,leadership_change,21,False,1.0,0.7561,1
ACC-000135,Rollins-Bright,Legal,5000+,0.763,none,20,True,0.0,,0
ACC-000136,Williams and Sons,Manufacturing,1-50,0.483,none,2,True,1.0,0.5015,0
ACC-000137,"Smith, Tate and Harris",Financial Services,1-50,0.58,none,57,False,0.0,0.3063,0
ACC-000138,Parker-Jackson,Retail,1-50,0.512,funding_round,2,False,1.0,0.3515,1
ACC-000139,Waters-Smith,Government,1001-5000,0.601,tech_refresh,62,False,1.0,0.8528,1
ACC-000140,Wood and Sons,Insurance,51-200,0.639,none,74,False,1.0,0.9307,1
ACC-000141,"Stewart, Brown and Gonzales",Insurance,1-50,0.826,none,6,True,1.0,0.8136,1
ACC-000142,Kaiser Group,Retail,1-50,0.333,leadership_change,74,False,1.0,0.7445,0
ACC-000143,Kent LLC,Real Estate,51-200,0.831,funding_round,1,True,0.0,0.4899,0
ACC-000144,Holmes-Roman,Retail,1-50,0.407,tech_refresh,0,True,1.0,0.6947,0
ACC-000145,"Winters, Kelley and Santiago",Retail,5000+,0.507,none,80,False,0.0,0.4858,0
ACC-000146,Chavez LLC,Real Estate,201-1000,0.782,none,43,False,1.0,0.6772,1
ACC-000147,"Martinez, Mitchell and Combs",Technology,201-1000,0.336,none,32,False,1.0,0.4218,0
ACC-000148,Mcclain LLC,Government,1-50,0.499,funding_round,39,False,1.0,0.8463,0
ACC-000149,White-Smith,Government,201-1000,0.732,leadership_change,42,False,1.0,0.6594,1
ACC-000150,Gibbs LLC,Insurance,1-50,0.681,none,61,True,0.0,,0
ACC-000151,Decker Group,Technology,1001-5000,0.502,leadership_change,4,False,1.0,0.8622,1
ACC-000152,"Lopez, Stafford and Esparza",Legal,1-50,0.761,none,55,False,1.0,0.7007,1
ACC-000153,Harding Ltd,Healthcare,51-200,0.636,leadership_change,20,False,1.0,0.8432,1
ACC-000154,"Cole, Koch and Nguyen",Insurance,1-50,0.704,compliance_mandate,21,True,1.0,0.8522,1
ACC-000155,Soto-Wise,Manufacturing,1-50,0.67,none,59,False,1.0,0.8004,1
ACC-000156,Freeman PLC,Government,1001-5000,0.616,none,65,False,1.0,0.9272,1
ACC-000157,Thompson-Le,Retail,51-200,0.516,tech_refresh,51,True,1.0,0.7766,1
ACC-000158,"Caldwell, Hernandez and Mcguire",Real Estate,51-200,0.802,none,3,False,1.0,0.8124,1
ACC-000159,Avila PLC,Real Estate,5000+,0.682,none,120,False,0.0,,0
ACC-000160,Wheeler-Kline,Real Estate,1-50,0.639,none,52,False,1.0,0.2773,1
ACC-000161,Rivera-Reyes,Legal,1-50,0.779,tech_refresh,170,False,1.0,0.7045,1
ACC-000162,Lopez Group,Government,1-50,0.573,leadership_change,66,False,0.0,0.322,0
ACC-000163,"Nunez, Baker and Allen",Financial Services,5000+,0.717,tech_refresh,3,True,1.0,0.7927,1
ACC-000164,"Pham, Duncan and Gordon",Insurance,51-200,0.45,compliance_mandate,40,False,0.0,0.3021,0
ACC-000165,"Gill, Harris and Beard",Legal,1-50,0.905,none,7,False,1.0,0.9163,1
ACC-000166,"Gay, Watson and Collins",Technology,1-50,0.366,none,41,False,1.0,0.5155,0
ACC-000167,Garcia-Morgan,Retail,1-50,0.325,none,62,True,1.0,0.5004,0
ACC-000168,"Thompson, Davies and Charles",Real Estate,1001-5000,0.71,none,2,False,1.0,0.7218,1
ACC-000169,"Martin, Jones and Thomas",Legal,201-1000,1.0,compliance_mandate,23,False,1.0,0.8052,1
ACC-000170,Hood and Sons,Retail,1-50,0.362,tech_refresh,76,False,1.0,0.5295,0
ACC-000171,Hernandez PLC,Legal,51-200,1.0,none,48,False,1.0,0.2925,1
ACC-000172,Brown and Sons,Real Estate,1-50,0.854,none,59,True,1.0,0.713,1
ACC-000173,Werner-Powell,Healthcare,51-200,0.512,none,2,True,1.0,0.5637,1
ACC-000174,"Johnson, Green and Lara",Healthcare,51-200,0.709,none,13,False,1.0,0.7794,1
ACC-000175,Ruiz Ltd,Insurance,1-50,0.398,compliance_mandate,46,False,1.0,0.513,0
ACC-000176,"Washington, Farrell and Kim",Government,5000+,0.461,none,4,False,1.0,0.7363,0
ACC-000177,Barker Inc,Healthcare,201-1000,0.65,leadership_change,21,False,1.0,0.6707,1
ACC-000178,"Bradshaw, Gonzalez and Christensen",Technology,201-1000,0.546,tech_refresh,33,True,1.0,0.6512,1
ACC-000179,Chung and Sons,Real Estate,51-200,0.804,none,15,False,1.0,0.7826,1
ACC-000180,"Ingram, Lee and Jacobson",Healthcare,51-200,0.525,none,14,False,0.0,0.155,0
ACC-000181,Johnson Inc,Insurance,51-200,0.806,none,8,False,0.0,0.3621,0
ACC-000182,Wilkerson LLC,Insurance,1-50,0.581,compliance_mandate,11,False,1.0,0.7667,1
ACC-000183,Medina PLC,Government,51-200,0.542,none,15,False,1.0,0.6683,1
ACC-000184,Smith-Deleon,Retail,51-200,0.442,leadership_change,47,False,0.0,0.432,0
ACC-000185,Hall-Lester,Retail,51-200,0.393,none,9,False,0.0,0.2941,0
ACC-000186,"Noble, Vasquez and Clark",Legal,1-50,0.98,funding_round,68,True,1.0,0.6411,1
ACC-000187,Tucker-Lane,Healthcare,51-200,0.823,leadership_change,63,False,1.0,0.7539,1
ACC-000188,Brown PLC,Insurance,1-50,0.717,none,29,False,1.0,0.693,1
ACC-000189,Carter-Vargas,Retail,1001-5000,0.449,none,56,False,1.0,0.785,0
ACC-000190,"Campos, Thornton and Ruiz",Manufacturing,1-50,0.449,none,32,False,0.0,0.5891,0
ACC-000191,"Ingram, Taylor and Mccullough",Manufacturing,201-1000,0.508,none,62,False,0.0,,0
ACC-000192,Cooper and Sons,Real Estate,5000+,0.881,none,20,False,1.0,0.6999,1
ACC-000193,"Sims, Pena and Meyer",Real Estate,201-1000,0.709,none,67,False,1.0,0.5226,1
ACC-000194,"Walton, Gonzalez and Williams",Legal,5000+,0.751,leadership_change,23,False,1.0,0.6812,1
ACC-000195,Herrera-Hall,Government,51-200,0.777,funding_round,25,False,1.0,0.7886,1
ACC-000196,"Winters, Jennings and Vaughn",Technology,51-200,0.724,compliance_mandate,27,True,1.0,0.8437,1
ACC-000197,Bailey Inc,Manufacturing,1-50,0.321,leadership_change,50,True,0.0,,0
ACC-000198,"Diaz, Miles and Kennedy",Retail,1-50,0.372,tech_refresh,13,True,0.0,0.5555,0
ACC-000199,Porter-Ferguson,Retail,51-200,0.737,tech_refresh,92,True,1.0,0.9173,1
ACC-000200,Berry Inc,Insurance,201-1000,0.757,compliance_mandate,14,True,1.0,0.6888,1
ACC-000201,Moore-Mcdowell,Healthcare,1001-5000,0.728,none,12,False,1.0,0.5214,1
ACC-000202,"Walsh, Ballard and Bautista",Legal,201-1000,0.821,tech_refresh,56,True,1.0,0.785,1
ACC-000203,Burch Ltd,Retail,201-1000,0.517,none,26,False,1.0,0.4833,1
ACC-000204,Ramos-Dean,Healthcare,201-1000,0.518,leadership_change,39,False,1.0,0.3039,1
ACC-000205,Howe LLC,Financial Services,51-200,0.951,leadership_change,88,False,1.0,0.747,1
ACC-000206,Vargas Ltd,Healthcare,1-50,0.659,none,3,False,0.0,0.7042,0
ACC-000207,Daniels-Rodriguez,Insurance,1-50,0.804,none,10,False,1.0,0.4814,1
ACC-000208,Turner-Newman,Financial Services,201-1000,1.0,none,10,False,1.0,0.7221,1
ACC-000209,"Reid, Murphy and Noble",Financial Services,1001-5000,0.818,compliance_mandate,3,False,1.0,0.5928,1
ACC-000210,Stuart-Rodriguez,Technology,1-50,0.554,none,43,False,1.0,0.5109,1
ACC-000211,Cruz PLC,Retail,51-200,0.16,none,40,True,0.0,0.289,0
ACC-000212,Lee LLC,Retail,1-50,0.522,compliance_mandate,33,False,1.0,0.5751,1
ACC-000213,Carter Inc,Financial Services,1-50,0.783,none,20,False,1.0,0.9001,1
ACC-000214,Molina-Hurst,Insurance,1001-5000,0.58,none,85,False,0.0,0.2421,0
ACC-000215,Clayton-Alexander,Insurance,201-1000,0.632,funding_round,216,False,0.0,0.3894,0
ACC-000216,Gutierrez-Davis,Technology,1-50,0.412,none,5,False,1.0,0.7599,0
ACC-000217,Graham-Todd,Financial Services,201-1000,0.658,funding_round,22,False,1.0,0.9001,1
ACC-000218,"Mcgee, Morales and Harrington",Healthcare,51-200,0.753,leadership_change,2,True,1.0,0.8385,1
ACC-000219,Burns PLC,Technology,1-50,0.512,funding_round,16,False,1.0,0.4102,1
ACC-000220,Stokes Inc,Financial Services,51-200,0.819,none,3,False,0.0,0.5775,0
ACC-000221,Parker Group,Technology,1-50,0.439,none,6,False,1.0,0.6718,0
ACC-000222,"Jackson, Johnson and Keith",Financial Services,1-50,0.838,compliance_mandate,38,False,1.0,0.806,1
ACC-000223,West and Sons,Real Estate,1-50,1.0,none,18,False,0.0,0.3018,0
ACC-000224,"White, Brown and Harris",Government,5000+,0.282,none,17,False,1.0,0.5525,0
ACC-000225,Lopez Inc,Government,1-50,0.759,leadership_change,50,False,1.0,0.7121,1
ACC-000226,Parker LLC,Healthcare,1-50,0.713,none,62,False,1.0,0.4054,1
ACC-000227,Blair PLC,Insurance,1001-5000,0.684,tech_refresh,10,False,0.0,0.6726,0
ACC-000228,"Wright, Chapman and Collins",Legal,51-200,0.939,funding_round,3,False,1.0,0.3865,1
ACC-000229,"Reynolds, Bell and Hunter",Insurance,1-50,0.936,compliance_mandate,41,False,0.0,,0
ACC-000230,Cooper-Henry,Retail,51-200,0.408,tech_refresh,36,False,0.0,,0
ACC-000231,Stevens-Yates,Real Estate,51-200,0.916,funding_round,31,False,1.0,0.8342,1
ACC-000232,Mitchell Group,Real Estate,51-200,0.893,none,9,True,1.0,0.6436,1
ACC-000233,Tucker-Paul,Technology,201-1000,0.562,none,63,False,1.0,0.5099,1
ACC-000234,Schroeder-Brown,Technology,1001-5000,0.629,funding_round,38,True,1.0,0.7762,1
ACC-000235,Espinoza Inc,Legal,5000+,0.855,tech_refresh,23,True,1.0,0.7857,1
ACC-000236,"Hernandez, Bartlett and King",Manufacturing,201-1000,0.494,none,40,False,0.0,0.3683,0
ACC-000237,"Roberts, Dawson and Huynh",Financial Services,51-200,0.946,none,3,False,1.0,0.8408,1
ACC-000238,Sullivan-Maxwell,Government,51-200,0.699,none,21,False,1.0,0.6812,1
ACC-000239,"Hill, Jones and Bailey",Government,51-200,0.631,tech_refresh,163,False,1.0,0.1558,1
ACC-000240,Mack Ltd,Government,51-200,0.606,none,23,False,1.0,0.6913,1
ACC-000241,Myers-Mason,Healthcare,51-200,0.62,tech_refresh,12,False,1.0,0.6698,1
ACC-000242,"Hall, Williams and Short",Insurance,51-200,0.608,leadership_change,55,False,1.0,0.5455,1
ACC-000243,"Sanchez, Thomas and Harris",Real Estate,51-200,1.0,none,8,False,0.0,0.2824,0
ACC-000244,Shaw PLC,Real Estate,1-50,0.733,none,27,True,0.0,0.6934,0
ACC-000245,Johnson-James,Retail,51-200,0.435,none,16,True,0.0,0.1503,0
ACC-000246,"May, Brooks and Henson",Technology,1-50,0.655,none,24,False,1.0,0.8284,1
ACC-000247,"Gallagher, Smith and Shepherd",Real Estate,1-50,0.879,compliance_mandate,50,False,1.0,0.6981,1
ACC-000248,Madden Inc,Healthcare,1-50,0.587,tech_refresh,36,True,1.0,0.7193,1
ACC-000249,Pacheco-Brooks,Real Estate,201-1000,0.91,tech_refresh,4,False,1.0,0.5081,1
ACC-000250,Casey Ltd,Retail,1-50,0.487,compliance_mandate,9,False,1.0,0.3504,0
ACC-000251,Rodriguez-Martinez,Government,1001-5000,0.551,none,49,True,1.0,0.8114,1
ACC-000252,Mills-Ball,Healthcare,51-200,0.604,none,22,True,1.0,0.8004,1
ACC-000253,Jones-Howard,Insurance,1001-5000,0.865,compliance_mandate,74,True,1.0,0.93,1
ACC-000254,"Andersen, Bradford and Ramirez",Insurance,51-200,0.771,compliance_mandate,34,False,1.0,0.7661,1
ACC-000255,"Ford, Todd and Anderson",Government,51-200,0.562,none,16,False,1.0,0.6248,1
ACC-000256,Miller Inc,Healthcare,1-50,0.69,none,122,False,0.0,0.2613,0
ACC-000257,"Hughes, Fletcher and Rodriguez",Financial Services,1-50,0.905,none,100,False,1.0,0.6256,1
ACC-000258,Griffin Group,Real Estate,5000+,0.631,none,0,True,0.0,0.4501,0
ACC-000259,Taylor-Turner,Technology,1-50,0.48,funding_round,27,False,1.0,0.573,0
ACC-000260,"Dunlap, Alexander and Martin",Manufacturing,1-50,0.4,funding_round,20,False,1.0,0.6111,0
ACC-000261,"Garcia, Cline and Obrien",Manufacturing,51-200,0.348,none,25,False,1.0,0.8366,0
ACC-000262,Jackson-Owens,Government,201-1000,0.575,none,33,False,1.0,0.5428,1
ACC-000263,"Castaneda, Mayer and Turner",Real Estate,201-1000,0.899,none,21,True,1.0,0.8956,1
ACC-000264,Barker LLC,Retail,1-50,0.296,none,17,False,1.0,0.7309,0
ACC-000265,Gonzalez-Conway,Insurance,51-200,0.395,none,26,False,0.0,0.2912,0
ACC-000266,Young-Alvarez,Insurance,51-200,0.923,funding_round,1,False,1.0,0.6723,1
ACC-000267,"Gates, Price and Bruce",Financial Services,51-200,0.813,none,3,False,1.0,0.471,1
ACC-000268,"Smith, Burke and Hudson",Retail,201-1000,0.576,funding_round,53,False,0.0,,0
ACC-000269,Lawson-Smith,Manufacturing,51-200,0.493,leadership_change,39,False,1.0,0.4729,0
ACC-000270,Gray LLC,Manufacturing,1001-5000,0.455,leadership_change,71,False,1.0,0.6383,0
ACC-000271,West-Weiss,Real Estate,201-1000,0.813,none,25,False,1.0,0.7697,1
ACC-000272,Harris Inc,Legal,1-50,1.0,tech_refresh,6,True,1.0,0.4989,1
ACC-000273,Johnson-Smith,Insurance,1-50,0.818,compliance_mandate,61,False,0.0,,0
ACC-000274,Walker and Sons,Government,51-200,0.435,none,1,False,0.0,0.2184,0
ACC-000275,Davis-Wells,Healthcare,1-50,0.575,leadership_change,7,False,1.0,0.8956,1
ACC-000276,Wall-Mccoy,Legal,201-1000,0.985,none,95,False,1.0,0.7575,1
ACC-000277,Miles-Eaton,Government,51-200,0.64,none,6,False,1.0,0.6338,1
ACC-000278,Fletcher Ltd,Insurance,51-200,0.766,none,37,False,1.0,0.5828,1
ACC-000279,"Simpson, Martinez and Williamson",Retail,51-200,0.198,leadership_change,21,False,0.0,0.4992,0
ACC-000280,Collins PLC,Manufacturing,1001-5000,0.298,funding_round,66,False,0.0,,0
ACC-000281,Thomas LLC,Manufacturing,201-1000,0.579,none,1,False,1.0,0.6611,1
ACC-000282,"Little, Lewis and Shields",Technology,51-200,0.587,funding_round,116,True,1.0,0.9233,1
ACC-000283,Gibbs Inc,Technology,1-50,0.64,compliance_mandate,42,False,1.0,0.7598,1
ACC-000284,Gould Group,Healthcare,1-50,0.814,tech_refresh,9,False,1.0,0.8249,1
ACC-000285,"Mays, Reynolds and Blanchard",Real Estate,1-50,0.847,none,2,False,1.0,0.7005,1
ACC-000286,"Taylor, Jenkins and Bowers",Retail,1001-5000,0.325,none,10,False,1.0,0.8865,0
ACC-000287,"Cabrera, Hayes and Thornton",Real Estate,1-50,0.753,none,50,False,1.0,0.5912,1
ACC-000288,"Foster, Diaz and Graham",Real Estate,1-50,0.66,none,14,False,0.0,,0
ACC-000289,Adams-Hamilton,Legal,1-50,0.874,leadership_change,41,False,1.0,0.7823,1
ACC-000290,"Savage, Chen and Robinson",Government,1-50,0.723,tech_refresh,1,False,1.0,0.8139,1
ACC-000291,"Parks, Watkins and Johnson",Healthcare,51-200,0.716,none,25,False,1.0,0.6211,1
ACC-000292,Hopkins-Serrano,Healthcare,1-50,0.532,none,21,False,1.0,0.8207,1
ACC-000293,Newton Group,Real Estate,201-1000,0.712,tech_refresh,13,False,1.0,0.9131,1
ACC-000294,Johnson-Mcguire,Legal,1-50,0.772,leadership_change,8,False,0.0,0.3778,0
ACC-000295,Morris-Munoz,Insurance,1-50,0.713,none,3,False,1.0,0.8253,1
ACC-000296,Hart Inc,Healthcare,1001-5000,0.685,none,10,True,1.0,0.852,1
ACC-000297,Harper Ltd,Insurance,5000+,0.814,none,149,False,1.0,0.5335,1
ACC-000298,"Norris, Murphy and Taylor",Legal,1-50,0.906,leadership_change,12,False,0.0,0.2937,0
ACC-000299,Eaton-Black,Financial Services,1001-5000,0.569,none,4,False,1.0,0.7684,1
ACC-000300,Brown LLC,Technology,201-1000,0.568,none,24,False,1.0,0.6264,1
ACC-000301,Martin-Smith,Legal,201-1000,1.0,compliance_mandate,10,False,1.0,0.8376,1
ACC-000302,Wilson LLC,Financial Services,201-1000,0.795,none,10,False,1.0,0.8021,1
ACC-000303,Thompson Inc,Government,51-200,0.74,none,138,False,1.0,0.5432,1
ACC-000304,"Burton, Hill and Walters",Government,201-1000,0.554,none,5,False,0.0,0.6107,0
ACC-000305,Santana and Sons,Legal,5000+,0.99,tech_refresh,61,False,1.0,0.7909,1
ACC-000306,Gardner-Casey,Real Estate,51-200,0.943,none,1,False,1.0,0.8855,1
ACC-000307,Palmer and Sons,Manufacturing,1-50,0.366,none,24,False,1.0,0.6473,0
ACC-000308,Clarke-Williams,Government,201-1000,0.406,funding_round,58,False,1.0,0.6695,0
ACC-000309,Phillips Ltd,Legal,1-50,0.72,leadership_change,11,False,1.0,0.8276,1
ACC-000310,Parker Inc,Technology,51-200,0.485,none,44,False,0.0,0.5639,0
ACC-000311,Black-Torres,Financial Services,1-50,0.661,compliance_mandate,47,False,1.0,0.7418,1
ACC-000312,Smith PLC,Legal,51-200,0.844,none,10,True,1.0,0.4405,1
ACC-000313,Hawkins-Wilson,Healthcare,5000+,0.591,funding_round,58,False,0.0,0.8204,0
ACC-000314,Preston-Hanna,Financial Services,51-200,0.881,none,20,False,0.0,0.8022,0
ACC-000315,"Lewis, Sims and Garcia",Technology,51-200,0.627,none,120,False,1.0,0.5562,1
ACC-000316,"Harrington, Ross and Richards",Retail,51-200,0.473,none,5,True,0.0,0.6445,0
ACC-000317,"Hunt, Boyer and Hall",Insurance,1-50,0.981,none,1,False,0.0,0.6393,0
ACC-000318,"Fox, Powers and Thompson",Retail,201-1000,0.405,compliance_mandate,40,False,0.0,0.3205,0
ACC-000319,Carter Group,Manufacturing,201-1000,0.388,none,21,True,1.0,0.6357,0
ACC-000320,"Olson, Barnes and Brooks",Real Estate,1-50,0.753,none,24,False,1.0,0.6802,1
ACC-000321,Cruz Inc,Government,201-1000,0.507,none,12,False,1.0,0.6346,1
ACC-000322,Snyder Inc,Retail,201-1000,0.326,none,37,False,1.0,0.5483,0
ACC-000323,Cruz Inc,Healthcare,51-200,0.855,funding_round,41,True,1.0,0.9664,1
ACC-000324,Tapia PLC,Legal,201-1000,0.824,none,33,False,0.0,,0
ACC-000325,Mendoza-Mendoza,Retail,1-50,0.501,none,79,False,1.0,0.5648,1
ACC-000326,Meyers PLC,Government,51-200,0.609,none,28,False,1.0,0.5838,1
ACC-000327,Ellis-Gallagher,Government,5000+,0.438,none,26,False,1.0,0.3938,0
ACC-000328,"Thompson, Hart and Noble",Healthcare,51-200,0.358,tech_refresh,25,False,1.0,0.4114,0
ACC-000329,Compton-Peterson,Financial Services,5000+,0.659,none,19,True,1.0,0.5396,1
ACC-000330,"Carr, Peterson and Henderson",Manufacturing,51-200,0.414,leadership_change,2,False,1.0,0.3954,0
ACC-000331,Hart-Moore,Financial Services,1-50,0.782,none,31,False,0.0,,0
ACC-000332,Choi-Martinez,Real Estate,51-200,0.811,none,12,False,1.0,0.7973,1
ACC-000333,"Moon, Shaw and King",Manufacturing,201-1000,0.565,tech_refresh,17,False,1.0,0.8004,1
ACC-000334,"Nicholson, Turner and Vazquez",Real Estate,1-50,0.745,tech_refresh,51,False,1.0,0.6254,1
ACC-000335,Joyce-Lawson,Legal,201-1000,0.647,tech_refresh,19,False,1.0,0.8422,1
ACC-000336,Morales Ltd,Retail,51-200,0.503,tech_refresh,77,False,1.0,0.7941,1
ACC-000337,Thomas PLC,Government,51-200,0.65,funding_round,18,False,0.0,,0
ACC-000338,"Aguirre, Sullivan and Davis",Real Estate,201-1000,0.692,none,10,True,1.0,0.9345,1
ACC-000339,Collier-Robinson,Real Estate,1001-5000,0.643,none,198,False,1.0,0.6379,1
ACC-000340,"Hunt, Parsons and Morgan",Healthcare,51-200,0.573,funding_round,6,True,1.0,0.6099,1
ACC-000341,Montgomery and Sons,Financial Services,1-50,0.767,none,46,True,1.0,0.7499,1
ACC-000342,"French, Gross and Wilson",Technology,51-200,0.42,none,13,False,1.0,0.7071,0
ACC-000343,"Frank, Simpson and Richardson",Manufacturing,1-50,0.425,tech_refresh,63,True,1.0,0.7682,0
ACC-000344,"Reeves, Williams and Martin",Insurance,201-1000,0.676,funding_round,43,False,1.0,0.8314,1
ACC-000345,"Robles, Perez and Ford",Healthcare,51-200,0.867,none,35,True,1.0,0.7924,1
ACC-000346,Thomas Inc,Financial Services,201-1000,0.862,none,22,False,1.0,0.7862,1
ACC-000347,"Johnson, Johnson and Arroyo",Real Estate,201-1000,0.613,leadership_change,9,False,0.0,0.5787,0
ACC-000348,Vargas-Simon,Manufacturing,1-50,0.418,none,22,False,1.0,0.5219,0
ACC-000349,"Arnold, Wood and Johnston",Manufacturing,1-50,0.321,tech_refresh,2,False,1.0,0.7806,0
ACC-000350,Patton Group,Technology,5000+,0.411,none,68,False,0.0,0.5202,0
ACC-000351,Summers-Mitchell,Financial Services,1001-5000,0.756,funding_round,4,False,1.0,0.9346,1
ACC-000352,"Parker, Mcclure and Davis",Financial Services,201-1000,0.776,funding_round,10,False,1.0,0.8455,1
ACC-000353,Harris-Ayala,Manufacturing,1-50,0.573,compliance_mandate,15,False,1.0,0.6201,1
ACC-000354,"Carter, Lara and Mcpherson",Technology,5000+,0.428,none,10,False,1.0,0.3945,0
ACC-000355,Gross PLC,Legal,51-200,0.796,leadership_change,9,False,1.0,0.8147,1
ACC-000356,Taylor-Knapp,Manufacturing,1001-5000,0.369,funding_round,46,False,0.0,0.3202,0
ACC-000357,Carey LLC,Real Estate,201-1000,0.538,none,2,False,1.0,0.7329,1
ACC-000358,"Taylor, Wang and Burns",Government,1-50,0.84,leadership_change,1,False,0.0,0.5025,0
ACC-000359,Wilson Inc,Real Estate,1001-5000,0.826,compliance_mandate,5,False,1.0,0.7564,1
ACC-000360,Macdonald-Salas,Legal,1-50,0.92,none,3,True,1.0,0.898,1
ACC-000361,"Glenn, Murphy and Wolf",Manufacturing,201-1000,0.508,none,15,False,0.0,0.4034,0
ACC-000362,Reyes LLC,Retail,51-200,0.363,none,35,False,1.0,0.7043,0
ACC-000363,Burke-Torres,Real Estate,201-1000,0.573,none,23,False,1.0,0.845,1
ACC-000364,"Collins, Farmer and Dalton",Legal,1001-5000,0.904,none,24,True,0.0,,0
ACC-000365,Johnson Inc,Real Estate,51-200,0.708,none,2,False,1.0,0.739,1
ACC-000366,"Howard, Walker and Flynn",Government,1-50,0.716,leadership_change,2,False,1.0,0.7361,1
ACC-000367,Smith-Wyatt,Insurance,201-1000,0.686,tech_refresh,0,False,1.0,0.8506,1
ACC-000368,Washington LLC,Insurance,1-50,0.581,tech_refresh,1,False,1.0,0.7937,1
ACC-000369,Smith Ltd,Technology,1001-5000,0.625,none,58,False,1.0,0.576,1
ACC-000370,"Dalton, Herrera and Smith",Financial Services,1-50,1.0,none,57,True,1.0,0.7571,1
ACC-000371,Gonzalez and Sons,Healthcare,51-200,0.707,none,39,False,0.0,0.3498,0
ACC-000372,Chang PLC,Government,1001-5000,0.423,none,42,False,1.0,0.7439,0
ACC-000373,Hurst Ltd,Technology,51-200,0.707,none,28,True,1.0,0.8533,1
ACC-000374,Reeves and Sons,Real Estate,1-50,0.744,none,124,False,1.0,0.7101,1
ACC-000375,Shannon PLC,Real Estate,51-200,0.879,leadership_change,31,False,1.0,0.7727,1
ACC-000376,"Hawkins, Moore and Cooper",Financial Services,51-200,0.91,tech_refresh,15,True,1.0,0.7117,1
ACC-000377,Patel LLC,Government,51-200,0.739,none,60,True,0.0,,0
ACC-000378,Atkinson PLC,Legal,5000+,0.683,leadership_change,50,False,1.0,0.5924,1
ACC-000379,Duncan-Dyer,Government,51-200,0.633,none,22,True,0.0,0.5697,0
ACC-000380,Thomas-Snyder,Technology,1-50,0.614,none,2,True,0.0,0.4806,0
ACC-000381,Patterson-Mccoy,Manufacturing,1-50,0.419,none,21,True,1.0,0.9071,0
ACC-000382,"Johnson, Morales and Brown",Insurance,51-200,0.491,none,2,True,1.0,0.7445,0
ACC-000383,Walton-Rice,Real Estate,1-50,0.819,tech_refresh,32,False,0.0,0.3981,0
ACC-000384,Webb-Willis,Government,51-200,0.656,leadership_change,43,False,1.0,0.5877,1
ACC-000385,"Cannon, Henderson and Wright",Technology,51-200,0.561,compliance_mandate,29,False,1.0,0.7849,1
ACC-000386,Hickman and Sons,Technology,5000+,0.581,none,18,True,1.0,0.8825,1
ACC-000387,Wade LLC,Financial Services,201-1000,0.789,funding_round,104,True,1.0,0.8669,1
ACC-000388,Novak-Smith,Retail,51-200,0.46,none,3,False,1.0,0.7872,0
ACC-000389,"Cook, Johnson and Torres",Legal,51-200,0.908,none,9,False,1.0,0.7583,1
ACC-000390,Hall PLC,Retail,51-200,0.303,none,34,True,1.0,0.7941,0
ACC-000391,"Garrison, Kelly and Porter",Legal,51-200,0.837,none,10,False,1.0,0.9145,1
ACC-000392,"Stevenson, Stewart and Oneal",Retail,201-1000,0.439,compliance_mandate,11,False,1.0,0.5314,0
ACC-000393,Singh-Harmon,Insurance,1-50,0.788,funding_round,10,False,1.0,0.6342,1
ACC-000394,Nichols-Paul,Insurance,51-200,0.664,none,40,False,1.0,0.4749,1
ACC-000395,Garcia-Daugherty,Healthcare,1-50,0.665,none,40,True,1.0,0.9363,1
ACC-000396,"Jacobs, Flores and Robinson",Real Estate,1001-5000,0.872,none,39,False,1.0,0.6024,1
ACC-000397,Lewis-Brooks,Insurance,51-200,0.687,none,28,False,1.0,0.6269,1
ACC-000398,Phillips and Sons,Retail,1-50,0.738,tech_refresh,20,False,1.0,0.8083,1
ACC-000399,Dyer PLC,Insurance,51-200,0.621,none,14,False,1.0,0.6896,1
ACC-000400,Warren PLC,Government,201-1000,0.661,none,15,False,1.0,0.6982,1
ACC-000401,"Martin, Lutz and Hall",Legal,201-1000,0.677,tech_refresh,54,False,0.0,,0
ACC-000402,Fry Group,Technology,51-200,0.791,none,17,True,0.0,0.5466,0
ACC-000403,"Martinez, Burgess and Cole",Healthcare,51-200,0.654,none,5,False,1.0,0.7645,1
ACC-000404,Johnson and Sons,Legal,51-200,0.802,none,89,False,1.0,0.8753,1
ACC-000405,Ruiz Inc,Manufacturing,51-200,0.58,none,124,False,0.0,0.5193,0
ACC-000406,Hunter-Hernandez,Real Estate,51-200,0.895,tech_refresh,6,True,1.0,0.3678,1
ACC-000407,Goodman-Ware,Financial Services,51-200,0.852,leadership_change,69,False,0.0,,0
ACC-000408,"Johnson, Mejia and Kirby",Government,201-1000,0.508,leadership_change,56,False,1.0,0.585,1
ACC-000409,Howard Ltd,Government,1-50,0.618,none,52,False,1.0,0.4859,1
ACC-000410,Lindsey Ltd,Technology,1-50,0.396,leadership_change,4,True,1.0,0.2468,0
ACC-000411,Palmer-Graham,Real Estate,1001-5000,0.789,none,19,False,1.0,0.2545,1
ACC-000412,"Fitzgerald, Powell and Preston",Healthcare,201-1000,0.763,none,1,False,1.0,0.2485,1
ACC-000413,Avery Group,Retail,1-50,0.393,leadership_change,69,False,0.0,0.0333,0
ACC-000414,Mcconnell PLC,Healthcare,51-200,0.774,none,7,False,0.0,0.5579,0
ACC-000415,"Perry, Cole and Petersen",Technology,51-200,0.616,tech_refresh,5,False,1.0,0.9219,1
ACC-000416,Wall-Simmons,Financial Services,51-200,0.945,none,115,False,1.0,0.9099,1
ACC-000417,Cross Ltd,Healthcare,1001-5000,0.7,none,42,True,1.0,0.723,1
ACC-000418,Collins PLC,Legal,5000+,0.747,none,11,False,1.0,0.695,1
ACC-000419,Paul-Hernandez,Legal,51-200,0.902,compliance_mandate,5,False,1.0,0.8202,1
ACC-000420,"Rojas, Barry and Butler",Financial Services,1001-5000,1.0,funding_round,5,True,1.0,0.8018,1
ACC-000421,"Hill, Wright and Pena",Retail,1-50,0.544,none,65,True,1.0,0.5944,1
ACC-000422,Prince and Sons,Insurance,1001-5000,0.689,none,6,False,1.0,0.6757,1
ACC-000423,Taylor-Morrison,Government,1-50,0.548,none,17,False,1.0,0.553,1
ACC-000424,"James, Rose and Brown",Financial Services,5000+,0.881,compliance_mandate,0,False,1.0,0.6328,1
ACC-000425,Garrett-Jones,Technology,1001-5000,0.61,leadership_change,20,False,1.0,0.6459,1
ACC-000426,Velez PLC,Financial Services,51-200,0.9,none,32,False,1.0,0.7051,1
ACC-000427,Johnson-Hansen,Real Estate,51-200,0.862,compliance_mandate,8,True,1.0,0.7397,1
ACC-000428,Johnson-Jones,Technology,1001-5000,0.364,none,0,True,1.0,0.4844,0
ACC-000429,Patton-Malone,Retail,201-1000,0.732,none,5,True,1.0,0.6688,1
ACC-000430,Pugh PLC,Government,201-1000,0.353,none,18,False,1.0,0.1013,0
ACC-000431,Le PLC,Manufacturing,1-50,0.367,none,31,False,1.0,0.8081,0
ACC-000432,Butler Group,Healthcare,201-1000,0.674,compliance_mandate,19,False,0.0,0.5802,0
ACC-000433,Mason Group,Government,1-50,0.745,tech_refresh,42,False,0.0,,0
ACC-000434,"Meyer, Bennett and Morrow",Technology,51-200,0.854,none,7,False,1.0,0.5043,1
ACC-000435,"Lopez, Lawson and Howell",Real Estate,1-50,0.895,none,12,False,1.0,0.7738,1
ACC-000436,"Spencer, Evans and Hicks",Government,1001-5000,0.307,none,29,False,1.0,0.4253,0
ACC-000437,Sampson-Brown,Financial Services,201-1000,0.817,leadership_change,99,False,1.0,0.6837,1
ACC-000438,Mercer and Sons,Insurance,5000+,0.557,funding_round,44,False,1.0,0.5346,1
ACC-000439,"Hebert, Marquez and Walsh",Retail,5000+,0.485,none,28,False,1.0,0.4682,0
ACC-000440,Thompson Ltd,Government,1-50,0.578,funding_round,30,False,1.0,0.9356,1
ACC-000441,"Walters, Rios and Fitzpatrick",Manufacturing,201-1000,0.484,leadership_change,78,False,1.0,0.4983,0
ACC-000442,"Barajas, Anderson and White",Financial Services,1-50,0.885,none,68,False,1.0,0.7553,1
ACC-000443,"Flores, Lee and Walker",Manufacturing,1-50,0.639,none,102,False,1.0,0.5147,1
ACC-000444,Barnett-Cantrell,Real Estate,51-200,0.724,none,23,False,1.0,0.706,1
ACC-000445,"Mills, Spencer and Ramirez",Manufacturing,51-200,0.636,none,7,True,0.0,0.5373,0
ACC-000446,May-Reyes,Healthcare,5000+,0.648,none,2,False,1.0,0.6115,1
ACC-000447,Gonzalez Group,Real Estate,1001-5000,0.812,leadership_change,21,True,1.0,0.7115,1
ACC-000448,Fernandez Ltd,Insurance,5000+,0.783,none,16,False,1.0,0.4375,1
ACC-000449,Parker-Bradley,Manufacturing,51-200,0.333,none,45,False,1.0,0.7234,0
ACC-000450,Pruitt Inc,Healthcare,201-1000,0.742,compliance_mandate,13,True,1.0,0.7776,1
ACC-000451,Pope LLC,Financial Services,5000+,0.751,none,32,False,0.0,,0
ACC-000452,"Terrell, Blackburn and Carlson",Retail,1-50,0.17,none,126,True,0.0,0.6685,0
ACC-000453,"Richardson, Maldonado and Walker",Real Estate,1-50,0.716,none,21,False,1.0,0.8285,1
ACC-000454,Foley-Mcintyre,Government,201-1000,0.545,none,6,False,1.0,0.659,1
ACC-000455,"Whitehead, Caldwell and Hernandez",Real Estate,201-1000,0.556,funding_round,62,True,1.0,0.7467,1
ACC-000456,Combs-Welch,Financial Services,51-200,0.876,none,0,False,1.0,0.7131,1
ACC-000457,Meyer LLC,Insurance,51-200,0.852,none,10,False,1.0,0.7978,1
ACC-000458,Nelson PLC,Government,5000+,0.516,none,22,False,1.0,0.4517,1
ACC-000459,"Booker, Miller and Bauer",Real Estate,51-200,0.785,tech_refresh,7,False,1.0,0.511,1
ACC-000460,Long-Payne,Insurance,1-50,0.871,none,54,False,1.0,0.7867,1
ACC-000461,Fuentes-Russo,Financial Services,201-1000,0.893,funding_round,9,True,1.0,0.9155,1
ACC-000462,"Jenkins, Pace and Snyder",Retail,201-1000,0.497,none,23,False,1.0,0.6094,0
ACC-000463,Hernandez-Blevins,Financial Services,1001-5000,0.917,funding_round,27,False,1.0,0.9,1
ACC-000464,"Price, Palmer and Pope",Insurance,5000+,0.724,compliance_mandate,2,True,1.0,0.7566,1
ACC-000465,Fuller-Rowe,Healthcare,1-50,0.605,none,3,False,1.0,0.7296,1
ACC-000466,"Hunter, Keller and Day",Financial Services,201-1000,0.867,funding_round,3,False,1.0,0.575,1
ACC-000467,"Lucas, King and Adams",Real Estate,1001-5000,0.605,none,50,False,1.0,0.7688,1
ACC-000468,"Sweeney, Long and Hopkins",Real Estate,201-1000,0.894,leadership_change,2,True,1.0,0.8519,1
ACC-000469,Cuevas-Williams,Real Estate,201-1000,0.592,funding_round,26,False,0.0,0.4023,0
ACC-000470,Morgan and Sons,Insurance,51-200,0.797,none,23,True,0.0,,0
ACC-000471,"Castro, Lee and Carson",Government,1001-5000,0.779,tech_refresh,14,False,1.0,0.6473,1
ACC-000472,"Archer, Long and York",Real Estate,5000+,0.687,none,29,False,1.0,0.8588,1
ACC-000473,"Carter, Vincent and Smith",Legal,1-50,1.0,none,16,False,0.0,0.8649,0
ACC-000474,"Mckay, Fisher and Perez",Technology,51-200,0.452,none,2,False,0.0,0.5381,0
ACC-000475,Simon Ltd,Manufacturing,1-50,0.566,leadership_change,11,False,1.0,0.472,1
ACC-000476,"Miller, Wolf and Hernandez",Real Estate,201-1000,0.875,compliance_mandate,60,False,1.0,0.4002,1
ACC-000477,"Dougherty, Fisher and Dickerson",Retail,201-1000,0.301,tech_refresh,5,False,0.0,0.2859,0
ACC-000478,Anderson PLC,Technology,1-50,0.719,none,21,False,1.0,0.4205,1
ACC-000479,Sanford-Lynch,Financial Services,51-200,0.731,compliance_mandate,2,False,1.0,0.5988,1
ACC-000480,"Weeks, Smith and Newton",Real Estate,201-1000,0.728,none,36,False,1.0,0.7292,1
ACC-000481,Richardson and Sons,Technology,51-200,0.662,compliance_mandate,9,False,0.0,0.428,0
ACC-000482,Jackson LLC,Manufacturing,1001-5000,0.475,funding_round,5,False,0.0,0.1242,0
ACC-000483,Hernandez-Bush,Government,1-50,0.502,none,3,False,1.0,0.7373,1
ACC-000484,Krause-Wilson,Real Estate,1001-5000,0.937,compliance_mandate,16,False,1.0,0.8247,1
ACC-000485,Mata-Ruiz,Real Estate,1-50,0.774,compliance_mandate,82,False,1.0,0.0738,1
ACC-000486,"Scott, Holland and Phillips",Financial Services,1001-5000,0.735,none,59,False,1.0,0.4778,1
ACC-000487,"Mitchell, Randolph and Brown",Real Estate,1-50,0.835,tech_refresh,16,False,0.0,0.614,0
ACC-000488,"Miller, Crawford and Glover",Government,1001-5000,0.501,none,109,False,1.0,0.6837,1
ACC-000489,"Lawrence, Vaughn and Ellison",Healthcare,51-200,0.704,none,19,True,1.0,0.5828,1
ACC-000490,"Hernandez, Fernandez and Scott",Legal,201-1000,0.914,none,66,True,1.0,0.8474,1
ACC-000491,"Kelley, Boyd and Patterson",Retail,1-50,0.483,none,52,False,0.0,0.5774,0
ACC-000492,"Davis, Armstrong and Haynes",Government,51-200,0.788,funding_round,2,False,1.0,0.7065,1
ACC-000493,Greene Ltd,Healthcare,1-50,0.623,none,38,False,1.0,0.8463,1
ACC-000494,Robinson LLC,Retail,51-200,0.371,none,35,False,1.0,0.379,0
ACC-000495,"Shelton, Miller and Knight",Healthcare,1-50,0.642,leadership_change,78,False,1.0,0.8172,1
ACC-000496,"Espinoza, Cohen and Torres",Technology,51-200,0.597,tech_refresh,5,False,1.0,0.792,1
ACC-000497,Hernandez Ltd,Retail,1-50,0.542,none,42,False,0.0,,0
ACC-000498,Mccarthy-Dean,Government,1-50,0.586,compliance_mandate,2,False,1.0,0.779,1
ACC-000499,Hardy-Herman,Insurance,51-200,0.733,none,2,True,0.0,0.3135,0
ACC-000500,Ramirez LLC,Technology,1-50,0.571,none,10,False,0.0,0.211,0
ACC-000501,"Woodard, Gonzales and Davis",Healthcare,201-1000,0.606,tech_refresh,9,False,0.0,0.4107,0
ACC-000502,Durham-Hicks,Retail,201-1000,0.244,compliance_mandate,37,False,1.0,0.4778,0
ACC-000503,"Valdez, Schultz and Duncan",Financial Services,51-200,0.737,leadership_change,4,False,1.0,0.6609,1
ACC-000504,Johnson Inc,Manufacturing,1-50,0.572,leadership_change,6,True,0.0,0.4855,0
ACC-000505,Garcia-Merritt,Healthcare,1-50,0.74,none,4,False,1.0,0.4855,1
ACC-000506,"Ingram, Miller and Brooks",Technology,51-200,0.406,tech_refresh,2,False,0.0,0.1214,0
ACC-000507,"Burgess, Bailey and Black",Legal,1-50,0.817,tech_refresh,13,False,1.0,0.8434,1
ACC-000508,Jones Ltd,Legal,1001-5000,0.681,none,24,False,1.0,0.8518,1
ACC-000509,Medina LLC,Healthcare,1001-5000,0.719,funding_round,42,False,1.0,0.7534,1
ACC-000510,Casey Ltd,Technology,1-50,0.494,none,68,False,0.0,0.6398,0
ACC-000511,Lyons-Porter,Real Estate,1-50,0.86,none,0,False,0.0,,0
ACC-000512,Washington-Carlson,Retail,51-200,0.331,compliance_mandate,19,False,1.0,0.7363,0
ACC-000513,Alexander Inc,Real Estate,5000+,0.738,none,61,False,1.0,0.3554,1
ACC-000514,Miller-Duke,Insurance,51-200,0.819,none,46,True,1.0,0.8572,1
ACC-000515,Weaver Inc,Real Estate,51-200,0.682,tech_refresh,1,False,1.0,0.6562,1
ACC-000516,"Adams, Johnson and Sawyer",Insurance,1-50,0.585,none,40,False,1.0,0.5645,1
ACC-000517,Johnson-Harris,Technology,51-200,0.551,none,2,False,1.0,0.7457,1
ACC-000518,Brown-Sullivan,Legal,51-200,0.715,none,51,True,0.0,,0
ACC-000519,Warren Group,Legal,1-50,0.886,tech_refresh,22,False,1.0,0.8855,1
ACC-000520,"Henry, Robinson and Carter",Technology,1-50,0.668,none,41,False,0.0,0.3385,0
ACC-000521,Edwards Inc,Insurance,51-200,0.817,none,12,False,1.0,0.3849,1
ACC-000522,Jones Inc,Manufacturing,5000+,0.37,leadership_change,4,False,1.0,0.7872,0
ACC-000523,Robinson LLC,Financial Services,201-1000,0.967,none,2,False,1.0,0.573,1
ACC-000524,Jackson PLC,Government,201-1000,0.789,none,4,False,0.0,0.322,0
ACC-000525,Miller Group,Financial Services,1-50,0.674,leadership_change,39,False,1.0,0.7379,1
ACC-000526,Ho Inc,Real Estate,51-200,0.861,funding_round,27,False,1.0,0.5444,1
ACC-000527,"Foley, Madden and Flores",Retail,51-200,0.319,none,6,True,1.0,0.8668,0
ACC-000528,Rodriguez-Carroll,Healthcare,1-50,0.586,none,25,False,1.0,0.6758,1
ACC-000529,Bryant-Harris,Insurance,51-200,0.84,tech_refresh,98,True,1.0,0.5278,1
ACC-000530,Morrison-Myers,Financial Services,1-50,0.802,none,7,True,1.0,0.9146,1
ACC-000531,"Smith, Williams and Lopez",Retail,1-50,0.32,tech_refresh,4,False,1.0,0.4403,0
ACC-000532,"Carney, Webb and Schultz",Healthcare,51-200,0.747,none,15,True,1.0,0.7808,1
ACC-000533,George-Horne,Legal,51-200,0.851,none,57,False,1.0,0.9106,1
ACC-000534,Smith-Morton,Real Estate,201-1000,0.742,leadership_change,37,False,1.0,0.8165,1
ACC-000535,Fernandez-Watkins,Government,1-50,0.833,funding_round,7,False,1.0,0.7882,1
ACC-000536,Wilcox Group,Technology,51-200,0.577,funding_round,122,False,1.0,0.6952,1
ACC-000537,"Chavez, Hall and Wright",Financial Services,51-200,0.946,funding_round,21,False,1.0,0.8573,1
ACC-000538,"Martin, Baxter and Cabrera",Healthcare,5000+,0.791,compliance_mandate,39,False,0.0,0.5536,0
ACC-000539,Brown-Rice,Healthcare,201-1000,0.821,leadership_change,69,True,1.0,0.4873,1
ACC-000540,"Willis, Chase and Torres",Legal,201-1000,0.865,compliance_mandate,12,False,1.0,0.5515,1
ACC-000541,Johnson-Johnson,Financial Services,1-50,0.937,tech_refresh,2,False,1.0,0.8885,1
ACC-000542,"Wong, Ramirez and Shaffer",Real Estate,51-200,0.498,none,41,False,0.0,0.3297,0
ACC-000543,Roy-Allen,Legal,1-50,0.922,compliance_mandate,42,False,1.0,0.6458,1
ACC-000544,Kelly-James,Technology,1-50,0.553,none,22,True,1.0,0.6182,1
ACC-000545,"Boyer, Schultz and Daniel",Government,1-50,0.594,none,40,False,0.0,0.2146,0
ACC-000546,Russell PLC,Technology,201-1000,0.389,none,12,False,0.0,,0
ACC-000547,Rogers LLC,Technology,1-50,0.539,none,26,False,1.0,0.8073,1
ACC-000548,Moran Inc,Manufacturing,51-200,0.621,none,21,False,1.0,0.5292,1
ACC-000549,"Hayes, Petersen and Flores",Manufacturing,51-200,0.527,none,101,False,1.0,0.6624,1
ACC-000550,Hawkins PLC,Financial Services,51-200,0.705,leadership_change,4,True,1.0,0.8966,1
ACC-000551,Hicks Ltd,Technology,5000+,0.633,leadership_change,118,False,1.0,0.7456,1
ACC-000552,"Jones, Hoffman and Gibbs",Manufacturing,201-1000,0.577,none,6,True,1.0,0.9208,1
ACC-000553,Hart-Thomas,Real Estate,201-1000,0.749,leadership_change,11,False,1.0,0.549,1
ACC-000554,Vance LLC,Technology,51-200,0.595,compliance_mandate,125,False,1.0,0.6593,1
ACC-000555,Hernandez-Henry,Technology,5000+,0.73,none,3,False,1.0,0.8933,1
ACC-000556,Callahan LLC,Manufacturing,1-50,0.538,none,40,False,0.0,0.4037,0
ACC-000557,Patton Ltd,Legal,201-1000,0.969,none,23,True,1.0,0.6016,1
ACC-000558,Moon-Hunter,Financial Services,51-200,0.838,leadership_change,41,False,1.0,0.7778,1
ACC-000559,Collins Ltd,Insurance,201-1000,0.643,leadership_change,23,False,1.0,0.8781,1
ACC-000560,"Smith, Fisher and Mathis",Manufacturing,51-200,0.557,none,18,True,0.0,,0
ACC-000561,Vazquez PLC,Healthcare,51-200,0.641,leadership_change,71,False,1.0,0.7489,1
ACC-000562,Hardy-Russell,Legal,1-50,0.862,leadership_change,77,False,1.0,0.8012,1
ACC-000563,Rojas LLC,Insurance,1-50,0.715,none,0,False,1.0,0.6881,1
ACC-000564,"Serrano, Miller and Ashley",Financial Services,1001-5000,0.875,leadership_change,22,False,1.0,0.8999,1
ACC-000565,Vaughan-Pierce,Financial Services,1-50,0.849,funding_round,46,True,1.0,0.7351,1
ACC-000566,Luna and Sons,Real Estate,51-200,0.828,none,20,False,1.0,0.78,1
ACC-000567,"Melendez, Stewart and Ramirez",Healthcare,5000+,0.541,none,39,False,1.0,0.8277,1
ACC-000568,Ross Group,Financial Services,1-50,0.756,none,13,False,1.0,0.7423,1
ACC-000569,"Ross, Jackson and Smith",Retail,201-1000,0.642,tech_refresh,124,True,1.0,0.785,1
ACC-000570,"Benjamin, Harris and Mcdonald",Healthcare,51-200,0.642,none,85,False,1.0,0.8803,1
ACC-000571,Smith-Diaz,Government,51-200,0.502,none,1,False,0.0,,0
ACC-000572,Kelly LLC,Healthcare,1-50,0.74,none,1,False,1.0,0.909,1
ACC-000573,"Briggs, Hubbard and Bradshaw",Government,201-1000,0.64,none,31,True,1.0,0.7216,1
ACC-000574,Lester Ltd,Manufacturing,5000+,0.445,tech_refresh,24,False,0.0,0.2103,0
ACC-000575,"Rivas, Oliver and Gardner",Healthcare,5000+,0.57,none,4,True,1.0,0.5445,1
ACC-000576,Smith PLC,Insurance,51-200,0.878,leadership_change,36,True,1.0,0.7756,1
ACC-000577,Lee and Sons,Financial Services,201-1000,0.755,none,14,False,1.0,0.7647,1
ACC-000578,Smith Inc,Government,1001-5000,0.586,leadership_change,13,False,1.0,0.7525,1
ACC-000579,"Hicks, Ramirez and Turner",Legal,201-1000,0.95,funding_round,19,False,0.0,,0
ACC-000580,Elliott-Davis,Legal,51-200,0.725,none,15,False,1.0,0.8615,1
ACC-000581,"Miller, Clay and West",Healthcare,1-50,0.731,none,31,False,1.0,0.5805,1
ACC-000582,Holland Group,Retail,1-50,0.257,funding_round,29,False,1.0,0.2625,0
ACC-000583,Martinez Ltd,Insurance,1001-5000,0.843,tech_refresh,8,False,1.0,0.9035,1
ACC-000584,Brown PLC,Insurance,1-50,0.632,none,40,False,1.0,0.4777,1
ACC-000585,Booth Inc,Technology,1-50,0.386,leadership_change,4,False,1.0,0.6811,0
ACC-000586,Smith-Brown,Government,1-50,0.501,leadership_change,70,True,1.0,0.8355,1
ACC-000587,Robinson-Lopez,Real Estate,5000+,0.644,funding_round,39,False,1.0,0.6519,1
ACC-000588,Watkins-Miller,Technology,51-200,0.513,none,0,True,1.0,0.8424,1
ACC-000589,Horn-Mcdonald,Government,1-50,0.723,none,51,False,0.0,0.5946,0
ACC-000590,Alexander Inc,Healthcare,1-50,0.772,none,32,False,0.0,0.8136,0
ACC-000591,Garcia Ltd,Real Estate,51-200,0.92,tech_refresh,25,False,1.0,0.7586,1
ACC-000592,Johnson-Nunez,Government,1-50,0.529,none,17,False,1.0,0.9059,1
ACC-000593,Wells LLC,Technology,201-1000,0.624,none,1,False,1.0,0.6895,1
ACC-000594,Ross-Romero,Legal,5000+,0.842,none,53,False,0.0,0.7089,0
ACC-000595,Allen Inc,Financial Services,1-50,0.712,none,3,False,1.0,0.5133,1
ACC-000596,Gomez-Ellis,Legal,51-200,0.94,compliance_mandate,43,False,1.0,0.7387,1
ACC-000597,Greene-Robinson,Financial Services,51-200,0.988,none,32,False,1.0,0.2621,1
ACC-000598,Chapman-Edwards,Technology,1-50,0.472,none,7,False,1.0,0.8674,0
ACC-000599,"Obrien, Walker and Gray",Legal,1001-5000,0.769,none,20,False,1.0,0.6668,1
ACC-000600,Mullen-Christensen,Real Estate,1-50,0.795,leadership_change,135,False,1.0,0.5327,1
ACC-000601,Francis Group,Healthcare,201-1000,0.629,none,3,True,0.0,0.2565,0
ACC-000602,Newton-Miller,Financial Services,51-200,0.758,funding_round,47,False,1.0,0.7029,1
ACC-000603,Smith PLC,Legal,201-1000,1.0,none,19,False,1.0,0.7795,1
ACC-000604,Jones Inc,Healthcare,51-200,0.527,funding_round,14,False,0.0,,0
ACC-000605,"Suarez, Faulkner and York",Legal,1001-5000,0.83,compliance_mandate,14,False,0.0,,0
ACC-000606,Stephens Ltd,Retail,1-50,0.466,none,31,False,1.0,0.2731,0
ACC-000607,Smith-Wise,Real Estate,1001-5000,0.862,funding_round,10,False,1.0,0.8689,1
ACC-000608,"Dean, Brown and Flores",Insurance,5000+,0.828,none,7,False,0.0,,0
ACC-000609,Richards and Sons,Technology,5000+,0.531,leadership_change,98,True,1.0,0.8243,1
ACC-000610,"Ramsey, Woods and Watson",Retail,201-1000,0.42,none,8,False,1.0,0.8686,0
ACC-000611,Lin Group,Financial Services,1001-5000,0.858,compliance_mandate,82,False,1.0,0.7023,1
ACC-000612,"Waller, Campos and Sandoval",Government,1-50,0.552,none,40,True,1.0,0.6325,1
ACC-000613,"Taylor, Hood and Wagner",Technology,1-50,0.421,funding_round,95,True,1.0,0.8351,0
ACC-000614,Payne-Curry,Financial Services,1001-5000,0.674,funding_round,3,True,1.0,0.8337,1
ACC-000615,Williams-Oliver,Government,51-200,0.49,compliance_mandate,48,False,0.0,0.6623,0
ACC-000616,Hopkins-Cardenas,Retail,51-200,0.076,none,2,False,0.0,0.5403,0
ACC-000617,"Rivera, Murillo and Evans",Manufacturing,51-200,0.47,none,47,False,1.0,0.5668,0
ACC-000618,Cook PLC,Retail,1-50,0.246,compliance_mandate,36,False,1.0,0.2191,0
ACC-000619,Cortez and Sons,Healthcare,201-1000,0.619,compliance_mandate,54,False,1.0,0.8761,1
ACC-000620,Nguyen-Johnson,Manufacturing,1-50,0.525,leadership_change,69,False,1.0,0.44,1
ACC-000621,"Jordan, Novak and Trujillo",Financial Services,1-50,0.889,none,129,True,0.0,0.8756,0
ACC-000622,"Velez, Welch and Ford",Real Estate,201-1000,0.74,funding_round,20,False,1.0,0.7925,1
ACC-000623,"Bennett, Lee and Smith",Legal,5000+,0.805,none,18,False,1.0,0.4055,1
ACC-000624,Cantu-Morgan,Real Estate,51-200,0.577,tech_refresh,27,False,1.0,0.7538,1
ACC-000625,"Gray, Cole and Guerra",Technology,51-200,0.676,compliance_mandate,15,False,1.0,0.3791,1
ACC-000626,"Stanley, Sanders and Gallegos",Healthcare,201-1000,0.851,none,19,False,1.0,0.3696,1
ACC-000627,"Miller, Harris and Hill",Retail,1-50,0.137,funding_round,33,False,1.0,0.4218,0
ACC-000628,Walters and Sons,Legal,201-1000,0.914,compliance_mandate,20,False,1.0,0.6828,1
ACC-000629,"Montes, Stone and Fox",Retail,1-50,0.386,leadership_change,26,False,0.0,0.1393,0
ACC-000630,"Sullivan, Ferguson and Ware",Real Estate,201-1000,0.863,tech_refresh,61,False,1.0,0.7323,1
ACC-000631,Jones-Mitchell,Government,5000+,0.559,leadership_change,13,True,1.0,0.8045,1
ACC-000632,Harrison-Lee,Financial Services,201-1000,0.816,compliance_mandate,1,False,1.0,0.5124,1
ACC-000633,King-Hernandez,Technology,51-200,0.505,none,19,False,1.0,0.4192,1
ACC-000634,Harvey Ltd,Insurance,1-50,0.745,none,2,False,1.0,0.3852,1
ACC-000635,Blackwell Group,Technology,201-1000,0.725,funding_round,8,False,1.0,0.7485,1
ACC-000636,Williams-Cooley,Real Estate,51-200,0.812,none,8,False,1.0,0.7237,1
ACC-000637,Chavez-Randall,Government,51-200,0.848,none,66,False,1.0,0.765,1
ACC-000638,"Avila, Hogan and Mitchell",Manufacturing,51-200,0.414,none,71,False,1.0,0.6941,0
ACC-000639,"Clark, Murray and Harper",Technology,5000+,0.293,none,40,False,0.0,,0
ACC-000640,Perry-Atkinson,Financial Services,1-50,0.967,compliance_mandate,5,False,1.0,0.5901,1
ACC-000641,Pearson LLC,Insurance,1001-5000,0.782,leadership_change,6,False,1.0,0.2867,1
ACC-000642,Long-Jones,Insurance,51-200,0.779,compliance_mandate,10,False,1.0,0.8053,1
ACC-000643,"Santos, Zimmerman and Kemp",Technology,1-50,0.522,leadership_change,47,False,1.0,0.4273,1
ACC-000644,Miller Group,Real Estate,1001-5000,0.819,none,14,False,1.0,0.9199,1
ACC-000645,Barnett Inc,Insurance,1001-5000,0.626,compliance_mandate,13,True,0.0,0.2999,0
ACC-000646,Fisher-Delgado,Technology,1001-5000,0.535,tech_refresh,27,False,0.0,0.1508,0
ACC-000647,Larson-Schaefer,Insurance,1-50,0.752,none,66,True,1.0,0.7352,1
ACC-000648,Reid-Fitzgerald,Technology,1-50,0.44,none,36,False,0.0,0.4038,0
ACC-000649,Maldonado Ltd,Healthcare,201-1000,0.637,funding_round,75,False,0.0,0.4036,0
ACC-000650,Baldwin Group,Real Estate,51-200,0.64,funding_round,6,False,1.0,0.8835,1
ACC-000651,Carroll-Yoder,Healthcare,1001-5000,0.671,funding_round,66,False,0.0,0.3266,0
ACC-000652,Salas LLC,Insurance,1-50,0.943,tech_refresh,68,False,1.0,0.9203,1
ACC-000653,Spears-Hunter,Manufacturing,51-200,0.308,compliance_mandate,10,False,1.0,0.2635,0
ACC-000654,Bright PLC,Technology,1-50,0.599,compliance_mandate,13,True,0.0,,0
ACC-000655,Koch-Carter,Technology,201-1000,0.399,none,22,False,1.0,0.7756,0
ACC-000656,"Martin, Johnson and Burns",Retail,1-50,0.459,none,3,True,1.0,0.4168,0
ACC-000657,Rodriguez Group,Legal,1-50,0.891,none,5,False,1.0,0.9419,1
ACC-000658,Hopkins Group,Technology,201-1000,0.389,none,22,True,1.0,0.8884,0
ACC-000659,Kelly LLC,Insurance,51-200,0.787,none,73,False,1.0,0.8025,1
ACC-000660,Jackson-Chavez,Financial Services,201-1000,0.844,none,10,False,1.0,0.4972,1
ACC-000661,Taylor-Edwards,Real Estate,1-50,1.0,none,29,False,1.0,0.8841,1
ACC-000662,"Walters, Phillips and James",Financial Services,1-50,1.0,tech_refresh,56,False,1.0,0.8151,1
ACC-000663,Taylor-Morrow,Healthcare,1-50,0.452,none,55,False,1.0,0.6554,0
ACC-000664,Miller Ltd,Insurance,1-50,0.68,none,34,False,0.0,0.5607,0
ACC-000665,"Castillo, Carter and Jones",Real Estate,1-50,0.903,leadership_change,2,True,1.0,0.9273,1
ACC-000666,Wilson-Allen,Manufacturing,201-1000,0.375,leadership_change,74,False,1.0,0.8683,0
ACC-000667,Robertson LLC,Legal,5000+,0.906,compliance_mandate,29,False,1.0,0.7893,1
ACC-000668,Oneal-Wallace,Real Estate,5000+,0.722,funding_round,66,False,1.0,0.8295,1
ACC-000669,"Stone, Mcintosh and Wilkinson",Government,51-200,0.76,leadership_change,44,False,0.0,0.5903,0
ACC-000670,"Duke, Reid and Lewis",Manufacturing,201-1000,0.372,tech_refresh,44,False,1.0,0.7635,0
ACC-000671,Golden Ltd,Retail,1-50,0.564,none,9,False,1.0,0.6986,1
ACC-000672,Pierce-Goodwin,Government,1-50,0.675,compliance_mandate,40,True,1.0,0.755,1
ACC-000673,Nielsen-Daugherty,Real Estate,201-1000,0.801,compliance_mandate,1,False,1.0,0.8948,1
ACC-000674,Burton Group,Government,51-200,0.41,leadership_change,20,False,0.0,,0
ACC-000675,Webb Ltd,Financial Services,1-50,0.909,tech_refresh,9,False,1.0,0.7315,1
ACC-000676,Mckay Inc,Technology,1-50,0.424,none,20,False,0.0,0.2791,0
ACC-000677,"Cortez, Vasquez and Foster",Legal,51-200,0.967,funding_round,18,False,0.0,,0
ACC-000678,Williams-Martinez,Real Estate,1001-5000,0.851,none,70,True,1.0,0.5714,1
ACC-000679,"Pittman, Brown and Little",Retail,201-1000,0.167,none,11,False,0.0,0.5908,0
ACC-000680,"Chavez, Williams and Smith",Real Estate,51-200,0.673,tech_refresh,3,False,1.0,0.8554,1
ACC-000681,Lee-Santiago,Legal,201-1000,0.806,none,0,True,0.0,0.895,0
ACC-000682,Lynch-Carson,Financial Services,201-1000,0.817,leadership_change,24,False,0.0,0.647,0
ACC-000683,Diaz-Williams,Manufacturing,1-50,0.356,none,2,True,1.0,0.6323,0
ACC-000684,Davis-Aguirre,Financial Services,201-1000,0.856,tech_refresh,13,False,0.0,0.2711,0
ACC-000685,Foley PLC,Healthcare,1-50,0.816,none,38,False,1.0,0.4616,1
ACC-000686,Schmitt Inc,Insurance,1-50,0.834,compliance_mandate,21,False,1.0,0.5266,1
ACC-000687,Woods and Sons,Real Estate,51-200,0.741,leadership_change,40,False,1.0,0.5844,1
ACC-000688,Summers-Maddox,Healthcare,5000+,0.445,none,10,False,1.0,0.4398,0
ACC-000689,Rodriguez-Williams,Legal,51-200,1.0,none,25,True,1.0,0.4017,1
ACC-000690,"Johnson, Hughes and Thompson",Retail,1-50,0.491,funding_round,17,False,1.0,0.5737,0
ACC-000691,"Nichols, Dougherty and Phillips",Government,5000+,0.576,leadership_change,35,False,1.0,0.6617,1
ACC-000692,Allen-Hill,Financial Services,51-200,0.886,none,15,False,1.0,0.7938,1
ACC-000693,Fischer PLC,Legal,1-50,0.954,none,22,True,1.0,0.7949,1
ACC-000694,Tucker Group,Financial Services,1-50,0.916,none,22,False,1.0,0.7248,1
ACC-000695,Jones-Combs,Technology,51-200,0.541,funding_round,13,False,0.0,0.1739,0
ACC-000696,Richards-Patterson,Government,1-50,0.819,tech_refresh,17,True,1.0,0.6853,1
ACC-000697,Roman-Shannon,Healthcare,5000+,0.591,none,71,False,1.0,0.5602,1
ACC-000698,Moore-Whitehead,Technology,51-200,0.529,tech_refresh,36,False,1.0,0.445,1
ACC-000699,"Hart, Torres and Russell",Retail,1-50,0.362,funding_round,37,False,1.0,0.8921,0
ACC-000700,Tucker and Sons,Government,201-1000,0.5,none,17,True,1.0,0.4881,0
ACC-000701,Ferrell LLC,Insurance,1-50,0.713,leadership_change,21,False,1.0,0.3018,1
ACC-000702,"Butler, Mckinney and Mcmillan",Technology,1001-5000,0.542,none,14,False,1.0,0.6757,1
ACC-000703,Barton Ltd,Retail,51-200,0.548,none,48,False,1.0,0.8168,1
ACC-000704,Lyons LLC,Real Estate,51-200,0.828,none,5,False,1.0,0.6326,1
ACC-000705,Gibbs-Martinez,Technology,51-200,0.529,none,35,False,1.0,0.7887,1
ACC-000706,George-Collins,Retail,1-50,0.362,none,44,False,1.0,0.6138,0
ACC-000707,Peterson Ltd,Government,1-50,0.822,none,9,False,0.0,,0
ACC-000708,"Young, Ramos and Stewart",Real Estate,1-50,0.703,none,24,False,1.0,0.5087,1
ACC-000709,Fields-Wilson,Technology,1-50,0.561,none,12,False,0.0,0.4252,0
ACC-000710,Olson PLC,Government,51-200,0.454,tech_refresh,32,True,1.0,0.825,0
ACC-000711,Flores-Morrow,Legal,51-200,0.769,tech_refresh,10,False,0.0,0.6617,0
ACC-000712,Curry-Vega,Real Estate,1-50,0.677,none,47,True,1.0,0.8153,1
ACC-000713,Wagner and Sons,Legal,51-200,0.852,none,2,False,1.0,0.7877,1
ACC-000714,"Garcia, Camacho and Sanchez",Manufacturing,51-200,0.619,none,2,True,1.0,0.8773,1
ACC-000715,Phillips LLC,Healthcare,1-50,0.532,funding_round,5,False,0.0,0.1488,0
ACC-000716,"Adams, Morris and Lee",Financial Services,1-50,0.569,none,6,False,1.0,0.7358,1
ACC-000717,Spencer-Garcia,Manufacturing,5000+,0.665,tech_refresh,35,True,1.0,0.8459,1
ACC-000718,"English, Williams and Smith",Government,1-50,0.572,none,36,False,1.0,0.5257,1
ACC-000719,"Alexander, Wood and Wagner",Legal,1-50,0.775,none,48,False,1.0,0.9156,1
ACC-000720,Hoover-Morris,Legal,1-50,0.632,none,6,False,1.0,0.5639,1
ACC-000721,"Hall, Wilson and Reeves",Technology,1-50,0.597,tech_refresh,4,False,0.0,0.2982,0
ACC-000722,"Taylor, Gonzalez and Deleon",Legal,1-50,1.0,none,33,False,1.0,0.856,1
ACC-000723,"Price, Dougherty and Wright",Technology,1-50,0.423,tech_refresh,4,False,0.0,0.6831,0
ACC-000724,Martinez-Young,Real Estate,201-1000,0.944,tech_refresh,42,False,1.0,0.7472,1
ACC-000725,"Miller, Hensley and Miller",Manufacturing,201-1000,0.413,none,21,False,0.0,,0
ACC-000726,Riley Inc,Government,51-200,0.757,none,56,True,1.0,0.7901,1
ACC-000727,"Turner, Kaufman and Robinson",Government,5000+,0.886,none,26,False,1.0,0.7279,1
ACC-000728,Sanchez Inc,Real Estate,201-1000,0.709,funding_round,24,False,1.0,0.74,1
ACC-000729,Steele-Hooper,Real Estate,1001-5000,0.961,none,17,False,1.0,0.6517,1
ACC-000730,"Peterson, Dyer and Kidd",Real Estate,5000+,0.675,none,25,True,1.0,0.4406,1
ACC-000731,"Hall, Gonzalez and Mooney",Government,201-1000,0.628,leadership_change,24,True,0.0,0.4981,0
ACC-000732,Pierce-Copeland,Retail,201-1000,0.489,none,2,False,1.0,0.7711,0
ACC-000733,Lopez-Fernandez,Real Estate,201-1000,0.636,none,29,False,1.0,0.397,1
ACC-000734,Brown Ltd,Real Estate,201-1000,0.691,none,45,False,1.0,0.6461,1
ACC-000735,"Fowler, Newton and Smith",Legal,201-1000,0.972,none,5,False,1.0,0.6219,1
ACC-000736,"Chapman, Patton and Miller",Manufacturing,1-50,0.48,none,16,False,0.0,0.6722,0
ACC-000737,Novak-Gutierrez,Government,201-1000,0.563,none,62,False,1.0,0.4477,1
ACC-000738,"Yang, Hall and Palmer",Technology,1001-5000,0.581,leadership_change,10,False,1.0,0.7667,1
ACC-000739,Lopez-Perez,Legal,51-200,1.0,compliance_mandate,116,False,1.0,0.8313,1
ACC-000740,Patton-Gray,Real Estate,1-50,0.637,compliance_mandate,22,False,0.0,,0
ACC-000741,Ochoa-Smith,Retail,5000+,0.476,compliance_mandate,39,False,1.0,0.2789,0
ACC-000742,Smith-Perkins,Manufacturing,51-200,0.521,leadership_change,45,False,0.0,0.2868,0
ACC-000743,"Brown, Brown and Mcdonald",Healthcare,201-1000,0.567,none,16,True,1.0,0.4827,1
ACC-000744,"Nichols, Morris and West",Healthcare,1001-5000,0.534,leadership_change,27,False,1.0,0.8119,1
ACC-000745,Jones Ltd,Technology,1-50,0.557,none,6,True,1.0,0.8355,1
ACC-000746,Bradley-Clay,Financial Services,51-200,0.895,none,66,False,0.0,0.5373,0
ACC-000747,"Kelley, Cantu and Schwartz",Retail,51-200,0.471,none,5,False,1.0,0.5743,0
ACC-000748,Hines and Sons,Legal,51-200,0.95,compliance_mandate,25,False,0.0,,0
ACC-000749,Anderson-Powers,Healthcare,1-50,0.624,none,58,False,1.0,0.7635,1
ACC-000750,Sanchez-Krause,Government,201-1000,0.287,none,54,False,0.0,0.3552,0
ACC-000751,Silva LLC,Insurance,201-1000,0.853,funding_round,41,False,1.0,0.3739,1
ACC-000752,"Martinez, Patel and Obrien",Retail,201-1000,0.194,tech_refresh,75,True,1.0,0.7446,0
ACC-000753,"Marshall, Gonzales and Romero",Healthcare,1-50,0.558,none,0,False,0.0,0.4994,0
ACC-000754,"Young, Archer and Martinez",Insurance,1001-5000,0.802,none,5,False,1.0,0.4849,1
ACC-000755,Johnson-Weaver,Technology,1-50,0.772,none,27,True,1.0,0.7766,1
ACC-000756,Maxwell LLC,Financial Services,201-1000,0.854,none,0,False,1.0,0.8824,1
ACC-000757,Lopez and Sons,Manufacturing,1-50,0.353,none,15,True,1.0,0.3673,0
ACC-000758,Moreno-Evans,Manufacturing,1-50,0.373,none,41,False,1.0,0.5822,0
ACC-000759,Foster-May,Manufacturing,1-50,0.439,none,3,False,1.0,0.6115,0
ACC-000760,Manning-Sherman,Manufacturing,201-1000,0.358,funding_round,34,False,1.0,0.731,0
ACC-000761,"Hernandez, Davenport and Mccullough",Government,1-50,0.766,leadership_change,1,True,1.0,0.8112,1
ACC-000762,Moore Ltd,Technology,1001-5000,0.525,funding_round,34,False,0.0,0.2096,0
ACC-000763,"Yates, Avery and Ramirez",Real Estate,51-200,0.811,leadership_change,10,False,1.0,0.7168,1
ACC-000764,Gonzalez Inc,Legal,1-50,0.945,none,11,True,0.0,,0
ACC-000765,Adams and Sons,Financial Services,51-200,1.0,none,1,False,1.0,0.7855,1
ACC-000766,Allen-Johnson,Technology,1-50,0.389,compliance_mandate,24,False,0.0,0.3623,0
ACC-000767,Cook-Schmidt,Insurance,201-1000,0.739,none,81,False,1.0,0.3768,1
ACC-000768,Cox PLC,Financial Services,5000+,0.744,compliance_mandate,36,False,1.0,0.2984,1
ACC-000769,"Montgomery, Weiss and Blankenship",Retail,1-50,0.44,compliance_mandate,14,False,1.0,0.8974,0
ACC-000770,Montoya and Sons,Insurance,51-200,1.0,none,33,True,1.0,0.8496,1
ACC-000771,Wallace-Smith,Financial Services,1001-5000,0.763,tech_refresh,4,True,1.0,0.8336,1
ACC-000772,Harris-Willis,Legal,1-50,1.0,compliance_mandate,3,False,0.0,,0
ACC-000773,Young-Gardner,Financial Services,51-200,0.888,leadership_change,12,False,1.0,0.6711,1
ACC-000774,Hughes-Johns,Healthcare,51-200,0.619,none,20,False,1.0,0.8784,1
ACC-000775,Waters-Wilson,Insurance,5000+,0.754,none,26,False,1.0,0.9192,1
ACC-000776,Rodriguez-Barry,Government,1-50,0.766,tech_refresh,44,False,0.0,0.7934,0
ACC-000777,Suarez PLC,Government,51-200,0.795,funding_round,23,True,1.0,0.5165,1
ACC-000778,Kaiser-Rodgers,Government,51-200,0.648,leadership_change,16,False,0.0,,0
ACC-000779,Stone-Parks,Healthcare,1-50,0.735,none,27,False,1.0,0.8791,1
ACC-000780,"Gonzales, Cook and Hansen",Retail,1-50,0.427,none,25,True,0.0,0.3975,0
ACC-000781,Davis-Watson,Financial Services,1-50,0.715,none,49,False,0.0,0.396,0
ACC-000782,Howe-Booth,Insurance,1001-5000,0.776,compliance_mandate,12,True,1.0,0.4575,1
ACC-000783,"Morris, Rodriguez and Lutz",Retail,201-1000,0.348,compliance_mandate,34,False,1.0,0.7447,0
ACC-000784,Floyd LLC,Technology,51-200,0.684,none,22,False,1.0,0.4396,1
ACC-000785,"Duncan, Richardson and Barnett",Legal,5000+,0.844,none,11,True,0.0,0.2583,0
ACC-000786,"Smith, Dean and Mccoy",Retail,1-50,0.539,none,2,False,1.0,0.6311,1
ACC-000787,Mueller-Holland,Real Estate,1-50,1.0,none,68,True,1.0,0.6999,1
ACC-000788,Miller and Sons,Insurance,51-200,0.635,none,23,False,1.0,0.3195,1
ACC-000789,"Moss, Henry and Henderson",Technology,51-200,0.501,leadership_change,23,False,1.0,0.6466,1
ACC-000790,Warner-Taylor,Healthcare,51-200,0.597,none,31,True,1.0,0.8227,1
ACC-000791,Cruz LLC,Retail,201-1000,0.454,leadership_change,58,False,0.0,0.7497,0
ACC-000792,"Cross, Ritter and Harvey",Technology,1-50,0.682,funding_round,41,False,1.0,0.7527,1
ACC-000793,"Bryant, Myers and Johnson",Financial Services,1001-5000,0.881,none,1,False,1.0,0.4038,1
ACC-000794,Ramirez Ltd,Legal,1-50,0.905,none,0,False,0.0,0.5618,0
ACC-000795,Carter PLC,Healthcare,51-200,0.585,funding_round,24,False,1.0,0.3659,1
ACC-000796,Fletcher and Sons,Legal,1-50,0.914,none,1,False,1.0,0.7711,1
ACC-000797,Mclaughlin PLC,Real Estate,1001-5000,0.868,none,22,False,1.0,0.715,1
ACC-000798,Bryant PLC,Government,1-50,0.669,none,2,False,1.0,0.8016,1
ACC-000799,Gibbs-Williams,Government,1001-5000,0.57,none,15,False,1.0,0.4841,1
ACC-000800,"Nielsen, Weaver and Burgess",Technology,51-200,0.593,compliance_mandate,77,False,0.0,,0
ACC-000801,Howell-Garcia,Technology,201-1000,0.526,none,12,False,0.0,0.6025,0
ACC-000802,Thomas-Johnson,Legal,1001-5000,1.0,none,36,False,1.0,0.4983,1
ACC-000803,Frank-Anderson,Financial Services,1-50,0.891,none,50,False,1.0,0.4904,1
ACC-000804,"Dunlap, Watson and Costa",Insurance,1001-5000,0.729,funding_round,0,False,1.0,0.8448,1
ACC-000805,Hardin-Pope,Legal,201-1000,0.764,none,27,False,1.0,0.662,1
ACC-000806,"Miller, Griffin and Dyer",Technology,201-1000,0.493,none,52,False,0.0,0.2493,0
ACC-000807,Moore-Williams,Technology,201-1000,0.467,none,23,False,0.0,0.7895,0
ACC-000808,Simmons-Fisher,Government,5000+,0.792,none,3,False,0.0,,0
ACC-000809,"Alvarado, Jones and West",Government,51-200,0.461,leadership_change,1,False,1.0,0.7627,0
ACC-000810,Gibson Inc,Retail,51-200,0.394,none,31,True,1.0,0.8418,0
ACC-000811,"Ferguson, Leon and Walton",Manufacturing,201-1000,0.602,funding_round,50,False,1.0,0.7288,1
ACC-000812,Hayes-Harris,Insurance,1-50,0.734,none,22,False,1.0,0.4572,1
ACC-000813,Moore-Sosa,Healthcare,1-50,0.798,none,76,False,1.0,0.7228,1
ACC-000814,Edwards-Lyons,Real Estate,51-200,0.629,leadership_change,9,False,1.0,0.7621,1
ACC-000815,Clark Inc,Retail,201-1000,0.233,funding_round,35,False,0.0,,0
ACC-000816,Hooper-Jones,Healthcare,201-1000,0.695,none,4,True,1.0,0.7047,1
ACC-000817,Brown LLC,Financial Services,5000+,0.682,none,25,False,1.0,0.5648,1
ACC-000818,"Drake, Martin and James",Healthcare,201-1000,0.662,none,35,True,1.0,0.7798,1
ACC-000819,Bennett LLC,Legal,201-1000,0.901,leadership_change,34,False,1.0,0.7575,1
ACC-000820,Nguyen-Williams,Real Estate,201-1000,1.0,none,19,False,1.0,0.7673,1
ACC-000821,Murphy-Hernandez,Financial Services,1-50,0.896,leadership_change,3,False,1.0,0.8465,1
ACC-000822,"Hubbard, Jordan and Campbell",Insurance,51-200,0.749,none,38,False,1.0,0.7567,1
ACC-000823,"Gordon, Barber and Briggs",Manufacturing,1-50,0.36,none,25,True,1.0,0.4677,0
ACC-000824,Guzman-Goodman,Retail,201-1000,0.338,tech_refresh,20,False,1.0,0.7609,0
ACC-000825,"Barron, Brown and Kirby",Retail,51-200,0.452,funding_round,4,False,1.0,0.3582,0
ACC-000826,Shaw-Mann,Insurance,1-50,0.712,tech_refresh,32,True,0.0,,0
ACC-000827,Thomas Group,Retail,51-200,0.439,funding_round,19,False,1.0,0.7017,0
ACC-000828,"Owens, Graham and Nichols",Real Estate,201-1000,0.621,compliance_mandate,31,True,1.0,0.7774,1
ACC-000829,Gould-Martinez,Manufacturing,5000+,0.642,none,32,False,1.0,0.5281,1
ACC-000830,Bailey-Pena,Government,1-50,0.58,none,30,False,1.0,0.6163,1
ACC-000831,Copeland Ltd,Legal,1-50,0.997,funding_round,20,True,1.0,0.9557,1
ACC-000832,Fisher Ltd,Manufacturing,1001-5000,0.323,none,17,False,1.0,0.6967,0
ACC-000833,"Park, Martinez and Douglas",Manufacturing,51-200,0.308,none,33,True,1.0,0.4186,0
ACC-000834,"Compton, Andrews and Horton",Government,201-1000,0.635,none,15,True,1.0,0.5132,1
ACC-000835,"Roy, Jackson and Hansen",Real Estate,51-200,0.69,none,7,False,0.0,0.6117,0
ACC-000836,Smith and Sons,Government,1001-5000,0.668,none,6,False,0.0,,0
ACC-000837,Davis-Matthews,Technology,1001-5000,0.566,none,54,True,1.0,0.606,1
ACC-000838,Diaz and Sons,Legal,1001-5000,1.0,none,1,False,1.0,0.5386,1
ACC-000839,"Schroeder, Solis and May",Retail,51-200,0.477,none,1,False,1.0,0.2542,0
ACC-000840,Neal-Shepherd,Financial Services,1-50,0.481,none,2,False,1.0,0.313,0
ACC-000841,Dixon-Vaughn,Manufacturing,5000+,0.504,leadership_change,10,False,0.0,0.3416,0
ACC-000842,Cruz-Jimenez,Legal,1-50,0.953,compliance_mandate,58,False,1.0,0.8981,1
ACC-000843,Wilson Inc,Real Estate,1-50,0.743,compliance_mandate,18,False,1.0,0.8653,1
ACC-000844,Park and Sons,Real Estate,51-200,0.765,leadership_change,49,False,1.0,0.8637,1
ACC-000845,"Flowers, Daniels and Lee",Real Estate,51-200,0.745,none,1,False,1.0,0.8132,1
ACC-000846,Williams and Sons,Real Estate,51-200,0.844,none,18,False,1.0,0.7202,1
ACC-000847,Kelly LLC,Healthcare,51-200,0.792,none,3,False,1.0,0.691,1
ACC-000848,Miller-Hernandez,Real Estate,51-200,0.786,none,41,True,1.0,0.7046,1
ACC-000849,West Inc,Healthcare,51-200,0.598,none,36,False,1.0,0.8089,1
ACC-000850,Hendrix-Crawford,Healthcare,1001-5000,0.849,none,72,False,1.0,0.5804,1
ACC-000851,Ruiz-Holt,Legal,201-1000,0.767,none,2,False,0.0,0.4647,0
ACC-000852,"Morris, Stone and Bruce",Technology,1-50,0.644,none,33,False,0.0,0.5422,0
ACC-000853,"Gardner, Sanders and Acosta",Government,1001-5000,0.492,none,46,False,0.0,0.2049,0
ACC-000854,Williams-Price,Healthcare,5000+,0.593,none,33,True,1.0,0.7927,1
ACC-000855,Hoover LLC,Technology,5000+,0.548,none,156,False,1.0,0.3084,1
ACC-000856,Buck LLC,Healthcare,1-50,0.622,funding_round,2,False,1.0,0.7393,1
ACC-000857,Wheeler-Tanner,Real Estate,201-1000,0.817,none,10,True,1.0,0.8967,1
ACC-000858,"Martin, Osborne and Rogers",Government,51-200,0.405,none,24,False,0.0,0.741,0
ACC-000859,"Everett, Foster and Lam",Financial Services,5000+,0.956,funding_round,29,False,1.0,0.7401,1
ACC-000860,Thompson-Martin,Healthcare,201-1000,0.638,leadership_change,24,True,1.0,0.8965,1
ACC-000861,Ward PLC,Legal,1-50,1.0,none,2,True,1.0,0.8967,1
ACC-000862,Guerrero-Anderson,Technology,1001-5000,0.562,none,13,True,1.0,0.914,1
ACC-000863,Kane LLC,Technology,51-200,0.396,leadership_change,45,False,1.0,0.4035,0
ACC-000864,Vazquez and Sons,Technology,51-200,0.582,leadership_change,12,False,1.0,0.8442,1
ACC-000865,Lara-Sparks,Real Estate,51-200,0.789,none,6,False,1.0,0.6387,1
ACC-000866,"Gutierrez, Riley and Washington",Insurance,201-1000,0.782,funding_round,36,False,1.0,0.8363,1
ACC-000867,"White, Cox and Rodriguez",Technology,51-200,0.453,none,43,False,1.0,0.6753,0
ACC-000868,Stewart Inc,Healthcare,1-50,0.58,leadership_change,10,False,1.0,0.784,1
ACC-000869,"Bryan, Patrick and Johnson",Manufacturing,1-50,0.469,none,36,False,0.0,,0
ACC-000870,"Wilson, Simmons and Watkins",Real Estate,1-50,0.936,none,23,True,1.0,0.7885,1
ACC-000871,"Garcia, Holt and Hicks",Real Estate,201-1000,0.781,leadership_change,21,False,1.0,0.7051,1
ACC-000872,"Stewart, Ortega and Taylor",Financial Services,1-50,0.756,tech_refresh,24,False,1.0,0.5418,1
ACC-000873,Norton Group,Government,1-50,0.587,none,17,False,0.0,0.4386,0
ACC-000874,Hernandez-Snyder,Insurance,201-1000,0.602,none,17,False,1.0,0.6745,1
ACC-000875,Riggs-Glass,Retail,201-1000,0.461,none,74,False,0.0,0.2251,0
ACC-000876,"Patrick, Davis and Buchanan",Retail,51-200,0.282,leadership_change,22,False,1.0,0.7814,0
ACC-000877,Martinez-Knapp,Technology,1-50,0.743,funding_round,8,True,1.0,0.7457,1
ACC-000878,Smith-Gordon,Financial Services,51-200,0.532,none,23,False,1.0,0.8559,1
ACC-000879,Gutierrez-Russell,Retail,201-1000,0.298,none,64,False,1.0,0.7824,0
ACC-000880,"Brewer, Hernandez and Reid",Retail,51-200,0.298,none,54,False,1.0,0.2779,0
ACC-000881,Smith Ltd,Government,51-200,0.601,none,59,False,1.0,0.5297,1
ACC-000882,"Hoffman, Brown and Chen",Government,51-200,0.588,tech_refresh,14,False,1.0,0.585,1
ACC-000883,Madden and Sons,Healthcare,201-1000,0.704,tech_refresh,18,False,1.0,0.6109,1
ACC-000884,Rodriguez Group,Manufacturing,1-50,0.448,none,37,False,1.0,0.5997,0
ACC-000885,Simmons Ltd,Healthcare,51-200,0.577,none,15,False,1.0,0.6363,1
ACC-000886,Sanchez-Singh,Manufacturing,1-50,0.445,none,17,False,0.0,0.7151,0
ACC-000887,"Montoya, Stewart and Griffith",Government,201-1000,0.67,compliance_mandate,1,False,0.0,0.5875,0
ACC-000888,"Sutton, Woods and Luna",Manufacturing,51-200,0.541,funding_round,19,False,0.0,0.5553,0
ACC-000889,Rodriguez-King,Insurance,201-1000,0.523,leadership_change,18,False,1.0,0.4611,1
ACC-000890,Ferguson PLC,Manufacturing,1-50,0.362,none,7,False,1.0,0.5039,0
ACC-000891,Mercer-Murillo,Legal,1-50,0.922,none,17,False,1.0,0.9166,1
ACC-000892,"Ray, Andrews and Hartman",Real Estate,51-200,0.908,none,40,False,1.0,0.4567,1
ACC-000893,"Thomas, Davis and Ball",Financial Services,1-50,0.826,compliance_mandate,16,False,1.0,0.5628,1
ACC-000894,Alexander-Rivera,Financial Services,1-50,0.773,tech_refresh,102,False,1.0,0.6687,1
ACC-000895,Cox-Ballard,Technology,51-200,0.63,none,41,False,1.0,0.9213,1
ACC-000896,"Wolf, Mcclain and Stuart",Technology,1001-5000,0.808,none,36,False,1.0,0.6698,1
ACC-000897,Hamilton-Burke,Healthcare,51-200,0.506,none,3,False,0.0,0.1038,0
ACC-000898,Hart-Odom,Insurance,201-1000,0.618,funding_round,75,True,1.0,0.7602,1
ACC-000899,"Johnson, Love and Travis",Real Estate,1-50,0.853,leadership_change,56,False,1.0,0.2649,1
ACC-000900,"Li, Kirk and Chapman",Government,1-50,0.667,none,31,True,1.0,0.8002,1
ACC-000901,Lowe Group,Real Estate,1-50,0.789,none,55,False,0.0,,0
ACC-000902,Andersen-Beck,Manufacturing,1001-5000,0.458,funding_round,23,False,1.0,0.5315,0
ACC-000903,Castillo and Sons,Insurance,51-200,0.844,funding_round,1,True,1.0,0.9304,1
ACC-000904,Martin PLC,Government,1-50,0.643,funding_round,7,False,1.0,0.5727,1
ACC-000905,"Romero, Vazquez and Jones",Government,1-50,0.594,leadership_change,1,True,1.0,0.8977,1
ACC-000906,Johnson Group,Healthcare,51-200,0.492,tech_refresh,12,False,0.0,0.3257,0
ACC-000907,Henderson Inc,Legal,1-50,1.0,none,24,False,1.0,0.5838,1
ACC-000908,Johnson-Kim,Retail,1001-5000,0.354,none,45,False,1.0,0.602,0
ACC-000909,Owens Inc,Healthcare,1-50,0.536,none,37,True,1.0,0.5431,1
ACC-000910,Knight Ltd,Healthcare,51-200,0.877,none,3,False,0.0,0.5702,0
ACC-000911,"Brown, Williams and Pratt",Insurance,1-50,0.886,none,12,False,1.0,0.4129,1
ACC-000912,"King, Garcia and White",Manufacturing,51-200,0.46,none,21,True,0.0,0.9376,0
ACC-000913,"Ross, Cherry and Harvey",Legal,51-200,0.975,none,62,False,1.0,0.6161,1
ACC-000914,"Taylor, Cantu and White",Technology,51-200,0.417,none,3,False,1.0,0.6775,0
ACC-000915,Orr Inc,Government,51-200,0.719,tech_refresh,11,False,1.0,0.764,1
ACC-000916,Johnson Group,Insurance,1001-5000,0.885,funding_round,27,True,0.0,0.7391,0
ACC-000917,Middleton-Barton,Manufacturing,201-1000,0.678,none,1,False,1.0,0.9502,1
ACC-000918,Hobbs and Sons,Manufacturing,1001-5000,0.549,funding_round,36,False,1.0,0.9235,1
ACC-000919,Hudson Ltd,Technology,1-50,0.601,funding_round,21,True,1.0,0.2995,1
ACC-000920,Ward-Wilson,Real Estate,201-1000,0.769,none,13,False,1.0,0.6813,1
ACC-000921,Davis-Garcia,Technology,1-50,0.359,none,8,False,1.0,0.706,0
ACC-000922,Christensen-Davis,Healthcare,1-50,0.497,none,29,False,1.0,0.4191,0
ACC-000923,Rodriguez Inc,Legal,1-50,0.85,none,54,False,1.0,0.3857,1
ACC-000924,Chan and Sons,Financial Services,51-200,0.981,none,37,False,1.0,0.6294,1
ACC-000925,"Smith, Allen and Moreno",Manufacturing,51-200,0.436,none,70,True,1.0,0.5696,0
ACC-000926,Hill Inc,Insurance,1-50,0.9,none,4,False,1.0,0.4612,1
ACC-000927,Smith LLC,Technology,51-200,0.457,tech_refresh,24,True,1.0,0.7349,0
ACC-000928,Perry-Davis,Government,201-1000,0.383,none,24,True,0.0,0.8462,0
ACC-000929,"Bruce, Jones and Maldonado",Real Estate,51-200,0.674,funding_round,46,True,1.0,0.824,1
ACC-000930,Crawford-Buckley,Retail,1-50,0.312,none,55,False,1.0,0.4567,0
ACC-000931,"Ramirez, Gray and Campbell",Healthcare,201-1000,0.659,none,18,True,1.0,0.8327,1
ACC-000932,"Pham, Mills and Sloan",Healthcare,1-50,0.615,compliance_mandate,45,False,1.0,0.7207,1
ACC-000933,Allen Ltd,Government,201-1000,0.746,leadership_change,59,False,1.0,0.8427,1
ACC-000934,Hernandez Group,Retail,51-200,0.405,none,2,True,1.0,0.7884,0
ACC-000935,Russell Group,Real Estate,1-50,0.682,none,1,True,1.0,0.719,1
ACC-000936,"Jones, Jones and Singh",Real Estate,1-50,0.683,none,32,False,0.0,0.4039,0
ACC-000937,Harrell-Murphy,Insurance,1001-5000,0.808,none,15,True,1.0,0.8822,1
ACC-000938,"Casey, David and Hawkins",Real Estate,1-50,1.0,funding_round,4,True,1.0,0.8879,1
ACC-000939,Smith-Ortiz,Legal,51-200,1.0,none,0,True,1.0,0.8486,1
ACC-000940,Rogers Group,Financial Services,1001-5000,0.819,none,7,False,1.0,0.3358,1
ACC-000941,Logan-Morris,Legal,201-1000,0.995,none,38,False,0.0,,0
ACC-000942,Johnson-Joseph,Legal,1-50,0.978,none,34,False,1.0,0.9104,1
ACC-000943,"Coleman, Wilkerson and Young",Healthcare,51-200,0.589,none,68,False,1.0,0.6818,1
ACC-000944,Chapman-Williams,Manufacturing,1-50,0.338,leadership_change,12,False,0.0,0.1638,0
ACC-000945,"Dennis, Lucero and Rubio",Financial Services,51-200,0.811,none,10,False,0.0,0.5493,0
ACC-000946,Massey Ltd,Real Estate,1001-5000,0.456,none,4,False,1.0,0.5779,0
ACC-000947,"Sullivan, Owen and Serrano",Healthcare,1001-5000,0.84,tech_refresh,6,False,1.0,0.5773,1
ACC-000948,"Guerra, Matthews and Gibson",Government,51-200,0.606,funding_round,37,True,1.0,0.4978,1
ACC-000949,Hill Ltd,Government,201-1000,0.659,none,76,False,0.0,0.4086,0
ACC-000950,"Lucero, Meyer and Munoz",Insurance,1-50,0.771,funding_round,40,False,1.0,0.9021,1
ACC-000951,Phelps-Rodgers,Healthcare,51-200,0.772,compliance_mandate,67,False,1.0,0.3849,1
ACC-000952,Calderon Inc,Insurance,5000+,0.997,none,3,False,1.0,0.6905,1
ACC-000953,"Stephenson, Barr and Knox",Manufacturing,201-1000,0.37,none,0,False,0.0,0.1775,0
ACC-000954,Wilson LLC,Financial Services,1-50,0.721,none,23,False,0.0,0.5851,0
ACC-000955,"Sims, Moore and Griffin",Insurance,51-200,0.763,none,32,True,1.0,0.7681,1
ACC-000956,Pratt-Floyd,Financial Services,51-200,1.0,none,53,False,1.0,0.8064,1
ACC-000957,"Sanchez, Williams and Thompson",Insurance,1-50,0.724,none,23,False,0.0,0.1976,0
ACC-000958,"Jackson, Clark and Crawford",Retail,51-200,0.372,leadership_change,10,True,1.0,0.7818,0
ACC-000959,Payne Group,Real Estate,51-200,0.846,leadership_change,29,False,1.0,0.7389,1
ACC-000960,Lutz-Johns,Legal,51-200,0.806,compliance_mandate,5,False,1.0,0.3578,1
ACC-000961,"Cross, Flynn and Taylor",Legal,1-50,0.663,leadership_change,57,False,1.0,0.6191,1
ACC-000962,Knight-Yu,Technology,201-1000,0.517,funding_round,38,False,1.0,0.5902,1
ACC-000963,"Lee, Wells and Evans",Insurance,51-200,0.685,none,16,False,0.0,0.103,0
ACC-000964,"Brown, Figueroa and Hardy",Financial Services,1-50,0.762,compliance_mandate,85,False,1.0,0.4889,1
ACC-000965,"Horton, Cortez and Burns",Financial Services,201-1000,0.949,none,12,False,1.0,0.7676,1
ACC-000966,Hudson-Garza,Government,51-200,0.639,leadership_change,42,False,1.0,0.6229,1
ACC-000967,"Davenport, White and Bowen",Financial Services,1-50,1.0,none,53,False,1.0,0.351,1
ACC-000968,Cole-Palmer,Insurance,1-50,0.779,none,6,False,1.0,0.7476,1
ACC-000969,Lane Inc,Healthcare,5000+,0.532,none,144,False,0.0,0.2129,0
ACC-000970,Franklin and Sons,Healthcare,51-200,0.755,none,29,True,0.0,0.2949,0
ACC-000971,King Group,Real Estate,201-1000,0.578,none,11,False,1.0,0.7012,1
ACC-000972,Rivera LLC,Real Estate,51-200,0.846,none,46,False,0.0,0.3071,0
ACC-000973,Kramer PLC,Retail,201-1000,0.287,none,5,False,1.0,0.9206,0
ACC-000974,Trevino-Perez,Real Estate,5000+,0.841,none,12,False,0.0,0.5939,0
ACC-000975,Cruz Ltd,Financial Services,201-1000,0.845,tech_refresh,39,False,1.0,0.9101,1
ACC-000976,Parks-Beck,Legal,5000+,1.0,none,27,False,1.0,0.6493,1
ACC-000977,Howard-Adams,Government,51-200,0.762,none,111,False,0.0,0.4347,0
ACC-000978,Richardson-Johnson,Financial Services,1-50,0.847,compliance_mandate,8,False,0.0,0.1974,0
ACC-000979,Shaffer Inc,Insurance,5000+,0.78,compliance_mandate,16,False,1.0,0.721,1
ACC-000980,"Warren, Smith and Morales",Manufacturing,1-50,0.645,leadership_change,13,False,1.0,0.702,1
ACC-000981,Stevens-Keller,Technology,51-200,0.597,funding_round,9,True,1.0,0.67,1
ACC-000982,Smith Ltd,Manufacturing,1-50,0.545,leadership_change,2,False,1.0,0.6349,1
ACC-000983,Smith-Dunlap,Retail,201-1000,0.424,none,18,False,0.0,,0
ACC-000984,Franco-Serrano,Manufacturing,5000+,0.622,leadership_change,15,False,1.0,0.6315,1
ACC-000985,"Li, Miller and Ramsey",Financial Services,51-200,0.969,tech_refresh,0,True,1.0,0.1253,1
ACC-000986,Sanchez-Richardson,Real Estate,51-200,0.793,tech_refresh,70,True,1.0,0.6497,1
ACC-000987,"Foster, Higgins and Moreno",Real Estate,51-200,1.0,none,3,False,1.0,0.5687,1
ACC-000988,Rice-Watson,Government,1001-5000,0.601,tech_refresh,17,True,1.0,0.938,1
ACC-000989,Kelly LLC,Legal,1-50,0.825,none,0,False,1.0,0.7897,1
ACC-000990,Thompson-Tran,Real Estate,51-200,0.762,none,30,False,0.0,0.5608,0
ACC-000991,Martinez Group,Government,1-50,0.52,none,5,True,1.0,0.7829,1
ACC-000992,"Porter, Smith and Hall",Healthcare,1-50,0.538,none,21,False,1.0,0.6238,1
ACC-000993,"Miller, Johnson and Gibson",Insurance,1-50,0.673,leadership_change,8,False,1.0,0.5291,1
ACC-000994,"Pruitt, Anderson and Perez",Insurance,1-50,0.82,compliance_mandate,9,False,1.0,0.8549,1
ACC-000995,Simmons-Cameron,Legal,51-200,0.988,compliance_mandate,196,False,1.0,0.6548,1
ACC-000996,"Lane, Hobbs and Wilcox",Healthcare,51-200,0.654,tech_refresh,5,False,1.0,0.5507,1
ACC-000997,"Rodriguez, Wilson and Miller",Manufacturing,51-200,0.386,none,12,False,1.0,0.6194,0
ACC-000998,Choi-Williams,Healthcare,1-50,0.505,none,8,False,1.0,0.7798,1
ACC-000999,Scott-Holloway,Technology,1001-5000,0.636,none,31,True,1.0,0.9126,1
ACC-001000,Thomas-Potter,Legal,51-200,0.719,none,25,False,1.0,0.3728,1
ACC-001001,"Sawyer, Newton and Payne",Insurance,201-1000,0.669,none,149,True,1.0,0.8301,1
ACC-001002,Mclaughlin-Ellis,Government,51-200,0.44,none,3,False,0.0,0.4833,0
ACC-001003,Walton Ltd,Financial Services,201-1000,0.658,leadership_change,25,False,0.0,0.4219,0
ACC-001004,"Miller, Banks and Foley",Manufacturing,201-1000,0.661,tech_refresh,24,False,1.0,0.8606,1
ACC-001005,"Martin, Bell and Reyes",Legal,51-200,1.0,none,30,False,0.0,0.1543,0
ACC-001006,Yu-Schultz,Manufacturing,51-200,0.433,tech_refresh,4,False,1.0,0.5891,0
ACC-001007,Clark Inc,Financial Services,51-200,0.895,none,64,False,1.0,0.581,1
ACC-001008,Johnson PLC,Technology,51-200,0.582,funding_round,68,False,1.0,0.7842,1
ACC-001009,"Williams, Ballard and Flores",Technology,1-50,0.432,none,31,False,1.0,0.7246,0
ACC-001010,Stone-Downs,Government,51-200,0.696,funding_round,4,False,1.0,0.804,1
ACC-001011,Smith Group,Legal,51-200,0.869,funding_round,0,False,1.0,0.334,1
ACC-001012,Smith-Carson,Real Estate,201-1000,0.728,none,15,True,1.0,0.6313,1
ACC-001013,White Inc,Retail,51-200,0.133,none,109,False,1.0,0.355,0
ACC-001014,"Morris, Rasmussen and Watson",Financial Services,1-50,0.703,none,6,False,0.0,0.3849,0
ACC-001015,"Montes, Morrison and Ruiz",Retail,51-200,0.215,none,8,True,1.0,0.359,0
ACC-001016,"Moses, Sellers and Brewer",Insurance,51-200,0.847,none,29,False,1.0,0.48,1
ACC-001017,Hart PLC,Government,1001-5000,0.702,none,52,False,1.0,0.9006,1
ACC-001018,"Young, Cooke and Gonzalez",Technology,51-200,0.546,none,36,False,0.0,0.585,0
ACC-001019,Walker Group,Financial Services,1001-5000,0.893,compliance_mandate,12,False,1.0,0.7912,1
ACC-001020,"Ramsey, Clark and Wilson",Retail,51-200,0.416,tech_refresh,9,False,1.0,0.7056,0
ACC-001021,Williams-Orr,Real Estate,201-1000,1.0,compliance_mandate,31,True,1.0,0.7004,1
ACC-001022,Thompson Ltd,Retail,51-200,0.381,none,4,False,1.0,0.356,0
ACC-001023,Rivera PLC,Manufacturing,1001-5000,0.48,none,14,False,1.0,0.4555,0
ACC-001024,Poole Inc,Healthcare,1-50,0.949,tech_refresh,38,True,1.0,0.9411,1
ACC-001025,Anderson-Petty,Retail,1001-5000,0.561,none,34,False,1.0,0.2651,1
ACC-001026,Baker-Owens,Financial Services,1001-5000,0.662,none,33,False,1.0,0.4876,1
ACC-001027,Morton-Baird,Real Estate,51-200,0.743,leadership_change,3,True,1.0,0.9081,1
ACC-001028,"Harvey, Myers and Jones",Technology,5000+,0.423,none,8,True,0.0,0.5465,0
ACC-001029,Wiggins Inc,Government,1-50,0.578,compliance_mandate,47,False,1.0,0.5876,1
ACC-001030,"Baker, Gay and Schroeder",Insurance,1001-5000,0.805,none,22,False,1.0,0.7236,1
ACC-001031,Hayes Group,Legal,1001-5000,0.86,tech_refresh,20,False,1.0,0.8696,1
ACC-001032,Singleton PLC,Financial Services,51-200,0.699,funding_round,22,False,1.0,0.764,1
ACC-001033,"Taylor, Moore and Chan",Insurance,201-1000,0.861,none,19,False,1.0,0.557,1
ACC-001034,"Johnson, Peters and Humphrey",Financial Services,1-50,0.837,leadership_change,41,True,1.0,0.5672,1
ACC-001035,"Anderson, Gray and Hill",Insurance,201-1000,0.773,none,11,True,1.0,0.8527,1
ACC-001036,"Turner, Willis and Garrett",Retail,1001-5000,0.0,none,5,False,0.0,0.7849,0
ACC-001037,Robbins-Barnes,Financial Services,51-200,0.517,compliance_mandate,18,False,1.0,0.61,1
ACC-001038,Preston Inc,Insurance,1-50,0.794,leadership_change,64,False,1.0,0.9459,1
ACC-001039,Garcia and Sons,Technology,1-50,0.76,tech_refresh,12,False,1.0,0.6257,1
ACC-001040,Parker-Floyd,Technology,201-1000,0.555,compliance_mandate,22,False,1.0,0.6644,1
ACC-001041,"Dalton, Holder and Green",Legal,1001-5000,0.834,none,18,False,0.0,0.5923,0
ACC-001042,"Weber, Rodriguez and Tucker",Financial Services,51-200,0.895,funding_round,53,False,1.0,0.8671,1
ACC-001043,Carlson Ltd,Manufacturing,201-1000,0.439,funding_round,24,False,0.0,0.7578,0
ACC-001044,"Grant, Perry and Tucker",Government,1001-5000,0.646,leadership_change,40,True,1.0,0.9005,1
ACC-001045,Thomas-Foster,Retail,201-1000,0.203,none,23,False,0.0,0.5808,0
ACC-001046,Woodard Inc,Real Estate,51-200,0.754,leadership_change,105,False,1.0,0.8597,1
ACC-001047,Esparza LLC,Healthcare,1-50,0.815,none,99,False,1.0,0.6223,1
ACC-001048,"Wilkins, Watkins and Morgan",Real Estate,201-1000,0.972,none,35,False,1.0,0.6693,1
ACC-001049,"Townsend, George and Torres",Technology,51-200,0.477,compliance_mandate,40,False,1.0,0.7171,0
ACC-001050,"Butler, Silva and Williams",Financial Services,51-200,0.731,none,33,False,1.0,0.5991,1
ACC-001051,Newton-Fox,Healthcare,1001-5000,0.554,none,1,False,0.0,0.3808,0
ACC-001052,Simpson-Floyd,Retail,1001-5000,0.371,none,2,False,1.0,0.3983,0
ACC-001053,Ramirez-Baxter,Insurance,51-200,0.768,funding_round,13,False,1.0,0.7178,1
ACC-001054,Butler Inc,Manufacturing,201-1000,0.245,leadership_change,19,False,1.0,0.6546,0
ACC-001055,Knight LLC,Financial Services,201-1000,0.854,none,18,False,1.0,0.6563,1
ACC-001056,Hill-Ortiz,Manufacturing,1-50,0.529,none,5,True,1.0,0.5307,1
ACC-001057,Wilson and Sons,Healthcare,201-1000,0.72,none,0,False,1.0,0.7808,1
ACC-001058,Allen-Velazquez,Retail,51-200,0.312,none,1,False,1.0,0.6417,0
ACC-001059,"Holt, Carroll and Flynn",Insurance,1-50,0.888,funding_round,17,False,1.0,0.4828,1
ACC-001060,Wise-Campos,Technology,201-1000,0.141,compliance_mandate,19,True,0.0,0.249,0
ACC-001061,Hicks Ltd,Financial Services,1001-5000,0.808,none,54,False,1.0,0.514,1
ACC-001062,Ferrell Ltd,Legal,201-1000,1.0,none,14,False,1.0,0.3506,1
ACC-001063,Drake-Johnson,Government,1-50,0.638,none,8,False,0.0,0.4916,0
ACC-001064,Griffith-Hunt,Manufacturing,201-1000,0.266,none,29,True,0.0,0.6108,0
ACC-001065,Berry-Thompson,Government,201-1000,0.664,funding_round,4,False,1.0,0.7728,1
ACC-001066,Pierce-Welch,Retail,1001-5000,0.347,tech_refresh,28,False,1.0,0.7502,0
ACC-001067,Jackson and Sons,Government,1-50,0.57,funding_round,15,False,1.0,0.7251,1
ACC-001068,"Barrera, Miller and Rojas",Manufacturing,1001-5000,0.534,funding_round,3,False,1.0,0.7231,1
ACC-001069,Evans PLC,Manufacturing,1-50,0.432,none,33,False,1.0,0.5038,0
ACC-001070,"Miller, Gross and Robinson",Retail,51-200,0.506,none,3,False,0.0,0.2219,0
ACC-001071,"West, Williams and Brown",Manufacturing,201-1000,0.503,none,27,False,1.0,0.5659,1
ACC-001072,Gomez PLC,Government,1-50,0.373,none,8,False,0.0,,0
ACC-001073,Parker LLC,Financial Services,201-1000,0.785,funding_round,40,False,1.0,0.7729,1
ACC-001074,Davis Inc,Real Estate,51-200,0.563,tech_refresh,25,False,1.0,0.5085,1
ACC-001075,Walsh-Huang,Financial Services,51-200,0.78,funding_round,35,False,1.0,0.7562,1
ACC-001076,Davis Inc,Legal,51-200,1.0,none,1,False,1.0,0.779,1
ACC-001077,French-Hayes,Government,5000+,0.729,none,19,False,1.0,0.8301,1
ACC-001078,"Hernandez, Williams and Hall",Technology,51-200,0.547,funding_round,30,False,1.0,0.6899,1
ACC-001079,Smith Group,Insurance,1001-5000,0.626,none,22,True,0.0,0.6828,0
ACC-001080,Barnes and Sons,Technology,51-200,0.516,compliance_mandate,45,False,1.0,0.7557,1
ACC-001081,"French, Carroll and Carter",Financial Services,201-1000,1.0,none,38,True,1.0,0.9129,1
ACC-001082,Fisher-King,Retail,1-50,0.322,leadership_change,13,False,1.0,0.3552,0
ACC-001083,"Porter, Kelly and Massey",Financial Services,1001-5000,0.844,compliance_mandate,6,False,0.0,0.678,0
ACC-001084,"Huff, Cole and Dunn",Government,1-50,0.708,none,10,False,1.0,0.5148,1
ACC-001085,Baker-Gonzalez,Healthcare,1-50,0.62,tech_refresh,85,False,1.0,0.4841,1
ACC-001086,Patton-Bernard,Healthcare,1-50,0.702,none,0,False,1.0,0.5235,1
ACC-001087,Powell-Cannon,Legal,5000+,0.834,none,32,True,0.0,0.4548,0
ACC-001088,Smith-Delacruz,Legal,51-200,0.796,none,80,False,1.0,0.2938,1
ACC-001089,Berger-Webster,Legal,1-50,0.969,none,3,False,0.0,0.4058,0
ACC-001090,"Christian, Curry and Ortiz",Financial Services,201-1000,0.904,none,47,False,1.0,0.7986,1
ACC-001091,Simmons PLC,Government,1001-5000,0.455,none,66,True,0.0,0.1873,0
ACC-001092,"Weiss, Butler and Pierce",Real Estate,1-50,0.821,none,18,False,1.0,0.5115,1
ACC-001093,"Larsen, Mays and Moore",Insurance,201-1000,0.56,none,36,True,1.0,0.5963,1
ACC-001094,"Long, Mendoza and Rodriguez",Healthcare,51-200,0.429,none,27,False,1.0,0.8069,0
ACC-001095,King-Jones,Financial Services,1-50,0.631,leadership_change,1,True,1.0,0.9156,1
ACC-001096,White-Bryant,Financial Services,201-1000,0.933,none,1,False,1.0,0.7434,1
ACC-001097,Liu PLC,Manufacturing,201-1000,0.466,funding_round,10,False,0.0,0.3122,0
ACC-001098,Wells-Hines,Legal,51-200,0.732,tech_refresh,9,False,1.0,0.8761,1
ACC-001099,Cox Group,Government,201-1000,0.504,none,14,False,1.0,0.5538,1
ACC-001100,Stone-Wilson,Manufacturing,201-1000,0.426,none,47,True,0.0,0.5856,0
ACC-001101,"Stafford, Dawson and Chapman",Real Estate,1-50,0.732,leadership_change,8,True,1.0,0.7617,1
ACC-001102,Navarro-White,Legal,1-50,0.891,none,3,False,0.0,0.6306,0
ACC-001103,"Schmidt, Tapia and Ferguson",Legal,201-1000,0.842,none,36,False,1.0,0.5447,1
ACC-001104,Baker-Peterson,Legal,1-50,0.862,none,5,True,1.0,0.7528,1
ACC-001105,Castro LLC,Insurance,1-50,0.774,funding_round,20,False,0.0,,0
ACC-001106,Johnson-Miranda,Retail,1001-5000,0.042,compliance_mandate,89,False,1.0,0.6401,0
ACC-001107,Dodson-Cameron,Legal,1-50,0.949,none,3,True,1.0,0.6558,1
ACC-001108,Ryan Inc,Legal,5000+,0.782,funding_round,25,False,0.0,0.2277,0
ACC-001109,Brown LLC,Financial Services,1001-5000,0.838,funding_round,8,False,0.0,0.6176,0
ACC-001110,Foster Ltd,Financial Services,5000+,0.91,none,30,False,1.0,0.615,1
ACC-001111,Hernandez-Poole,Retail,5000+,0.442,none,12,False,1.0,0.8106,0
ACC-001112,"Cook, Jacobs and Henderson",Financial Services,51-200,0.814,funding_round,13,False,0.0,0.6833,0
ACC-001113,Harrison-Dean,Financial Services,201-1000,0.843,funding_round,14,False,0.0,0.4233,0
ACC-001114,Webb PLC,Healthcare,1-50,0.586,none,7,False,1.0,0.9043,1
ACC-001115,Jordan-Ferrell,Healthcare,1-50,0.506,tech_refresh,38,False,0.0,0.2106,0
ACC-001116,"Clark, Hill and Brewer",Legal,1-50,0.836,leadership_change,17,False,1.0,0.5367,1
ACC-001117,Trujillo-Shaw,Manufacturing,1-50,0.346,none,22,False,1.0,0.7953,0
ACC-001118,"Jones, Smith and Kent",Manufacturing,1-50,0.492,none,61,True,1.0,0.8621,0
ACC-001119,Wang Inc,Manufacturing,51-200,0.32,none,6,True,0.0,0.442,0
ACC-001120,Hensley and Sons,Manufacturing,1-50,0.697,none,17,False,1.0,0.7325,1
ACC-001121,Alexander Group,Technology,1001-5000,0.286,compliance_mandate,15,False,1.0,0.3342,0
ACC-001122,Hays Ltd,Financial Services,51-200,0.935,compliance_mandate,12,False,1.0,0.9692,1
ACC-001123,Black PLC,Financial Services,1-50,0.81,leadership_change,9,True,1.0,0.8105,1
ACC-001124,Davenport PLC,Legal,5000+,1.0,none,91,False,0.0,0.5264,0
ACC-001125,King-Shaw,Insurance,51-200,0.959,tech_refresh,46,False,1.0,0.8265,1
ACC-001126,"White, Howard and Carlson",Government,51-200,0.513,compliance_mandate,10,True,1.0,0.8797,1
ACC-001127,Williams-Lambert,Financial Services,201-1000,0.903,compliance_mandate,5,False,1.0,0.8044,1
ACC-001128,Smith-Garcia,Technology,1-50,0.79,none,5,True,1.0,0.9,1
ACC-001129,Brown-Turner,Financial Services,1-50,0.676,none,64,False,1.0,0.7812,1
ACC-001130,Taylor Inc,Real Estate,201-1000,0.783,none,7,False,1.0,0.6249,1
ACC-001131,Patterson-Smith,Financial Services,51-200,0.848,tech_refresh,16,False,0.0,0.7952,0
ACC-001132,"Mills, Young and Pacheco",Technology,5000+,0.593,tech_refresh,8,False,0.0,0.7301,0
ACC-001133,"White, Ferrell and Young",Retail,1001-5000,0.338,none,76,False,0.0,0.4107,0
ACC-001134,"Lewis, Fletcher and Walsh",Insurance,51-200,0.673,leadership_change,12,False,1.0,0.487,1
ACC-001135,Briggs-Pace,Technology,1001-5000,0.801,leadership_change,10,False,1.0,0.7596,1
ACC-001136,Garcia-Johnson,Financial Services,1-50,0.774,none,13,False,1.0,0.6532,1
ACC-001137,Callahan and Sons,Insurance,51-200,0.83,none,10,False,1.0,0.7476,1
ACC-001138,Blackwell Group,Legal,51-200,0.862,compliance_mandate,61,False,1.0,0.8266,1
ACC-001139,Alvarado Ltd,Financial Services,1-50,0.891,tech_refresh,41,False,1.0,0.9156,1
ACC-001140,"Lee, Brown and Holmes",Government,51-200,0.701,none,6,False,1.0,0.6877,1
ACC-001141,"Rice, Johnson and Camacho",Retail,1001-5000,0.428,compliance_mandate,28,False,0.0,0.1473,0
ACC-001142,"King, Lamb and Jones",Government,5000+,0.441,none,21,False,1.0,0.8678,0
ACC-001143,Hill-Butler,Manufacturing,1001-5000,0.433,none,28,False,0.0,,0
ACC-001144,Lee-Johns,Real Estate,5000+,0.816,none,14,False,1.0,0.4464,1
ACC-001145,Colon-Dominguez,Legal,51-200,0.892,compliance_mandate,12,False,1.0,0.6356,1
ACC-001146,Morrison Group,Legal,51-200,0.825,tech_refresh,64,False,1.0,0.4215,1
ACC-001147,Kelly-Campos,Healthcare,1-50,0.615,compliance_mandate,7,False,1.0,0.6632,1
ACC-001148,"West, Ward and Jenkins",Technology,1001-5000,0.512,leadership_change,2,False,1.0,0.5739,1
ACC-001149,Garcia Inc,Retail,1-50,0.396,tech_refresh,23,True,1.0,0.7841,0
ACC-001150,Hampton Inc,Technology,51-200,0.538,funding_round,124,False,1.0,0.8082,1
ACC-001151,"Walker, Banks and Murphy",Manufacturing,1-50,0.292,compliance_mandate,11,False,1.0,0.747,0
ACC-001152,"Zamora, Mueller and West",Financial Services,51-200,0.997,leadership_change,92,False,1.0,0.8693,1
ACC-001153,Adkins Group,Financial Services,201-1000,1.0,none,82,False,1.0,0.4681,1
ACC-001154,Castro-Rocha,Technology,51-200,0.576,none,5,False,1.0,0.5396,1
ACC-001155,Valdez-Atkins,Insurance,201-1000,0.632,none,36,False,1.0,0.7157,1
ACC-001156,Henry Ltd,Legal,1-50,0.762,none,15,True,1.0,0.8371,1
ACC-001157,"Hill, Anderson and Holt",Financial Services,51-200,0.895,none,85,False,0.0,,0
ACC-001158,"Davidson, Martin and Young",Manufacturing,51-200,0.539,compliance_mandate,53,False,1.0,0.8289,1
ACC-001159,"Moreno, Walton and Wright",Real Estate,1001-5000,1.0,compliance_mandate,15,True,1.0,0.6973,1
ACC-001160,"Burns, Gordon and Krause",Legal,51-200,0.785,leadership_change,52,False,1.0,0.761,1
ACC-001161,"Garza, Patel and Bird",Retail,51-200,0.412,funding_round,31,False,1.0,0.714,0
ACC-001162,Weaver-Mooney,Financial Services,51-200,0.968,none,9,False,1.0,0.6838,1
ACC-001163,Payne Group,Retail,1-50,0.27,compliance_mandate,16,False,1.0,0.4742,0
ACC-001164,Middleton-Scott,Manufacturing,1001-5000,0.408,funding_round,10,True,1.0,0.5357,0
ACC-001165,Gonzales-Wagner,Insurance,201-1000,0.816,none,36,False,1.0,0.691,1
ACC-001166,"Smith, Johnson and Hammond",Financial Services,1001-5000,0.967,tech_refresh,68,False,1.0,0.8555,1
ACC-001167,"Montgomery, Dickerson and Anderson",Technology,201-1000,0.584,tech_refresh,11,False,0.0,0.5223,0
ACC-001168,Wall-Carter,Legal,1-50,1.0,none,17,False,1.0,0.7633,1
ACC-001169,"Adams, Cohen and Buckley",Government,51-200,0.38,tech_refresh,25,False,1.0,0.6516,0
ACC-001170,Henry-Guerrero,Technology,201-1000,0.449,tech_refresh,2,False,1.0,0.6707,0
ACC-001171,"Fleming, Lewis and Clark",Government,51-200,0.643,none,16,False,1.0,0.6817,1
ACC-001172,Carr-Henderson,Healthcare,51-200,0.898,funding_round,7,False,1.0,0.4138,1
ACC-001173,Walsh Inc,Healthcare,5000+,0.738,none,26,False,0.0,0.1742,0
ACC-001174,"Dodson, Joyce and Tapia",Healthcare,51-200,0.619,none,9,False,0.0,0.7019,0
ACC-001175,Bush-Cox,Insurance,5000+,0.629,none,17,True,1.0,0.873,1
ACC-001176,Brewer Ltd,Technology,51-200,0.565,leadership_change,47,False,0.0,0.7435,0
ACC-001177,Hernandez LLC,Healthcare,5000+,0.689,none,33,True,0.0,0.2309,0
ACC-001178,Hayes-Guerrero,Financial Services,201-1000,0.911,compliance_mandate,8,False,1.0,0.891,1
ACC-001179,"Hess, Miller and Williams",Manufacturing,1-50,0.501,none,118,True,1.0,0.3812,1
ACC-001180,Phillips LLC,Manufacturing,1-50,0.42,none,2,False,1.0,0.6114,0
ACC-001181,Butler PLC,Government,51-200,0.73,funding_round,6,False,1.0,0.5584,1
ACC-001182,Brock-Dominguez,Retail,201-1000,0.348,funding_round,13,False,1.0,0.722,0
ACC-001183,"Hunt, Mitchell and Johnson",Insurance,201-1000,0.858,leadership_change,67,False,1.0,0.6964,1
ACC-001184,"Scott, Rojas and Garcia",Real Estate,201-1000,0.963,none,48,False,1.0,0.6765,1
ACC-001185,"Moore, Holt and Guzman",Government,1-50,0.677,compliance_mandate,7,False,1.0,0.8284,1
ACC-001186,Garza Inc,Retail,51-200,0.264,tech_refresh,16,False,1.0,0.5524,0
ACC-001187,"Miller, Graham and Palmer",Retail,1-50,0.291,none,0,True,1.0,0.8766,0
ACC-001188,Wyatt-Miller,Insurance,1-50,0.858,none,72,False,1.0,0.5954,1
ACC-001189,Roach LLC,Legal,1-50,0.92,leadership_change,18,False,1.0,0.749,1
ACC-001190,Blackwell-Jordan,Healthcare,5000+,0.649,none,11,False,1.0,0.7037,1
ACC-001191,Watson Inc,Healthcare,1-50,0.611,none,0,False,1.0,0.7238,1
ACC-001192,Miller-Ochoa,Manufacturing,1001-5000,0.405,funding_round,12,False,0.0,0.4417,0
ACC-001193,Zamora-Woods,Financial Services,201-1000,0.941,compliance_mandate,14,False,1.0,0.9161,1
ACC-001194,"Lopez, Alexander and Hansen",Technology,1-50,0.725,leadership_change,24,True,1.0,0.8145,1
ACC-001195,Collins-Mcgee,Legal,1001-5000,0.691,none,15,True,1.0,0.7572,1
ACC-001196,Miller-Torres,Financial Services,1-50,0.824,none,79,False,1.0,0.7265,1
ACC-001197,Sanders LLC,Financial Services,201-1000,0.783,none,17,False,1.0,0.7453,1
ACC-001198,Henderson Group,Government,201-1000,0.55,none,97,True,0.0,0.5073,0
ACC-001199,Wiley-Weaver,Insurance,1001-5000,0.745,leadership_change,68,False,1.0,0.8765,1
ACC-001200,Page Group,Financial Services,1001-5000,1.0,none,7,False,1.0,0.4628,1
ACC-001201,King-Love,Healthcare,201-1000,0.663,none,95,True,1.0,0.6643,1
ACC-001202,"Cruz, Copeland and Davis",Financial Services,201-1000,0.833,funding_round,64,False,0.0,0.0644,0
ACC-001203,Krause Group,Technology,51-200,0.6,compliance_mandate,20,False,0.0,0.4881,0
ACC-001204,Merritt-Perkins,Manufacturing,1-50,0.475,compliance_mandate,41,False,1.0,0.7919,0
ACC-001205,Burns-Miller,Technology,51-200,0.269,leadership_change,61,False,1.0,0.5248,0
ACC-001206,Jones-Byrd,Legal,5000+,1.0,none,20,True,1.0,0.8949,1
ACC-001207,Johnson-Santana,Manufacturing,51-200,0.263,none,16,False,0.0,0.6467,0
ACC-001208,Swanson PLC,Government,201-1000,0.596,compliance_mandate,59,False,1.0,0.736,1
ACC-001209,Choi Group,Legal,201-1000,0.77,none,41,False,1.0,0.7718,1
ACC-001210,"Martinez, Wagner and Coleman",Financial Services,51-200,0.822,none,5,False,1.0,0.5237,1
ACC-001211,Melton-Powell,Healthcare,51-200,0.705,none,9,False,0.0,0.3858,0
ACC-001212,Cooper-Bowers,Technology,5000+,0.505,funding_round,126,False,1.0,0.6737,1
ACC-001213,"Sullivan, Arellano and Campbell",Financial Services,51-200,0.712,none,0,True,1.0,0.5318,1
ACC-001214,Lee-Harris,Real Estate,201-1000,0.859,none,45,True,1.0,0.7143,1
ACC-001215,Arnold-Washington,Financial Services,1-50,0.833,tech_refresh,5,True,1.0,0.8716,1
ACC-001216,Norris-Smith,Real Estate,1001-5000,0.846,none,2,False,1.0,0.7409,1
ACC-001217,Miller-Johnson,Government,1001-5000,0.537,none,12,False,1.0,0.795,1
ACC-001218,Kelly PLC,Real Estate,1001-5000,0.763,none,47,False,1.0,0.5864,1
ACC-001219,Garrison PLC,Technology,5000+,0.533,none,19,False,1.0,0.7166,1
ACC-001220,Merritt and Sons,Healthcare,201-1000,0.643,none,59,True,0.0,0.3397,0
ACC-001221,Wilcox LLC,Real Estate,201-1000,0.796,none,80,False,0.0,0.6892,0
ACC-001222,Thompson-Reynolds,Legal,51-200,1.0,leadership_change,23,False,0.0,0.7778,0
ACC-001223,Wilson LLC,Government,51-200,0.57,none,12,True,1.0,0.4428,1
ACC-001224,Kim-Thompson,Technology,201-1000,0.39,none,150,False,0.0,0.2906,0
ACC-001225,Elliott PLC,Real Estate,51-200,0.89,none,45,True,1.0,0.967,1
ACC-001226,Coffey-Anderson,Manufacturing,51-200,0.379,none,13,False,0.0,0.172,0
ACC-001227,"Buck, Cohen and Jones",Legal,1-50,0.701,tech_refresh,48,False,0.0,0.2629,0
ACC-001228,"Owens, Castro and Guzman",Legal,1-50,1.0,funding_round,1,False,1.0,0.8778,1
ACC-001229,"Allen, Medina and Mcdonald",Technology,201-1000,0.786,none,17,False,1.0,0.6412,1
ACC-001230,Cohen-Hernandez,Government,51-200,0.55,none,26,False,1.0,0.6183,1
ACC-001231,Chavez-Stewart,Insurance,1001-5000,0.812,tech_refresh,55,False,1.0,0.9551,1
ACC-001232,Smith-Schmitt,Legal,1-50,1.0,none,10,False,1.0,0.7502,1
ACC-001233,Alvarez-Hernandez,Manufacturing,5000+,0.268,leadership_change,17,True,1.0,0.5004,0
ACC-001234,Flores-Yoder,Financial Services,1-50,0.72,none,4,False,1.0,0.7753,1
ACC-001235,Martin-Oneal,Real Estate,1001-5000,0.652,none,89,False,1.0,0.6901,1
ACC-001236,"Barron, Anderson and Lopez",Legal,1-50,0.861,funding_round,16,False,1.0,0.8622,1
ACC-001237,Wilson-Stephenson,Technology,51-200,0.744,none,37,True,1.0,0.8428,1
ACC-001238,Baird PLC,Insurance,201-1000,0.93,none,30,False,1.0,0.6855,1
ACC-001239,Townsend Inc,Legal,1001-5000,0.781,tech_refresh,28,False,1.0,0.6574,1
ACC-001240,Bishop and Sons,Government,201-1000,0.782,none,2,False,1.0,0.8002,1
ACC-001241,"Garcia, Gomez and Humphrey",Manufacturing,1-50,0.172,tech_refresh,2,False,1.0,0.6711,0
ACC-001242,Hayes Group,Technology,51-200,0.538,leadership_change,24,False,1.0,0.315,1
ACC-001243,Dodson-Jackson,Insurance,1001-5000,0.964,compliance_mandate,18,False,1.0,0.4889,1
ACC-001244,Ramirez PLC,Legal,201-1000,1.0,leadership_change,115,False,0.0,0.8463,0
ACC-001245,Thomas-Jones,Manufacturing,201-1000,0.413,funding_round,33,False,1.0,0.7393,0
ACC-001246,"Gonzales, Perez and Sharp",Manufacturing,51-200,0.354,none,4,False,1.0,0.5426,0
ACC-001247,"Myers, Bell and Lewis",Real Estate,51-200,0.655,none,25,False,1.0,0.3203,1
ACC-001248,"Jensen, Harding and Bailey",Legal,201-1000,1.0,tech_refresh,23,True,0.0,0.6291,0
ACC-001249,Jones-Barnes,Retail,1-50,0.612,none,17,False,1.0,0.4043,1
ACC-001250,Anderson-Richardson,Insurance,201-1000,0.61,leadership_change,47,False,1.0,0.8035,1
ACC-001251,Patton-Rangel,Real Estate,51-200,0.987,none,69,False,1.0,0.6818,1
ACC-001252,Palmer-Walters,Financial Services,1-50,0.717,none,160,False,1.0,0.5704,1
ACC-001253,Murphy-Stewart,Technology,1-50,0.639,none,2,False,0.0,,0
ACC-001254,Jenkins LLC,Legal,1-50,1.0,funding_round,46,False,1.0,0.6288,1
ACC-001255,"Whitney, Walker and Barker",Technology,1-50,0.493,funding_round,1,False,1.0,0.5614,0
ACC-001256,Hall-Daugherty,Government,201-1000,0.731,tech_refresh,6,False,1.0,0.7787,1
ACC-001257,Perez Group,Healthcare,51-200,0.656,funding_round,0,True,1.0,0.8658,1
ACC-001258,Conrad LLC,Insurance,1-50,0.676,none,62,False,1.0,0.4453,1
ACC-001259,"Norton, Hall and Soto",Healthcare,201-1000,0.683,compliance_mandate,19,False,1.0,0.6548,1
ACC-001260,"Weber, Stokes and Medina",Financial Services,51-200,0.822,compliance_mandate,41,False,1.0,0.8947,1
ACC-001261,Little-Johnson,Insurance,1-50,0.752,none,4,False,1.0,0.7173,1
ACC-001262,Whitney-Hunter,Manufacturing,201-1000,0.355,tech_refresh,25,True,1.0,0.8652,0
ACC-001263,Jensen-Meza,Financial Services,1-50,0.814,tech_refresh,48,False,1.0,0.7376,1
ACC-001264,Taylor-Knight,Insurance,1-50,0.714,funding_round,19,False,1.0,0.564,1
ACC-001265,Chung-Mitchell,Technology,1001-5000,0.551,none,3,True,1.0,0.868,1
ACC-001266,Washington and Sons,Technology,201-1000,0.395,leadership_change,26,False,1.0,0.6928,0
ACC-001267,Davis Group,Healthcare,201-1000,0.58,none,11,False,1.0,0.7295,1
ACC-001268,Mills PLC,Insurance,51-200,0.889,none,18,False,1.0,0.7265,1
ACC-001269,"Powell, Klein and Allen",Insurance,1-50,0.645,none,4,False,1.0,0.8422,1
ACC-001270,"Baker, Anderson and Martinez",Legal,1-50,0.995,none,10,True,1.0,0.925,1
ACC-001271,Wilson-Hall,Government,1-50,0.476,none,80,False,1.0,0.7436,0
ACC-001272,Decker-Nelson,Technology,51-200,0.663,funding_round,9,False,1.0,0.4476,1
ACC-001273,Mack-Brown,Insurance,51-200,0.606,none,5,False,0.0,0.6459,0
ACC-001274,Blackwell-Mueller,Real Estate,5000+,0.856,compliance_mandate,29,False,1.0,0.8192,1
ACC-001275,Jones Ltd,Healthcare,201-1000,0.656,leadership_change,17,True,1.0,0.8536,1
ACC-001276,James-Thompson,Insurance,51-200,0.554,compliance_mandate,34,False,1.0,0.747,1
ACC-001277,"Williams, Levy and Adams",Legal,1-50,0.743,none,10,True,1.0,0.7237,1
ACC-001278,Hart Inc,Government,1-50,0.482,none,11,True,1.0,0.8063,0
ACC-001279,"Dyer, Peterson and Anderson",Real Estate,201-1000,0.632,none,12,False,1.0,0.5614,1
ACC-001280,"Jacobs, Richardson and Adams",Manufacturing,201-1000,0.363,compliance_mandate,60,False,1.0,0.7021,0
ACC-001281,"Hubbard, Gonzales and Pope",Manufacturing,201-1000,0.207,funding_round,23,True,1.0,0.6012,0
ACC-001282,Hudson-Campbell,Legal,1001-5000,0.991,tech_refresh,28,False,1.0,0.7812,1
ACC-001283,Hoffman LLC,Insurance,1001-5000,0.864,none,42,True,1.0,0.9437,1
ACC-001284,Ward PLC,Insurance,51-200,0.664,none,6,False,0.0,0.2801,0
ACC-001285,Garcia Inc,Real Estate,1-50,0.855,leadership_change,28,True,1.0,0.8736,1
ACC-001286,"Reed, Chavez and White",Government,201-1000,0.73,leadership_change,69,False,1.0,0.8488,1
ACC-001287,Taylor-Moore,Government,51-200,0.773,tech_refresh,48,False,1.0,0.7792,1
ACC-001288,"Rogers, Bishop and Burns",Healthcare,1001-5000,0.843,none,11,False,1.0,0.7834,1
ACC-001289,"White, Warner and Wilkins",Retail,51-200,0.448,leadership_change,86,False,0.0,0.3361,0
ACC-001290,"Stone, Torres and Nelson",Real Estate,1-50,0.84,none,3,False,1.0,0.4697,1
ACC-001291,Martinez Ltd,Retail,201-1000,0.363,none,0,True,1.0,0.7273,0
ACC-001292,Nicholson Inc,Government,5000+,0.514,none,31,False,1.0,0.6951,1
ACC-001293,Blanchard-Cobb,Insurance,51-200,0.56,none,12,False,1.0,0.594,1
ACC-001294,Soto and Sons,Legal,201-1000,0.853,none,74,False,1.0,0.8505,1
ACC-001295,Bell LLC,Healthcare,201-1000,0.553,none,50,False,1.0,0.645,1
ACC-001296,"Robinson, Hall and Brown",Government,51-200,0.42,none,12,False,0.0,,0
ACC-001297,Peters PLC,Retail,1-50,0.378,funding_round,1,False,1.0,0.8192,0
ACC-001298,Mullen-Gordon,Insurance,201-1000,0.817,none,41,False,1.0,0.8553,1
ACC-001299,Diaz Inc,Manufacturing,1-50,0.588,none,12,False,0.0,0.6079,0
ACC-001300,Brown PLC,Government,201-1000,0.687,none,4,True,1.0,0.7575,1
ACC-001301,Sanchez-Morales,Healthcare,5000+,0.713,none,11,False,1.0,0.4507,1
ACC-001302,Davidson-Wilson,Retail,201-1000,0.579,funding_round,4,False,1.0,0.571,1
ACC-001303,Clark-Martin,Manufacturing,51-200,0.42,leadership_change,3,False,1.0,0.5161,0
ACC-001304,Murphy-Oneill,Healthcare,1-50,0.677,funding_round,11,False,1.0,0.6215,1
ACC-001305,Kennedy-Gould,Government,1001-5000,0.327,none,5,False,0.0,0.2789,0
ACC-001306,Thomas Ltd,Real Estate,201-1000,0.925,compliance_mandate,8,False,1.0,0.6507,1
ACC-001307,"Howard, Martin and Burgess",Insurance,1-50,0.667,none,29,False,1.0,0.589,1
ACC-001308,"Edwards, Callahan and Drake",Real Estate,51-200,0.9,tech_refresh,2,False,1.0,0.6049,1
ACC-001309,Orr Group,Insurance,201-1000,0.745,none,60,False,1.0,0.7693,1
ACC-001310,Koch-Rosales,Technology,201-1000,0.674,none,22,False,1.0,0.7674,1
ACC-001311,Hopkins-Smith,Retail,1001-5000,0.47,none,13,True,1.0,0.5469,0
ACC-001312,"Davis, Watts and Clements",Healthcare,1-50,0.471,none,55,False,1.0,0.7205,0
ACC-001313,Rodriguez LLC,Real Estate,201-1000,0.631,tech_refresh,4,False,1.0,0.852,1
ACC-001314,"Proctor, Lee and Bennett",Retail,1001-5000,0.462,none,31,True,1.0,0.7638,0
ACC-001315,Sullivan Group,Manufacturing,201-1000,0.452,none,29,False,1.0,0.6518,0
ACC-001316,Weeks-Mclaughlin,Healthcare,201-1000,0.558,none,93,False,1.0,0.6864,1
ACC-001317,Flowers Group,Real Estate,51-200,0.901,none,1,False,1.0,0.5895,1
ACC-001318,"Payne, Cochran and Snow",Insurance,201-1000,0.818,tech_refresh,2,False,1.0,0.4847,1
ACC-001319,Davis Group,Insurance,51-200,0.895,compliance_mandate,21,False,1.0,0.9084,1
ACC-001320,"Woodard, Shelton and Williams",Manufacturing,1001-5000,0.466,none,9,False,0.0,0.3676,0
ACC-001321,"Chapman, Jones and Perry",Real Estate,51-200,0.841,compliance_mandate,0,False,1.0,0.9464,1
ACC-001322,"Shaw, Smith and Young",Retail,51-200,0.615,none,3,True,0.0,,0
ACC-001323,Wu-Perez,Technology,1-50,0.735,funding_round,39,False,1.0,0.9085,1
ACC-001324,Flynn-Brock,Government,1-50,0.577,funding_round,8,False,1.0,0.7388,1
ACC-001325,"Castillo, Herring and Liu",Retail,1001-5000,0.472,none,2,True,1.0,0.7232,0
ACC-001326,Fuller-Woods,Government,1001-5000,0.471,none,36,False,0.0,0.5119,0
ACC-001327,Becker and Sons,Government,1001-5000,0.532,none,5,False,1.0,0.624,1
ACC-001328,"Massey, Hawkins and Mckinney",Real Estate,51-200,0.865,none,108,True,1.0,0.5062,1
ACC-001329,"Hoffman, Williams and Weber",Real Estate,1-50,0.892,none,4,True,1.0,0.655,1
ACC-001330,Knight-Johnston,Technology,1-50,0.5,none,17,False,1.0,0.5829,0
ACC-001331,"Flynn, Jacobs and Williams",Legal,1001-5000,0.89,none,8,False,0.0,0.4272,0
ACC-001332,"Berry, Reed and Garcia",Healthcare,51-200,0.556,none,23,False,1.0,0.419,1
ACC-001333,Campbell-Hobbs,Legal,51-200,1.0,leadership_change,23,True,0.0,0.2693,0
ACC-001334,Lewis Inc,Healthcare,201-1000,0.79,none,12,False,1.0,0.5363,1
ACC-001335,"Holmes, Carr and Smith",Manufacturing,1-50,0.582,none,9,False,0.0,,0
ACC-001336,Butler Ltd,Healthcare,1-50,0.493,none,31,False,1.0,0.8225,0
ACC-001337,Carlson-Beasley,Retail,1001-5000,0.343,leadership_change,2,True,0.0,0.2773,0
ACC-001338,"Fox, Barnes and Navarro",Real Estate,1-50,0.714,none,73,False,1.0,0.8866,1
ACC-001339,Mccarthy and Sons,Real Estate,1001-5000,0.936,none,0,False,1.0,0.501,1
ACC-001340,"Holmes, Smith and Flowers",Retail,51-200,0.328,none,8,False,1.0,0.5816,0
ACC-001341,Mack-Carrillo,Manufacturing,51-200,0.531,tech_refresh,49,False,1.0,0.6105,1
ACC-001342,Ware-Cowan,Manufacturing,1-50,0.42,none,20,True,1.0,0.6512,0
ACC-001343,"Horn, Dominguez and Walker",Government,1001-5000,0.75,none,36,True,0.0,0.6332,0
ACC-001344,Santos-Rose,Insurance,51-200,0.677,compliance_mandate,12,False,1.0,0.8074,1
ACC-001345,Martinez Inc,Government,51-200,0.647,none,24,False,0.0,0.5855,0
ACC-001346,"Robinson, Simmons and Mason",Real Estate,51-200,0.809,leadership_change,41,False,0.0,,0
ACC-001347,Spencer-Stone,Insurance,1-50,0.745,none,0,False,1.0,0.7351,1
ACC-001348,"Chapman, Reyes and Zimmerman",Technology,201-1000,0.462,compliance_mandate,48,False,1.0,0.4294,0
ACC-001349,Craig-Barker,Insurance,51-200,0.771,none,34,False,1.0,0.7003,1
ACC-001350,Patterson-Odonnell,Manufacturing,51-200,0.417,leadership_change,42,False,1.0,0.7321,0
ACC-001351,Acosta-House,Healthcare,201-1000,0.808,funding_round,31,True,1.0,0.79,1
ACC-001352,"Bond, Little and Hunter",Retail,201-1000,0.408,compliance_mandate,27,False,0.0,0.4898,0
ACC-001353,Hays Inc,Retail,1-50,0.56,none,20,True,1.0,0.883,1
ACC-001354,"Bradley, Martinez and Wells",Legal,1-50,0.98,leadership_change,19,True,1.0,0.7868,1
ACC-001355,"Davis, Butler and Dillon",Healthcare,1-50,0.804,none,2,False,0.0,0.3509,0
ACC-001356,"Arnold, Chambers and Gonzalez",Retail,51-200,0.145,none,14,False,1.0,0.7849,0
ACC-001357,Reyes-Garza,Insurance,51-200,0.707,tech_refresh,51,False,1.0,0.5883,1
ACC-001358,Walsh-Martinez,Technology,1-50,0.698,none,27,False,1.0,0.7251,1
ACC-001359,"Allen, Sullivan and Taylor",Technology,1-50,0.712,leadership_change,12,False,1.0,0.7497,1
ACC-001360,Clements-Walters,Technology,1001-5000,0.525,tech_refresh,67,True,1.0,0.8146,1
ACC-001361,Williams-Larson,Legal,51-200,0.869,compliance_mandate,2,False,1.0,0.8306,1
ACC-001362,"Rollins, Bradley and Young",Healthcare,5000+,0.631,tech_refresh,3,False,1.0,0.8072,1
ACC-001363,"Shepherd, Jones and Martin",Insurance,1-50,0.602,tech_refresh,1,True,0.0,0.6606,0
ACC-001364,Bowman LLC,Government,1-50,0.307,none,30,False,1.0,0.2048,0
ACC-001365,Wilson-Casey,Real Estate,51-200,0.822,tech_refresh,83,False,1.0,0.7447,1
ACC-001366,Bailey-Ramirez,Financial Services,1001-5000,0.623,compliance_mandate,142,False,1.0,0.5687,1
ACC-001367,Cohen Ltd,Real Estate,1-50,0.691,none,18,False,0.0,0.6211,0
ACC-001368,"Reyes, Johnson and Freeman",Financial Services,51-200,0.76,compliance_mandate,42,False,1.0,0.4818,1
ACC-001369,Huffman-Hall,Insurance,1-50,0.816,compliance_mandate,7,False,1.0,0.7508,1
ACC-001370,Thompson-Coleman,Financial Services,51-200,0.83,compliance_mandate,7,False,1.0,0.8272,1
ACC-001371,Mcdaniel-May,Retail,201-1000,0.49,none,130,True,1.0,0.7581,0
ACC-001372,"Wise, Graham and Ramirez",Retail,51-200,0.541,tech_refresh,67,True,1.0,0.9226,1
ACC-001373,Williams-Lewis,Healthcare,1001-5000,0.637,leadership_change,13,False,0.0,0.3993,0
ACC-001374,Richardson-Myers,Real Estate,1-50,0.52,tech_refresh,18,False,1.0,0.7508,1
ACC-001375,Olson-Little,Healthcare,1-50,0.691,none,80,False,1.0,0.8312,1
ACC-001376,Grant LLC,Financial Services,1-50,0.831,none,30,False,0.0,0.6337,0
ACC-001377,Richardson Group,Legal,1-50,0.953,none,1,False,1.0,0.9107,1
ACC-001378,"George, Moore and Simpson",Healthcare,201-1000,0.695,funding_round,58,False,0.0,,0
ACC-001379,"Allen, Matthews and Nolan",Government,201-1000,0.477,none,8,False,1.0,0.5859,0
ACC-001380,Atkinson-Ochoa,Technology,201-1000,0.564,tech_refresh,7,False,0.0,,0
ACC-001381,Juarez and Sons,Real Estate,51-200,0.915,none,18,False,1.0,0.639,1
ACC-001382,"Rodriguez, Torres and Dunlap",Healthcare,5000+,0.428,funding_round,46,False,1.0,0.6462,0
ACC-001383,Sandoval Ltd,Insurance,1-50,0.688,none,41,False,1.0,0.7254,1
ACC-001384,Warren and Sons,Real Estate,1-50,0.727,none,9,False,1.0,0.7624,1
ACC-001385,Reynolds Group,Real Estate,51-200,0.71,compliance_mandate,5,False,1.0,0.7088,1
ACC-001386,"Lang, Black and Butler",Insurance,51-200,0.865,funding_round,15,False,1.0,0.8583,1
ACC-001387,Mckay-Donovan,Healthcare,1-50,0.47,none,5,False,1.0,0.3968,0
ACC-001388,Mitchell Ltd,Real Estate,51-200,0.979,none,0,False,1.0,0.8564,1
ACC-001389,Ellis-Stephens,Government,1001-5000,0.562,none,9,False,1.0,0.6857,1
ACC-001390,Jordan-Adkins,Legal,51-200,1.0,none,15,False,1.0,0.7366,1
ACC-001391,"Jackson, Dixon and Hays",Financial Services,201-1000,0.802,funding_round,52,False,1.0,0.7887,1
ACC-001392,Garcia-Morris,Manufacturing,1001-5000,0.423,leadership_change,36,True,0.0,,0
ACC-001393,"Bird, Rios and Williams",Legal,51-200,0.916,none,8,False,1.0,0.5757,1
ACC-001394,Williams-Keller,Healthcare,51-200,0.593,funding_round,25,False,1.0,0.5713,1
ACC-001395,Park Inc,Government,1001-5000,0.558,tech_refresh,21,False,1.0,0.4921,1
ACC-001396,Jones-Gibbs,Financial Services,1-50,0.917,none,4,False,1.0,0.6282,1
ACC-001397,Noble LLC,Insurance,5000+,0.748,none,27,True,1.0,0.809,1
ACC-001398,Lynn LLC,Government,51-200,0.73,leadership_change,0,True,1.0,0.8259,1
ACC-001399,Mcdonald Ltd,Retail,1-50,0.345,leadership_change,11,False,0.0,0.4404,0
ACC-001400,"Mayer, Campos and Johnson",Real Estate,1-50,0.938,leadership_change,12,False,1.0,0.8107,1
ACC-001401,"Davis, Johnson and Macias",Government,1-50,0.598,tech_refresh,27,False,1.0,0.8379,1
ACC-001402,Clements LLC,Retail,1-50,0.502,none,3,False,1.0,0.7727,1
ACC-001403,Miller-Gardner,Technology,201-1000,0.41,none,41,False,0.0,0.5489,0
ACC-001404,Huff and Sons,Financial Services,1-50,0.787,none,9,False,1.0,0.7816,1
ACC-001405,"Moreno, Garrison and Todd",Legal,201-1000,0.869,none,51,True,0.0,0.5766,0
ACC-001406,Curtis PLC,Government,51-200,0.5,none,1,False,1.0,0.4575,0
ACC-001407,"Roberson, Adkins and Cruz",Healthcare,51-200,0.614,tech_refresh,36,False,0.0,0.6568,0
ACC-001408,Acevedo PLC,Manufacturing,51-200,0.445,tech_refresh,1,False,1.0,0.6855,0
ACC-001409,"Johnson, Cox and Brown",Manufacturing,1-50,0.408,none,140,False,1.0,0.5734,0
ACC-001410,Payne and Sons,Real Estate,201-1000,0.536,none,35,False,1.0,0.6792,1
ACC-001411,Washington and Sons,Financial Services,201-1000,0.666,compliance_mandate,29,True,1.0,0.9074,1
ACC-001412,Brown-Sullivan,Technology,1-50,0.5,none,1,False,0.0,0.1537,0
ACC-001413,Hines-Boyd,Manufacturing,201-1000,0.375,compliance_mandate,23,False,1.0,0.6153,0
ACC-001414,Mccarty Inc,Financial Services,201-1000,0.961,none,67,False,0.0,0.8148,0
ACC-001415,Aguirre Ltd,Legal,201-1000,0.827,none,115,False,1.0,0.5928,1
ACC-001416,Valdez-Smith,Retail,1-50,0.325,funding_round,87,True,1.0,0.8255,0
ACC-001417,"Kelly, Edwards and West",Technology,1-50,0.536,none,14,True,1.0,0.638,1
ACC-001418,Arnold-Heath,Financial Services,201-1000,0.881,tech_refresh,24,True,1.0,0.7306,1
ACC-001419,Ford-Carter,Manufacturing,51-200,0.539,none,18,False,0.0,0.3928,0
ACC-001420,"Hill, Orozco and Bolton",Real Estate,201-1000,0.878,none,58,True,0.0,0.678,0
ACC-001421,Hicks Group,Healthcare,1-50,0.661,funding_round,61,True,1.0,0.6569,1
ACC-001422,"Wong, Rose and Fox",Retail,51-200,0.332,funding_round,58,False,1.0,0.4618,0
ACC-001423,Sanders and Sons,Insurance,5000+,0.611,funding_round,48,False,1.0,0.823,1
ACC-001424,Collins-Velasquez,Healthcare,5000+,0.67,none,139,False,1.0,0.7847,1
ACC-001425,Moon-Graham,Real Estate,5000+,0.774,none,30,False,1.0,0.7389,1
ACC-001426,Mccall-Frazier,Manufacturing,51-200,0.336,funding_round,30,True,1.0,0.2643,0
ACC-001427,"Avila, Hernandez and Perry",Manufacturing,1-50,0.398,none,21,False,1.0,0.6992,0
ACC-001428,Jenkins LLC,Financial Services,1-50,0.903,funding_round,5,False,1.0,0.6419,1
ACC-001429,Alvarado-Wright,Manufacturing,1-50,0.294,funding_round,26,False,0.0,0.2748,0
ACC-001430,"Bryant, Rasmussen and Roman",Financial Services,51-200,0.606,none,27,False,1.0,0.9136,1
ACC-001431,Rodriguez-Norman,Retail,1-50,0.427,funding_round,100,False,0.0,0.4418,0
ACC-001432,Williams LLC,Financial Services,1001-5000,0.907,none,16,True,1.0,0.6488,1
ACC-001433,Rasmussen-Riley,Financial Services,5000+,0.879,none,11,False,1.0,0.7214,1
ACC-001434,Hicks and Sons,Technology,1001-5000,0.539,compliance_mandate,1,True,1.0,0.8581,1
ACC-001435,"Ray, Jackson and Cook",Healthcare,201-1000,0.692,none,1,False,1.0,0.7384,1
ACC-001436,Lee Ltd,Retail,1001-5000,0.658,tech_refresh,13,False,0.0,0.7006,0
ACC-001437,"Smith, Shaw and Meyer",Insurance,1001-5000,0.695,tech_refresh,91,False,1.0,0.9314,1
ACC-001438,Stokes-Gray,Government,5000+,0.531,compliance_mandate,5,False,1.0,0.7405,1
ACC-001439,"Pham, Tate and Long",Insurance,1-50,0.646,none,18,True,1.0,0.8267,1
ACC-001440,Choi Ltd,Technology,1-50,0.653,funding_round,32,False,0.0,0.5585,0
ACC-001441,Martinez-Williams,Technology,1-50,0.607,leadership_change,26,False,1.0,0.6638,1
ACC-001442,Smith-Holmes,Real Estate,51-200,0.878,leadership_change,21,False,1.0,0.8776,1
ACC-001443,Blackburn PLC,Government,1-50,0.719,leadership_change,11,False,1.0,0.7672,1
ACC-001444,"Bowman, Oliver and Robbins",Manufacturing,1-50,0.427,tech_refresh,52,False,1.0,0.6881,0
ACC-001445,Porter Ltd,Manufacturing,51-200,0.484,leadership_change,33,False,1.0,0.7577,0
ACC-001446,Dominguez-Howell,Financial Services,51-200,0.883,none,0,False,1.0,0.5463,1
ACC-001447,Rodriguez Inc,Manufacturing,51-200,0.36,none,8,True,1.0,0.5686,0
ACC-001448,"Cervantes, Phillips and Patel",Financial Services,1001-5000,0.921,tech_refresh,2,False,1.0,0.6928,1
ACC-001449,"Walker, Evans and Lane",Real Estate,5000+,0.753,leadership_change,21,False,1.0,0.7142,1
ACC-001450,"Parks, Weiss and Parks",Insurance,201-1000,0.618,funding_round,25,False,0.0,0.312,0
ACC-001451,Baker-Erickson,Insurance,201-1000,0.744,funding_round,9,False,0.0,,0
ACC-001452,Ward-Ortiz,Manufacturing,5000+,0.427,none,30,True,0.0,,0
ACC-001453,Mora PLC,Retail,5000+,0.351,none,15,False,0.0,0.431,0
ACC-001454,"Newman, Wong and Thompson",Government,51-200,0.607,none,21,False,0.0,0.3696,0
ACC-001455,Cannon-Carlson,Insurance,1-50,0.584,none,48,True,1.0,0.5246,1
ACC-001456,Monroe Ltd,Technology,5000+,0.478,none,2,False,1.0,0.635,0
ACC-001457,Mcgrath-Howard,Government,1-50,0.574,tech_refresh,3,False,0.0,0.6479,0
ACC-001458,"Ramos, Garcia and Rhodes",Technology,51-200,0.461,tech_refresh,10,True,0.0,0.2478,0
ACC-001459,Miller-Anderson,Financial Services,201-1000,0.546,leadership_change,0,False,0.0,0.3296,0
ACC-001460,Jimenez-Ross,Insurance,201-1000,0.693,none,2,False,0.0,0.3727,0
ACC-001461,"Shaw, Williams and Erickson",Government,201-1000,0.598,tech_refresh,24,False,0.0,0.471,0
ACC-001462,Oneill-Foley,Legal,201-1000,0.902,funding_round,147,True,1.0,0.8457,1
ACC-001463,Lara-Simmons,Real Estate,5000+,0.603,none,29,False,1.0,0.5373,1
ACC-001464,"Henry, Smith and Smith",Insurance,201-1000,0.791,compliance_mandate,72,False,1.0,0.6126,1
ACC-001465,"Mckee, Andersen and Ortega",Real Estate,51-200,0.889,none,50,False,1.0,0.6239,1
ACC-001466,Martinez-Coleman,Healthcare,1-50,0.6,none,85,False,1.0,0.7751,1
ACC-001467,Atkinson-Perez,Legal,1-50,0.938,compliance_mandate,7,False,0.0,0.8021,0
ACC-001468,Lucas-Strickland,Healthcare,51-200,0.626,funding_round,151,False,1.0,0.6642,1
ACC-001469,"Johnson, Thomas and Jones",Technology,1-50,0.721,none,16,False,1.0,0.586,1
ACC-001470,Kelly PLC,Healthcare,1-50,0.659,leadership_change,12,False,1.0,0.6025,1
ACC-001471,"Watkins, Myers and Tapia",Legal,1-50,0.884,tech_refresh,83,False,1.0,0.85,1
ACC-001472,Lewis and Sons,Healthcare,1-50,0.676,funding_round,25,False,1.0,0.6919,1
ACC-001473,Miles Inc,Technology,51-200,0.541,leadership_change,10,True,1.0,0.7727,1
ACC-001474,Rodriguez-Miles,Technology,5000+,0.869,funding_round,55,False,1.0,0.4017,1
ACC-001475,Shaw Group,Real Estate,1001-5000,0.642,tech_refresh,47,False,1.0,0.6399,1
ACC-001476,"Patterson, Landry and Kennedy",Retail,1-50,0.546,none,1,False,1.0,0.5689,1
ACC-001477,Sanchez-Melendez,Manufacturing,1-50,0.355,none,9,False,0.0,0.1177,0
ACC-001478,"Johnson, Mccullough and Hawkins",Retail,201-1000,0.253,none,33,False,0.0,0.3333,0
ACC-001479,Martinez-Byrd,Real Estate,1-50,0.98,funding_round,42,False,1.0,0.8358,1
ACC-001480,"Gentry, Camacho and Kelly",Insurance,201-1000,0.863,tech_refresh,15,True,1.0,0.7532,1
ACC-001481,Martinez and Sons,Legal,201-1000,0.936,tech_refresh,33,False,1.0,0.4808,1
ACC-001482,Salinas-Tucker,Technology,5000+,0.384,compliance_mandate,10,False,1.0,0.6156,0
ACC-001483,"Stewart, Turner and Lewis",Healthcare,51-200,0.741,none,7,False,1.0,0.6693,1
ACC-001484,"James, Robinson and Thompson",Healthcare,51-200,0.782,none,14,True,1.0,0.9503,1
ACC-001485,"Davis, Tran and Garcia",Insurance,51-200,0.817,none,0,False,1.0,0.7419,1
ACC-001486,"Perez, Wright and Sims",Manufacturing,201-1000,0.616,leadership_change,12,False,1.0,0.4262,1
ACC-001487,Sims-Williamson,Government,51-200,0.753,none,67,False,0.0,0.473,0
ACC-001488,Torres PLC,Insurance,5000+,0.826,none,43,False,1.0,0.9267,1
ACC-001489,Walker-Dunlap,Manufacturing,51-200,0.474,tech_refresh,85,False,1.0,0.5789,0
ACC-001490,"Jordan, Mata and Lawson",Manufacturing,51-200,0.748,tech_refresh,7,False,0.0,0.506,0
ACC-001491,"Noble, Cox and Cox",Real Estate,51-200,0.776,none,9,True,1.0,0.7196,1
ACC-001492,Grant-Alvarez,Healthcare,1001-5000,0.796,none,63,False,0.0,0.7755,0
ACC-001493,Morris-Wilson,Real Estate,51-200,0.812,leadership_change,10,False,1.0,0.4717,1
ACC-001494,Zimmerman and Sons,Financial Services,1-50,1.0,leadership_change,26,False,1.0,0.804,1
ACC-001495,Johnson-Price,Legal,51-200,0.894,none,37,False,1.0,0.9043,1
ACC-001496,"Hernandez, Anderson and Watson",Manufacturing,5000+,0.437,none,2,False,0.0,0.3297,0
ACC-001497,Day-Curtis,Real Estate,1-50,0.744,tech_refresh,18,False,0.0,0.3839,0
ACC-001498,Williams-Bridges,Retail,1-50,0.511,none,21,False,1.0,0.447,1
ACC-001499,"Stephens, Sanders and Anderson",Real Estate,1-50,0.95,funding_round,29,False,1.0,0.8747,1
ACC-001500,"Davis, Oconnor and Davis",Legal,201-1000,0.745,funding_round,6,False,1.0,0.8915,1
ACC-001501,Austin-Taylor,Healthcare,1001-5000,0.731,none,42,True,1.0,0.804,1
ACC-001502,Mcmahon PLC,Healthcare,201-1000,0.768,compliance_mandate,11,False,1.0,0.7938,1
ACC-001503,Cooper LLC,Manufacturing,1-50,0.503,none,51,False,1.0,0.4592,1
ACC-001504,Jackson-Stark,Retail,1-50,0.442,leadership_change,43,True,1.0,0.7249,0
ACC-001505,Harrington PLC,Government,1001-5000,0.661,none,71,False,0.0,0.4533,0
ACC-001506,Myers-Johnson,Real Estate,51-200,1.0,none,82,False,0.0,0.172,0
ACC-001507,Simpson-Wilson,Real Estate,1-50,0.751,none,24,False,0.0,,0
ACC-001508,Brown-Lopez,Legal,51-200,0.751,compliance_mandate,44,False,1.0,0.8433,1
ACC-001509,Alvarez Group,Manufacturing,51-200,0.478,none,1,True,1.0,0.5185,0
ACC-001510,"Marsh, Wilson and Jones",Real Estate,5000+,1.0,none,17,False,0.0,0.7567,0
ACC-001511,Edwards-Gonzalez,Real Estate,51-200,1.0,leadership_change,2,False,1.0,0.8529,1
ACC-001512,"Schmidt, Brown and Huffman",Manufacturing,201-1000,0.295,leadership_change,28,True,1.0,0.8164,0
ACC-001513,Hess-Evans,Technology,51-200,0.61,tech_refresh,30,True,1.0,0.8151,1
ACC-001514,Silva Inc,Legal,1001-5000,0.79,leadership_change,130,False,1.0,0.6158,1
ACC-001515,Garcia Group,Retail,1-50,0.279,compliance_mandate,45,True,0.0,0.596,0
ACC-001516,Shelton-Gutierrez,Legal,1001-5000,0.826,tech_refresh,12,False,1.0,0.6818,1
ACC-001517,Meyer and Sons,Legal,201-1000,0.969,tech_refresh,11,True,1.0,0.9033,1
ACC-001518,"Pennington, Matthews and Floyd",Healthcare,1001-5000,0.68,leadership_change,14,False,0.0,,0
ACC-001519,Potter LLC,Financial Services,201-1000,0.878,none,26,False,1.0,0.4975,1
ACC-001520,"Carey, Little and Dillon",Financial Services,51-200,1.0,none,17,False,0.0,,0
ACC-001521,Riley-Mccann,Legal,1-50,0.787,tech_refresh,8,True,1.0,0.8815,1
ACC-001522,Nguyen-Johnson,Legal,1-50,0.837,tech_refresh,20,False,1.0,0.8168,1
ACC-001523,Blankenship PLC,Insurance,51-200,0.661,funding_round,20,False,1.0,0.474,1
ACC-001524,Richmond and Sons,Legal,51-200,0.916,none,29,False,1.0,0.6338,1
ACC-001525,"Robertson, Robbins and Gonzalez",Manufacturing,51-200,0.409,none,1,False,0.0,0.5663,0
ACC-001526,Hartman and Sons,Real Estate,201-1000,0.936,none,21,True,0.0,0.4505,0
ACC-001527,Murray-Gates,Legal,1-50,0.949,funding_round,92,False,1.0,0.8316,1
ACC-001528,Wheeler-Barrett,Technology,1-50,0.651,leadership_change,17,False,1.0,0.8319,1
ACC-001529,White Ltd,Insurance,51-200,0.727,funding_round,81,True,1.0,0.6431,1
ACC-001530,Holloway-Mason,Healthcare,51-200,0.641,none,37,True,1.0,0.8859,1
ACC-001531,Baker-Lewis,Insurance,51-200,0.678,none,16,False,0.0,0.5357,0
ACC-001532,"Long, Wang and Chavez",Legal,1001-5000,0.975,none,6,False,1.0,0.8377,1
ACC-001533,"Hurst, Taylor and Jones",Insurance,51-200,0.861,tech_refresh,25,False,1.0,0.3587,1
ACC-001534,Reed-Moss,Financial Services,201-1000,1.0,tech_refresh,15,True,1.0,0.6843,1
ACC-001535,"Cortez, Johnson and Rich",Financial Services,1001-5000,0.931,leadership_change,37,False,0.0,0.5927,0
ACC-001536,"Romero, Patterson and Anderson",Manufacturing,1-50,0.357,tech_refresh,91,False,0.0,,0
ACC-001537,Collins Inc,Manufacturing,1-50,0.646,none,18,True,1.0,0.8699,1
ACC-001538,Avery-Fisher,Manufacturing,51-200,0.63,none,9,False,1.0,0.4691,1
ACC-001539,James-Martinez,Financial Services,51-200,0.631,funding_round,90,False,1.0,0.7437,1
ACC-001540,Spencer-Khan,Legal,201-1000,0.929,none,24,False,0.0,0.437,0
ACC-001541,Ingram Inc,Government,1-50,0.313,none,12,False,1.0,0.5479,0
ACC-001542,Olson-Alexander,Technology,51-200,0.514,none,13,False,1.0,0.4076,1
ACC-001543,Santos and Sons,Real Estate,201-1000,0.732,compliance_mandate,22,False,1.0,0.603,1
ACC-001544,Bryant Group,Healthcare,1-50,0.665,funding_round,6,False,1.0,0.7378,1
ACC-001545,Woodard-King,Technology,51-200,0.494,none,87,False,1.0,0.6317,0
ACC-001546,Mccormick-Fox,Technology,51-200,0.456,funding_round,17,True,1.0,0.5216,0
ACC-001547,"Wilson, Montes and Figueroa",Healthcare,1001-5000,0.704,none,36,False,1.0,0.8218,1
ACC-001548,Lucas-Baldwin,Government,51-200,0.658,none,7,False,1.0,0.8625,1
ACC-001549,Brooks and Sons,Manufacturing,5000+,0.542,none,7,False,1.0,0.711,1
ACC-001550,Fisher Group,Manufacturing,1-50,0.472,leadership_change,32,True,1.0,0.7546,0
ACC-001551,"Ruiz, Reynolds and Fischer",Legal,1-50,0.889,funding_round,7,True,1.0,0.9573,1
ACC-001552,"Henderson, Scott and Weeks",Government,5000+,0.564,none,12,False,1.0,0.8488,1
ACC-001553,Howard and Sons,Retail,1-50,0.435,tech_refresh,1,False,1.0,0.4364,0
ACC-001554,Simmons Ltd,Legal,51-200,0.906,funding_round,3,False,1.0,0.5864,1
ACC-001555,Gordon-Buchanan,Technology,1-50,0.576,none,1,False,1.0,0.7675,1
ACC-001556,Perry-Gentry,Technology,1-50,0.417,none,18,False,0.0,,0
ACC-001557,"Williams, Jackson and Hutchinson",Insurance,1-50,0.926,funding_round,10,False,1.0,0.5234,1
ACC-001558,Roberson-Huang,Government,1-50,0.441,none,6,False,1.0,0.6868,0
ACC-001559,"Porter, Robinson and Rogers",Insurance,51-200,0.811,none,2,False,1.0,0.4476,1
ACC-001560,"West, Gutierrez and Bell",Real Estate,1-50,0.846,none,34,False,1.0,0.5628,1
ACC-001561,"Fox, Warren and Thomas",Insurance,1001-5000,0.836,none,18,True,1.0,0.8327,1
ACC-001562,Hall-Barber,Technology,201-1000,0.489,leadership_change,43,True,1.0,0.5692,0
ACC-001563,"Wolfe, Nelson and Vincent",Retail,201-1000,0.424,compliance_mandate,10,True,0.0,0.378,0
ACC-001564,"Boyd, Gutierrez and Edwards",Real Estate,1-50,0.823,compliance_mandate,48,False,1.0,0.8762,1
ACC-001565,Harrison Inc,Government,1-50,0.558,leadership_change,76,True,1.0,0.5515,1
ACC-001566,Hartman LLC,Technology,1-50,0.632,none,10,False,0.0,0.3668,0
ACC-001567,"Bennett, Cochran and Romero",Real Estate,51-200,0.979,none,6,True,1.0,0.8574,1
ACC-001568,Shepherd LLC,Manufacturing,51-200,0.315,none,32,False,1.0,0.6333,0
ACC-001569,Bennett Group,Financial Services,1-50,0.812,none,6,False,1.0,0.7177,1
ACC-001570,Jones-Henderson,Insurance,1001-5000,0.522,leadership_change,21,False,0.0,0.4852,0
ACC-001571,Crawford Ltd,Financial Services,5000+,0.785,none,14,False,1.0,0.6375,1
ACC-001572,Rogers and Sons,Financial Services,51-200,0.844,none,113,False,1.0,0.4935,1
ACC-001573,Cordova-Brown,Legal,51-200,0.988,leadership_change,7,True,1.0,0.9343,1
ACC-001574,"Thompson, York and Roberts",Retail,1-50,0.643,funding_round,4,False,1.0,0.772,1
ACC-001575,"Hernandez, Garcia and Mcclain",Manufacturing,1001-5000,0.419,none,10,False,1.0,0.3223,0
ACC-001576,Russo LLC,Government,1001-5000,0.612,none,2,True,1.0,0.7011,1
ACC-001577,"Johnson, Harris and Brown",Government,51-200,0.713,funding_round,12,False,1.0,0.9217,1
ACC-001578,Preston-Cantrell,Healthcare,51-200,0.591,leadership_change,86,False,1.0,0.7422,1
ACC-001579,Maldonado-Brown,Manufacturing,1-50,0.305,tech_refresh,54,False,1.0,0.5673,0
ACC-001580,Anderson-Estrada,Financial Services,1-50,0.722,leadership_change,66,False,0.0,,0
ACC-001581,Davis-George,Retail,51-200,0.45,tech_refresh,3,False,0.0,0.5815,0
ACC-001582,Baker-Herrera,Healthcare,201-1000,0.686,none,62,False,1.0,0.7423,1
ACC-001583,Swanson Inc,Legal,1001-5000,0.972,leadership_change,31,False,0.0,0.5208,0
ACC-001584,Graham-Meyers,Technology,201-1000,0.559,none,6,False,1.0,0.5072,1
ACC-001585,White and Sons,Technology,1-50,0.615,leadership_change,10,True,1.0,0.6649,1
ACC-001586,"Pace, King and Chang",Financial Services,1001-5000,0.843,compliance_mandate,41,False,1.0,0.7928,1
ACC-001587,Mcintosh-Finley,Government,5000+,0.486,compliance_mandate,104,False,1.0,0.7532,0
ACC-001588,"Mccoy, Mcfarland and Mccarthy",Retail,51-200,0.361,funding_round,13,False,1.0,0.7041,0
ACC-001589,Kelly Ltd,Insurance,1001-5000,0.875,tech_refresh,11,False,0.0,0.3318,0
ACC-001590,"Garrett, Compton and Bradley",Financial Services,51-200,0.781,funding_round,52,True,0.0,0.854,0
ACC-001591,King Inc,Financial Services,201-1000,1.0,none,67,True,1.0,0.8822,1
ACC-001592,Stein-Smith,Real Estate,1-50,0.879,leadership_change,24,False,1.0,0.5679,1
ACC-001593,Martin-Davis,Healthcare,51-200,0.58,tech_refresh,11,True,1.0,0.8542,1
ACC-001594,Ballard PLC,Legal,51-200,0.845,none,21,False,1.0,0.6389,1
ACC-001595,Barton and Sons,Healthcare,1-50,0.502,none,21,False,1.0,0.4105,1
ACC-001596,Morgan-Sullivan,Real Estate,1-50,0.882,none,35,False,1.0,0.1926,1
ACC-001597,Hobbs-Boyle,Manufacturing,201-1000,0.523,compliance_mandate,1,False,1.0,0.75,1
ACC-001598,Chan and Sons,Real Estate,51-200,0.804,leadership_change,8,False,1.0,0.1069,1
ACC-001599,Little Ltd,Financial Services,201-1000,0.985,funding_round,1,False,1.0,0.8033,1
ACC-001600,White-Dunn,Government,1-50,0.438,leadership_change,1,False,1.0,0.5834,0
ACC-001601,Washington-Bauer,Healthcare,201-1000,0.647,none,36,True,1.0,0.8708,1
ACC-001602,"Soto, Moore and Sanders",Manufacturing,51-200,0.521,none,20,False,1.0,0.4845,1
ACC-001603,Bennett-Haas,Legal,201-1000,0.997,tech_refresh,2,False,1.0,0.8227,1
ACC-001604,Andrews-Sparks,Financial Services,51-200,0.683,none,6,False,1.0,0.6881,1
ACC-001605,"Howard, Lee and Lindsey",Government,51-200,0.543,none,19,False,1.0,0.7469,1
ACC-001606,Benitez PLC,Healthcare,201-1000,0.581,leadership_change,0,False,1.0,0.8547,1
ACC-001607,Ingram-Smith,Government,51-200,0.53,leadership_change,13,False,0.0,0.7442,0
ACC-001608,Trevino-Webb,Retail,201-1000,0.446,none,53,False,1.0,0.3148,0
ACC-001609,"Powell, Moore and Bailey",Real Estate,5000+,0.721,none,21,False,1.0,0.6728,1
ACC-001610,Daniel Ltd,Manufacturing,1-50,0.484,leadership_change,31,False,1.0,0.7216,0
ACC-001611,Jones Inc,Healthcare,1-50,0.829,none,2,False,1.0,0.6204,1
ACC-001612,Vazquez and Sons,Financial Services,51-200,0.694,none,28,False,1.0,0.8042,1
ACC-001613,Mcbride PLC,Technology,201-1000,0.546,funding_round,36,False,1.0,0.8277,1
ACC-001614,Wood and Sons,Legal,51-200,1.0,none,16,False,1.0,0.4167,1
ACC-001615,Fernandez Inc,Retail,1001-5000,0.317,compliance_mandate,101,False,1.0,0.7397,0
ACC-001616,Roberts Ltd,Government,1-50,0.633,none,268,False,1.0,0.7481,1
ACC-001617,Carpenter-Wallace,Financial Services,51-200,0.965,funding_round,152,False,0.0,,0
ACC-001618,"Ruiz, Duke and Hill",Insurance,1-50,0.612,none,21,False,1.0,0.7251,1
ACC-001619,Shaffer-Cameron,Retail,1-50,0.419,none,47,False,1.0,0.4407,0
ACC-001620,Curry and Sons,Healthcare,51-200,0.486,funding_round,38,False,0.0,0.7451,0
ACC-001621,Ashley-Cruz,Government,51-200,0.642,none,42,True,1.0,0.7549,1
ACC-001622,"Jones, Smith and Smith",Government,201-1000,0.558,none,23,False,1.0,0.7034,1
ACC-001623,"Bond, Butler and Mcmillan",Technology,1-50,0.686,compliance_mandate,150,False,1.0,0.8371,1
ACC-001624,Graham-Freeman,Manufacturing,1001-5000,0.387,tech_refresh,51,False,0.0,0.3042,0
ACC-001625,"Davis, Rowe and Cochran",Retail,201-1000,0.346,leadership_change,62,True,1.0,0.436,0
ACC-001626,Martin Group,Manufacturing,51-200,0.5,none,103,False,1.0,0.6402,0
ACC-001627,"Martinez, Riggs and Pearson",Financial Services,1-50,0.875,funding_round,16,True,1.0,0.813,1
ACC-001628,Barker LLC,Insurance,1-50,0.61,funding_round,56,True,1.0,0.4728,1
ACC-001629,"Perez, Jefferson and Allen",Financial Services,1-50,0.8,tech_refresh,6,True,1.0,0.644,1
ACC-001630,"Villa, Ryan and Lee",Real Estate,1001-5000,0.896,compliance_mandate,15,False,1.0,0.8644,1
ACC-001631,Rowe-Logan,Manufacturing,5000+,0.497,compliance_mandate,28,False,0.0,0.4027,0
ACC-001632,Gamble Inc,Technology,201-1000,0.782,funding_round,7,False,0.0,0.4109,0
ACC-001633,"Brock, Stewart and Hernandez",Technology,201-1000,0.408,none,9,False,1.0,0.6128,0
ACC-001634,Ramirez-Perez,Healthcare,201-1000,0.647,compliance_mandate,65,True,1.0,0.5453,1
ACC-001635,Williams Inc,Retail,51-200,0.574,none,3,False,1.0,0.7671,1
ACC-001636,Rodriguez-Williams,Government,1-50,0.631,compliance_mandate,40,False,1.0,0.7032,1
ACC-001637,"Garcia, Pennington and Simmons",Financial Services,201-1000,0.841,none,21,False,1.0,0.5232,1
ACC-001638,Perez-Olson,Government,51-200,0.534,tech_refresh,6,False,0.0,0.3749,0
ACC-001639,"Gonzalez, Turner and Oconnor",Technology,51-200,0.401,leadership_change,2,False,1.0,0.6035,0
ACC-001640,Brandt Ltd,Legal,51-200,0.796,none,11,False,1.0,0.7418,1
ACC-001641,Irwin Ltd,Government,51-200,0.795,none,7,False,1.0,0.7267,1
ACC-001642,"Murphy, Robertson and Hatfield",Government,201-1000,0.694,compliance_mandate,47,False,1.0,0.8226,1
ACC-001643,Kelly Group,Government,5000+,0.581,funding_round,4,False,1.0,0.6147,1
ACC-001644,Wood-Williams,Financial Services,201-1000,0.924,funding_round,2,False,1.0,0.5752,1
ACC-001645,"Davidson, Brewer and Conway",Financial Services,51-200,0.85,none,6,False,1.0,0.6266,1
ACC-001646,Frazier and Sons,Financial Services,1-50,0.731,none,72,False,1.0,0.4975,1
ACC-001647,Cox-Wallace,Insurance,51-200,0.912,none,8,False,1.0,0.5705,1
ACC-001648,"George, Jones and Lewis",Retail,5000+,0.591,tech_refresh,7,True,1.0,0.9554,1
ACC-001649,Black Ltd,Technology,1-50,0.5,none,77,False,0.0,0.1362,0
ACC-001650,"Padilla, Williams and Johns",Insurance,51-200,0.811,funding_round,3,True,1.0,0.2547,1
ACC-001651,"Kaufman, Rowe and Hicks",Manufacturing,51-200,0.428,leadership_change,1,True,0.0,0.7882,0
ACC-001652,"Brown, Hughes and Adams",Real Estate,5000+,1.0,none,112,True,1.0,0.8894,1
ACC-001653,"Hunt, Farley and Torres",Insurance,51-200,0.614,none,69,False,1.0,0.8488,1
ACC-001654,Phillips-Waters,Healthcare,201-1000,0.847,leadership_change,2,False,1.0,0.633,1
ACC-001655,Cox Ltd,Insurance,1-50,0.805,none,23,True,1.0,0.9112,1
ACC-001656,"Mcdonald, Hanson and Sharp",Real Estate,1-50,0.721,none,8,False,1.0,0.6344,1
ACC-001657,Smith-Smith,Manufacturing,51-200,0.124,none,82,False,1.0,0.346,0
ACC-001658,"Bartlett, Miranda and Parrish",Insurance,1-50,0.558,tech_refresh,22,True,1.0,0.612,1
ACC-001659,"Larson, Brown and Gutierrez",Real Estate,1-50,0.812,leadership_change,88,False,1.0,0.8324,1
ACC-001660,Cervantes-Huff,Financial Services,1-50,0.546,none,20,False,1.0,0.6094,1
ACC-001661,Stewart-Villarreal,Government,1-50,0.679,tech_refresh,31,False,0.0,,0
ACC-001662,"Scott, Rogers and Shelton",Legal,1-50,0.831,funding_round,2,False,1.0,0.6397,1
ACC-001663,Coleman-Doyle,Real Estate,51-200,0.671,leadership_change,113,False,0.0,0.3485,0
ACC-001664,Brown Group,Insurance,1-50,0.754,none,57,False,1.0,0.6812,1
ACC-001665,Gray-Baker,Technology,51-200,0.762,compliance_mandate,2,False,0.0,,0
ACC-001666,Pena-Hatfield,Manufacturing,201-1000,0.598,none,73,False,1.0,0.6901,1
ACC-001667,Kelley-Chaney,Retail,51-200,0.502,tech_refresh,9,False,1.0,0.5962,1
ACC-001668,"Freeman, Reyes and Sanford",Healthcare,1-50,0.537,none,24,False,1.0,0.5578,1
ACC-001669,"Clayton, Stephens and Case",Government,1001-5000,0.512,leadership_change,31,False,1.0,0.5097,1
ACC-001670,Franklin Group,Retail,1-50,0.526,none,10,False,1.0,0.7369,1
ACC-001671,French-Walker,Manufacturing,5000+,0.25,none,17,False,0.0,0.532,0
ACC-001672,"Rich, Frost and Hart",Healthcare,1001-5000,0.581,none,3,False,1.0,0.8125,1
ACC-001673,Robinson Ltd,Financial Services,1001-5000,0.768,none,6,False,1.0,0.5531,1
ACC-001674,Ramos PLC,Retail,5000+,0.441,none,36,False,1.0,0.8683,0
ACC-001675,Rodriguez-Brady,Financial Services,1-50,0.705,none,42,False,1.0,0.8818,1
ACC-001676,Bradshaw-Bryant,Manufacturing,51-200,0.418,none,10,False,1.0,0.8676,0
ACC-001677,"Baird, Jones and Burnett",Insurance,51-200,0.805,tech_refresh,11,False,1.0,0.7822,1
ACC-001678,"Thompson, Olson and Contreras",Insurance,1-50,0.586,none,5,False,1.0,0.6848,1
ACC-001679,"Garcia, Whitaker and Reed",Retail,51-200,0.457,none,3,True,0.0,,0
ACC-001680,"Odom, Vaughn and Adams",Government,201-1000,0.65,none,40,False,1.0,0.5597,1
ACC-001681,"Andrews, Gutierrez and Stanley",Manufacturing,1001-5000,0.372,none,41,False,0.0,,0
ACC-001682,"Jennings, Bradshaw and Guzman",Healthcare,1-50,0.721,none,9,False,0.0,0.256,0
ACC-001683,Price and Sons,Financial Services,51-200,0.926,leadership_change,2,False,1.0,0.9009,1
ACC-001684,Hunter-Nunez,Real Estate,51-200,0.578,leadership_change,18,False,1.0,0.8701,1
ACC-001685,Carr and Sons,Technology,201-1000,0.68,none,6,False,1.0,0.6974,1
ACC-001686,"Hendrix, Adams and Scott",Financial Services,51-200,0.861,none,99,False,0.0,0.6157,0
ACC-001687,Cook and Sons,Manufacturing,201-1000,0.474,compliance_mandate,5,False,1.0,0.6752,0
ACC-001688,Mcintyre-Fletcher,Healthcare,51-200,0.783,tech_refresh,19,False,1.0,0.7467,1
ACC-001689,Mays-Gonzalez,Insurance,1-50,0.645,none,26,False,0.0,0.5581,0
ACC-001690,Johnson PLC,Financial Services,51-200,0.874,compliance_mandate,25,True,0.0,,0
ACC-001691,"Gray, Keith and Dennis",Technology,201-1000,0.693,funding_round,6,False,0.0,0.2985,0
ACC-001692,Robertson-Hickman,Healthcare,51-200,0.838,leadership_change,52,False,0.0,0.7,0
ACC-001693,"Lee, Anderson and Horn",Retail,201-1000,0.368,none,79,False,1.0,0.2793,0
ACC-001694,"Dennis, Watson and Mann",Retail,1-50,0.176,funding_round,51,False,1.0,0.6159,0
ACC-001695,Williams Ltd,Technology,1-50,0.423,none,30,False,0.0,0.2184,0
ACC-001696,"Murphy, Ward and Roberts",Real Estate,1-50,0.766,funding_round,19,False,1.0,0.8835,1
ACC-001697,Rogers Inc,Insurance,201-1000,0.744,none,8,False,1.0,0.9071,1
ACC-001698,Cooper-Gilmore,Legal,1-50,0.729,none,22,False,0.0,0.7378,0
ACC-001699,Shaw LLC,Technology,1-50,0.546,none,30,False,1.0,0.4873,1
ACC-001700,"Hampton, Lowery and Sanders",Healthcare,201-1000,0.552,leadership_change,6,False,1.0,0.8263,1
ACC-001701,Reese and Sons,Insurance,51-200,0.987,none,28,False,1.0,0.7516,1
ACC-001702,Rodgers Inc,Manufacturing,201-1000,0.43,none,24,True,1.0,0.1819,0
ACC-001703,Moore and Sons,Government,51-200,0.693,compliance_mandate,0,False,0.0,0.6194,0
ACC-001704,Ford Ltd,Healthcare,5000+,1.0,none,24,False,1.0,0.6523,1
ACC-001705,Thomas-Solis,Healthcare,1-50,0.539,none,1,True,1.0,0.3999,1
ACC-001706,Thomas and Sons,Insurance,5000+,0.819,leadership_change,12,False,1.0,0.7704,1
ACC-001707,Ray-Duncan,Real Estate,5000+,0.615,tech_refresh,25,False,1.0,0.8239,1
ACC-001708,Sutton-King,Insurance,201-1000,0.727,tech_refresh,52,False,1.0,0.8287,1
ACC-001709,"Carr, Russell and Gibson",Legal,5000+,0.878,funding_round,15,True,0.0,,0
ACC-001710,"Shaffer, Cervantes and Salas",Government,1-50,0.663,none,26,False,1.0,0.8165,1
ACC-001711,Parsons PLC,Financial Services,201-1000,0.726,funding_round,40,False,1.0,0.8019,1
ACC-001712,Giles-Jacobs,Retail,201-1000,0.204,funding_round,12,False,0.0,0.3149,0
ACC-001713,Molina Group,Healthcare,1001-5000,0.54,tech_refresh,20,False,1.0,0.6931,1
ACC-001714,Harris LLC,Legal,1-50,0.825,funding_round,0,False,1.0,0.6011,1
ACC-001715,Walker Inc,Legal,1-50,0.743,none,3,False,1.0,0.8003,1
ACC-001716,Santiago Group,Financial Services,51-200,0.872,tech_refresh,54,False,1.0,0.6815,1
ACC-001717,"Campbell, Garcia and Molina",Legal,51-200,0.996,none,54,True,1.0,0.8785,1
ACC-001718,Allen LLC,Healthcare,5000+,0.735,none,28,False,0.0,0.3397,0
ACC-001719,"Anderson, Orr and Goodman",Insurance,201-1000,0.652,none,4,False,1.0,0.8281,1
ACC-001720,Hale Inc,Legal,201-1000,0.795,none,0,False,1.0,0.5889,1
ACC-001721,Aguilar PLC,Healthcare,201-1000,0.625,leadership_change,14,True,1.0,0.8427,1
ACC-001722,Ramirez and Sons,Technology,201-1000,0.517,funding_round,3,False,1.0,0.6298,1
ACC-001723,Levy-Mason,Financial Services,1-50,0.868,none,30,False,0.0,0.759,0
ACC-001724,Carroll-Bennett,Legal,1-50,0.839,none,83,True,1.0,0.7509,1
ACC-001725,Bryant-Adams,Retail,1-50,0.152,none,11,False,1.0,0.5069,0
ACC-001726,"Lane, Hinton and Dickerson",Insurance,1001-5000,0.839,none,53,True,1.0,0.8768,1
ACC-001727,Olson Ltd,Government,201-1000,0.648,tech_refresh,29,False,1.0,0.4957,1
ACC-001728,Herrera Inc,Healthcare,1-50,0.754,leadership_change,45,False,1.0,0.8163,1
ACC-001729,Alvarez-Walker,Technology,1-50,0.636,none,24,False,0.0,0.8455,0
ACC-001730,Pace-Bender,Real Estate,51-200,1.0,none,32,False,0.0,0.6559,0
ACC-001731,"Carpenter, Bennett and Rowe",Technology,201-1000,0.858,none,19,True,1.0,0.9323,1
ACC-001732,Daniels-Saunders,Retail,51-200,0.506,none,21,False,0.0,0.4029,0
ACC-001733,Miller Ltd,Financial Services,201-1000,0.823,leadership_change,13,False,1.0,0.8054,1
ACC-001734,Armstrong Inc,Legal,201-1000,0.83,tech_refresh,14,False,1.0,0.7518,1
ACC-001735,Jones-Allen,Insurance,201-1000,0.725,funding_round,49,False,0.0,,0
ACC-001736,Harrington Inc,Government,201-1000,0.561,compliance_mandate,3,False,1.0,0.4478,1
ACC-001737,Hicks-Walsh,Legal,51-200,0.809,none,5,False,1.0,0.8242,1
ACC-001738,"Warren, Taylor and Jenkins",Financial Services,1001-5000,0.8,leadership_change,109,False,1.0,0.7365,1
ACC-001739,"Valdez, Turner and Harris",Government,51-200,0.506,tech_refresh,19,False,1.0,0.4491,1
ACC-001740,Mclean-Logan,Real Estate,1-50,0.628,none,32,False,1.0,0.4673,1
ACC-001741,Smith-Love,Retail,5000+,0.429,compliance_mandate,7,False,1.0,0.6676,0
ACC-001742,"Coleman, Armstrong and Delgado",Technology,51-200,0.515,none,20,False,1.0,0.5954,1
ACC-001743,"Welch, Graham and Gardner",Insurance,51-200,0.699,funding_round,3,False,1.0,0.8512,1
ACC-001744,Melendez LLC,Insurance,1-50,0.765,compliance_mandate,116,True,1.0,0.6609,1
ACC-001745,Chavez LLC,Legal,1-50,0.731,none,109,True,0.0,0.4147,0
ACC-001746,Gibson Inc,Insurance,51-200,0.886,none,10,False,1.0,0.4372,1
ACC-001747,"Dean, Smith and Burnett",Technology,1-50,0.859,tech_refresh,5,False,1.0,0.8179,1
ACC-001748,"Rodriguez, Fuller and Brown",Legal,201-1000,0.85,leadership_change,40,False,1.0,0.6158,1
ACC-001749,"Allen, Murphy and Lewis",Healthcare,51-200,0.51,leadership_change,0,False,1.0,0.641,1
ACC-001750,Bonilla-Jones,Legal,1-50,0.983,none,74,False,1.0,0.4388,1
ACC-001751,Jacobson-Martinez,Legal,51-200,0.658,funding_round,39,False,1.0,0.4687,1
ACC-001752,Brooks-Wilkinson,Legal,201-1000,0.866,none,29,False,1.0,0.6737,1
ACC-001753,Harding-Ruiz,Legal,1-50,0.773,funding_round,0,True,1.0,0.5908,1
ACC-001754,"Wise, Pierce and Daniels",Real Estate,201-1000,0.812,none,10,False,1.0,0.6151,1
ACC-001755,Meadows and Sons,Manufacturing,1001-5000,0.506,funding_round,39,False,1.0,0.704,1
ACC-001756,"Ortega, Moyer and Henry",Manufacturing,5000+,0.474,none,0,False,1.0,0.6514,0
ACC-001757,"Marquez, Robinson and Bennett",Healthcare,51-200,0.408,none,23,False,1.0,0.4295,0
ACC-001758,"Parker, Foster and Colon",Technology,201-1000,0.598,none,41,False,1.0,0.8811,1
ACC-001759,Fuentes PLC,Financial Services,201-1000,0.783,none,19,False,1.0,0.9065,1
ACC-001760,"Skinner, Cardenas and Diaz",Financial Services,51-200,0.922,none,2,False,1.0,0.9132,1
ACC-001761,Anderson Group,Retail,201-1000,0.471,none,10,False,1.0,0.7568,0
ACC-001762,Ibarra-Summers,Retail,51-200,0.378,none,3,False,1.0,0.4788,0
ACC-001763,"Smith, Raymond and Dickson",Legal,1001-5000,0.649,none,3,True,0.0,,0
ACC-001764,"Fisher, Burton and Wright",Technology,201-1000,0.521,none,3,False,0.0,0.4425,0
ACC-001765,"Rodriguez, Tran and Davis",Healthcare,1-50,0.835,leadership_change,41,False,0.0,0.5541,0
ACC-001766,Weaver and Sons,Healthcare,201-1000,0.469,none,39,False,1.0,0.8609,0
ACC-001767,"Johnson, Chen and Ball",Government,51-200,0.607,none,18,True,1.0,0.8681,1
ACC-001768,"Kelley, Maxwell and Sanchez",Healthcare,1-50,0.601,compliance_mandate,86,False,1.0,0.8781,1
ACC-001769,"Jennings, Miller and Nichols",Financial Services,51-200,0.645,none,1,False,1.0,0.7134,1
ACC-001770,"Medina, Chambers and Todd",Real Estate,51-200,0.813,leadership_change,6,False,0.0,,0
ACC-001771,"Green, Morales and Gregory",Technology,201-1000,0.738,none,39,False,1.0,0.7717,1
ACC-001772,Swanson Ltd,Financial Services,5000+,1.0,none,10,False,0.0,0.4107,0
ACC-001773,"Kelley, Robinson and Rios",Government,1-50,0.637,compliance_mandate,22,False,1.0,0.2514,1
ACC-001774,"Hall, Reyes and Kelly",Financial Services,1-50,0.962,none,8,True,1.0,0.7052,1
ACC-001775,Campbell-Howard,Financial Services,1-50,0.938,funding_round,3,False,1.0,0.6269,1
ACC-001776,Crosby Ltd,Financial Services,51-200,0.756,tech_refresh,2,False,1.0,0.5654,1
ACC-001777,Butler-Moore,Healthcare,1-50,0.607,none,118,True,0.0,0.7452,0
ACC-001778,Nguyen-Parker,Insurance,201-1000,0.614,none,75,False,1.0,0.4726,1
ACC-001779,"Roy, Mitchell and Smith",Government,1-50,0.794,none,6,False,0.0,0.7867,0
ACC-001780,"Snyder, Esparza and Garcia",Real Estate,1-50,1.0,leadership_change,21,True,1.0,0.8057,1
ACC-001781,Stokes-Ortiz,Real Estate,1001-5000,0.949,none,0,False,1.0,0.6305,1
ACC-001782,Thornton-Bullock,Real Estate,1001-5000,0.833,leadership_change,8,False,1.0,0.7031,1
ACC-001783,"Johnson, Cruz and Carrillo",Technology,1-50,0.415,leadership_change,31,False,0.0,0.7579,0
ACC-001784,Johnson-Reyes,Financial Services,51-200,0.901,none,61,True,1.0,0.9035,1
ACC-001785,"Mccormick, Wilcox and Kennedy",Retail,201-1000,0.389,none,11,False,1.0,0.6375,0
ACC-001786,Beck Inc,Real Estate,51-200,0.555,compliance_mandate,2,False,0.0,0.3293,0
ACC-001787,Abbott-Yu,Manufacturing,51-200,0.524,none,62,False,0.0,0.1975,0
ACC-001788,Brown-Miller,Retail,201-1000,0.393,none,46,False,1.0,0.7961,0
ACC-001789,"Dixon, Manning and Shea",Financial Services,1-50,0.846,none,8,False,1.0,0.8454,1
ACC-001790,Vaughn and Sons,Retail,201-1000,0.36,none,30,False,1.0,0.5881,0
ACC-001791,"Spears, Cooke and Reed",Retail,51-200,0.478,compliance_mandate,11,False,1.0,0.8247,0
ACC-001792,Hill and Sons,Healthcare,1-50,0.811,compliance_mandate,23,False,0.0,0.1344,0
ACC-001793,Reid Ltd,Technology,51-200,0.339,none,6,False,1.0,0.6133,0
ACC-001794,"Allen, Gilbert and Davis",Legal,51-200,0.91,tech_refresh,1,True,1.0,0.7542,1
ACC-001795,Murphy-Smith,Technology,51-200,0.889,none,78,False,0.0,0.572,0
ACC-001796,Taylor Group,Retail,5000+,0.256,funding_round,5,False,0.0,0.2749,0
ACC-001797,"Potter, Fields and Murray",Financial Services,1001-5000,0.754,none,16,True,0.0,0.2702,0
ACC-001798,Berger-Roberts,Real Estate,51-200,0.877,tech_refresh,13,False,1.0,0.8831,1
ACC-001799,"Collins, Barry and Maldonado",Insurance,51-200,0.993,none,18,False,1.0,0.7448,1
ACC-001800,"Hurley, Rich and George",Technology,51-200,0.661,none,10,False,0.0,0.3853,0
ACC-001801,Christian Ltd,Healthcare,51-200,0.424,leadership_change,7,True,1.0,0.6862,0
ACC-001802,"Davis, Cooper and Taylor",Retail,1-50,0.429,tech_refresh,16,False,1.0,0.4581,0
ACC-001803,"Ramirez, Bell and Shepard",Legal,201-1000,0.885,none,4,False,1.0,0.6367,1
ACC-001804,Ray-Gregory,Insurance,201-1000,0.778,none,22,True,1.0,0.6366,1
ACC-001805,Carey-Cole,Financial Services,1-50,0.938,tech_refresh,39,True,1.0,0.8024,1
ACC-001806,"Jones, Glenn and Keller",Healthcare,1-50,0.652,funding_round,43,False,1.0,0.7028,1
ACC-001807,Jordan LLC,Insurance,201-1000,0.796,tech_refresh,53,False,1.0,0.6013,1
ACC-001808,Schneider-Turner,Insurance,51-200,0.857,none,22,False,1.0,0.6986,1
ACC-001809,Nunez Group,Manufacturing,201-1000,0.27,none,5,False,0.0,0.5109,0
ACC-001810,"Smith, Callahan and Thornton",Insurance,201-1000,0.749,none,32,False,1.0,0.6908,1
ACC-001811,"Phillips, Davis and Clark",Insurance,1001-5000,0.649,none,46,False,0.0,0.3203,0
ACC-001812,"Anderson, Kennedy and Holt",Technology,1001-5000,0.379,compliance_mandate,2,False,1.0,0.6181,0
ACC-001813,Henry-Oconnell,Insurance,5000+,0.727,tech_refresh,32,True,0.0,,0
ACC-001814,Gilbert LLC,Manufacturing,1001-5000,0.517,compliance_mandate,18,False,0.0,,0
ACC-001815,Williams and Sons,Technology,51-200,0.466,leadership_change,9,False,1.0,0.8709,0
ACC-001816,Young-Daniels,Insurance,1-50,0.792,funding_round,16,False,1.0,0.8181,1
ACC-001817,Zuniga-Reed,Legal,1001-5000,0.858,none,6,True,0.0,0.7406,0
ACC-001818,"Bruce, Moore and Jordan",Healthcare,201-1000,0.423,funding_round,2,False,1.0,0.4557,0
ACC-001819,Norton-Li,Healthcare,1-50,0.413,tech_refresh,79,False,1.0,0.6749,0
ACC-001820,Davis-Cummings,Insurance,201-1000,0.832,none,10,False,1.0,0.7535,1
ACC-001821,Lynch LLC,Government,51-200,0.352,none,5,False,1.0,0.5313,0
ACC-001822,"Pruitt, Boyle and Morales",Real Estate,51-200,0.773,none,22,False,1.0,0.4035,1
ACC-001823,Romero LLC,Financial Services,1-50,0.725,none,10,True,0.0,,0
ACC-001824,"Middleton, Pena and Keller",Legal,1-50,0.973,none,58,False,0.0,0.6894,0
ACC-001825,"Franklin, Nunez and Hunt",Legal,1-50,0.834,compliance_mandate,16,False,1.0,0.5211,1
ACC-001826,Anderson-Powell,Legal,201-1000,1.0,none,0,False,1.0,0.9074,1
ACC-001827,"Chan, Henderson and Smith",Retail,51-200,0.371,none,23,True,1.0,0.5632,0
ACC-001828,Skinner-Mitchell,Financial Services,51-200,0.733,none,29,True,1.0,0.8274,1
ACC-001829,"Whitney, Garza and Schultz",Financial Services,51-200,1.0,none,9,False,1.0,0.7764,1
ACC-001830,Banks Group,Real Estate,201-1000,0.757,funding_round,19,False,1.0,0.912,1
ACC-001831,White Inc,Legal,1-50,0.977,tech_refresh,24,False,1.0,0.9322,1
ACC-001832,Thompson LLC,Healthcare,51-200,0.744,compliance_mandate,15,False,1.0,0.4287,1
ACC-001833,Miller-Knight,Healthcare,201-1000,0.491,leadership_change,9,False,1.0,0.8745,0
ACC-001834,"Robertson, Jones and Wong",Manufacturing,201-1000,0.59,none,4,True,0.0,0.6756,0
ACC-001835,Juarez and Sons,Government,51-200,0.723,none,22,False,1.0,0.434,1
ACC-001836,"Evans, Foster and Davila",Retail,51-200,0.188,none,103,True,1.0,0.3677,0
ACC-001837,Martin LLC,Healthcare,201-1000,0.64,compliance_mandate,10,False,1.0,0.887,1
ACC-001838,Anderson-Johnson,Legal,51-200,1.0,funding_round,75,False,1.0,0.7424,1
ACC-001839,"Ford, Castro and Lyons",Real Estate,1-50,0.709,none,31,True,1.0,0.8348,1
ACC-001840,"Johnson, Boyd and Dominguez",Financial Services,201-1000,0.997,leadership_change,0,True,1.0,0.9387,1
ACC-001841,Harvey-Smith,Manufacturing,201-1000,0.545,leadership_change,40,False,0.0,,0
ACC-001842,Wright-Watson,Retail,201-1000,0.337,none,7,False,1.0,0.6591,0
ACC-001843,Roberts-Henderson,Retail,51-200,0.41,none,5,False,0.0,,0
ACC-001844,"Green, Morris and Johnson",Retail,1001-5000,0.508,none,8,False,1.0,0.7543,1
ACC-001845,"Brown, Walker and Guzman",Legal,1-50,1.0,none,72,False,1.0,0.8467,1
ACC-001846,"Barry, Richardson and Castro",Insurance,51-200,0.798,tech_refresh,62,False,1.0,0.5138,1
ACC-001847,Juarez PLC,Financial Services,1001-5000,0.958,leadership_change,19,False,1.0,0.7991,1
ACC-001848,"Alvarado, Brown and Kelly",Legal,51-200,0.834,compliance_mandate,108,True,0.0,0.1256,0
ACC-001849,Young-Bartlett,Real Estate,1-50,0.714,none,13,False,1.0,0.8953,1
ACC-001850,"Roman, Carter and Nelson",Technology,1-50,0.46,compliance_mandate,75,False,1.0,0.544,0
ACC-001851,Horne-Compton,Government,1-50,0.611,leadership_change,46,True,1.0,0.8689,1
ACC-001852,Gonzalez Ltd,Government,201-1000,0.404,none,26,True,1.0,0.6745,0
ACC-001853,Fisher and Sons,Insurance,1-50,0.738,compliance_mandate,60,True,0.0,0.2792,0
ACC-001854,Chan and Sons,Healthcare,201-1000,0.55,none,4,False,1.0,0.4192,1
ACC-001855,Wilson-Moran,Legal,201-1000,0.962,funding_round,77,False,1.0,0.68,1
ACC-001856,Hernandez Group,Healthcare,201-1000,0.733,compliance_mandate,73,False,1.0,0.7067,1
ACC-001857,Allen Ltd,Manufacturing,1-50,0.54,none,0,False,0.0,0.3787,0
ACC-001858,"Gonzalez, Boyd and Cruz",Manufacturing,5000+,0.658,compliance_mandate,28,False,1.0,0.9462,1
ACC-001859,"Farrell, Carpenter and Wagner",Manufacturing,5000+,0.424,compliance_mandate,1,False,1.0,0.8052,0
ACC-001860,"Krause, Arias and Johnson",Government,1-50,0.592,none,13,False,0.0,0.1958,0
ACC-001861,Thomas-Romero,Manufacturing,1001-5000,0.475,compliance_mandate,32,True,1.0,0.9433,0
ACC-001862,Palmer-Robinson,Technology,5000+,0.915,tech_refresh,14,False,0.0,0.5437,0
ACC-001863,"Rodriguez, Copeland and Robinson",Healthcare,201-1000,0.444,none,26,False,1.0,0.2702,0
ACC-001864,"Fowler, Cordova and Cole",Insurance,51-200,0.823,none,117,False,0.0,,0
ACC-001865,Howell-Gonzalez,Government,51-200,0.496,leadership_change,3,False,0.0,0.8029,0
ACC-001866,Johnson-Chavez,Retail,201-1000,0.279,leadership_change,47,False,1.0,0.8775,0
ACC-001867,Lopez Group,Technology,1-50,0.646,none,31,False,1.0,0.4212,1
ACC-001868,"Rosario, Simmons and Warren",Real Estate,51-200,0.966,none,1,True,1.0,0.7848,1
ACC-001869,Tate Group,Real Estate,1-50,0.579,leadership_change,85,False,0.0,0.1974,0
ACC-001870,Bowman LLC,Insurance,1-50,0.863,funding_round,1,False,1.0,0.8654,1
ACC-001871,"Webster, Young and Davis",Technology,201-1000,0.478,funding_round,37,True,1.0,0.7502,0
ACC-001872,Vang-Henderson,Insurance,201-1000,0.872,funding_round,18,False,1.0,0.8214,1
ACC-001873,Keller-Dickson,Healthcare,51-200,0.803,none,35,False,0.0,0.4607,0
ACC-001874,Mullins and Sons,Manufacturing,1-50,0.444,funding_round,6,False,1.0,0.5384,0
ACC-001875,"Stevens, Lane and Miller",Insurance,201-1000,0.634,funding_round,11,False,1.0,0.9279,1
ACC-001876,Wang-Fisher,Retail,1-50,0.393,none,64,False,0.0,0.3454,0
ACC-001877,Dunn Ltd,Financial Services,1-50,0.825,leadership_change,1,True,1.0,0.7616,1
ACC-001878,"Rodriguez, Blair and Adams",Financial Services,1-50,0.978,none,7,False,1.0,0.8062,1
ACC-001879,Collins Inc,Real Estate,51-200,0.656,none,11,False,1.0,0.8147,1
ACC-001880,Wilson-Owens,Healthcare,1-50,0.704,tech_refresh,84,False,1.0,0.7157,1
ACC-001881,"Ryan, Cross and Baker",Technology,51-200,0.543,tech_refresh,74,False,1.0,0.565,1
ACC-001882,Perez-Moreno,Retail,1001-5000,0.612,none,5,False,0.0,0.3696,0
ACC-001883,Ortega-Bennett,Financial Services,1001-5000,0.83,none,8,False,1.0,0.3615,1
ACC-001884,"Estes, Johnston and Cross",Government,1-50,0.542,funding_round,171,True,1.0,0.8737,1
ACC-001885,Stokes PLC,Technology,201-1000,0.551,compliance_mandate,42,True,0.0,,0
ACC-001886,"Welch, Collins and Nichols",Legal,1-50,0.749,funding_round,27,False,1.0,0.8308,1
ACC-001887,"Hawkins, Hernandez and Kelly",Technology,51-200,0.648,none,35,True,1.0,0.5039,1
ACC-001888,Williams-Mclean,Insurance,5000+,0.814,leadership_change,31,False,0.0,,0
ACC-001889,"Foley, Velasquez and Roberts",Insurance,201-1000,0.744,none,48,False,1.0,0.8116,1
ACC-001890,"King, Mckinney and Baker",Retail,5000+,0.313,tech_refresh,12,False,0.0,0.2401,0
ACC-001891,Miller-Sampson,Technology,201-1000,0.596,leadership_change,22,True,1.0,0.6179,1
ACC-001892,Short-Garcia,Insurance,201-1000,0.818,leadership_change,27,True,0.0,0.4646,0
ACC-001893,Gray-Green,Healthcare,1-50,0.714,none,21,True,1.0,0.8916,1
ACC-001894,Madden-Boyle,Financial Services,1001-5000,0.786,none,27,False,0.0,0.7832,0
ACC-001895,Cole Group,Real Estate,5000+,0.711,leadership_change,0,False,1.0,0.8739,1
ACC-001896,"Smith, Hoffman and Garza",Legal,51-200,0.829,funding_round,1,False,1.0,0.8264,1
ACC-001897,"Jackson, Hanson and Norris",Insurance,201-1000,0.809,none,13,True,1.0,0.7352,1
ACC-001898,"Lewis, Dominguez and Gomez",Insurance,201-1000,0.719,none,28,False,0.0,0.2972,0
ACC-001899,Jones and Sons,Real Estate,51-200,0.703,leadership_change,19,False,1.0,0.888,1
ACC-001900,Blake PLC,Legal,51-200,0.857,none,20,False,1.0,0.7839,1
ACC-001901,Mccarthy-Williams,Manufacturing,5000+,0.508,leadership_change,42,False,0.0,0.3191,0
ACC-001902,"Holden, Alvarado and Jones",Technology,1001-5000,0.449,none,0,False,0.0,,0
ACC-001903,"Terrell, Richardson and Phillips",Financial Services,51-200,0.95,compliance_mandate,11,False,1.0,0.891,1
ACC-001904,Mason LLC,Technology,51-200,0.459,none,27,False,0.0,0.4205,0
ACC-001905,"Cruz, Wells and Cortez",Manufacturing,201-1000,0.551,none,1,False,0.0,,0
ACC-001906,Anderson-Perez,Government,51-200,0.435,none,45,False,1.0,0.7414,0
ACC-001907,Dalton LLC,Real Estate,5000+,0.778,funding_round,1,False,1.0,0.6191,1
ACC-001908,"Taylor, Garza and Jenkins",Technology,51-200,0.455,none,10,False,1.0,0.6436,0
ACC-001909,Hill-Snyder,Manufacturing,1-50,0.423,leadership_change,31,False,0.0,,0
ACC-001910,"Stephens, Cole and Clark",Real Estate,51-200,0.995,none,130,False,1.0,0.4064,1
ACC-001911,Allen-Harris,Government,201-1000,0.454,none,6,True,1.0,0.8449,0
ACC-001912,Leonard-Torres,Technology,51-200,0.598,leadership_change,72,False,1.0,0.6664,1
ACC-001913,"Dalton, Wilkerson and Cole",Manufacturing,51-200,0.526,tech_refresh,13,False,0.0,0.3918,0
ACC-001914,Lawrence-Villa,Healthcare,1-50,0.583,compliance_mandate,61,True,1.0,0.867,1
ACC-001915,"Peck, Santana and Freeman",Retail,1-50,0.203,funding_round,22,True,1.0,0.8563,0
ACC-001916,Anderson Group,Retail,1001-5000,0.467,none,58,False,1.0,0.5439,0
ACC-001917,Welch PLC,Insurance,201-1000,0.795,funding_round,3,False,1.0,0.8396,1
ACC-001918,Rojas-Perez,Technology,1-50,0.377,leadership_change,17,False,1.0,0.6002,0
ACC-001919,"Gutierrez, Hartman and Snow",Government,1-50,0.724,none,45,False,1.0,0.6325,1
ACC-001920,Donovan-Coleman,Retail,51-200,0.384,leadership_change,73,False,0.0,,0
ACC-001921,"Perry, Kim and Vincent",Technology,1-50,0.765,none,0,True,1.0,0.9034,1
ACC-001922,"Webb, Gonzalez and Hoffman",Manufacturing,1-50,0.328,none,75,False,1.0,0.6077,0
ACC-001923,Vasquez LLC,Financial Services,51-200,0.975,leadership_change,0,False,1.0,0.8217,1
ACC-001924,Williamson LLC,Retail,1001-5000,0.303,compliance_mandate,31,False,0.0,,0
ACC-001925,Young-Frazier,Technology,1001-5000,0.756,none,128,False,1.0,0.8329,1
ACC-001926,Norris LLC,Financial Services,1-50,0.825,none,2,False,1.0,0.5404,1
ACC-001927,"Hubbard, Holland and Hawkins",Financial Services,1001-5000,0.752,leadership_change,16,True,1.0,0.8836,1
ACC-001928,"Montgomery, Huff and Conway",Real Estate,1-50,0.83,tech_refresh,9,False,1.0,0.5208,1
ACC-001929,Boyd Inc,Retail,201-1000,0.525,none,18,True,0.0,0.5728,0
ACC-001930,Warren Inc,Real Estate,1-50,0.788,leadership_change,0,False,1.0,0.8589,1
ACC-001931,Pierce Group,Manufacturing,1-50,0.487,none,11,False,1.0,0.5652,0
ACC-001932,Meyer Inc,Manufacturing,201-1000,0.566,leadership_change,85,False,1.0,0.675,1
ACC-001933,Johnson PLC,Insurance,1-50,0.634,tech_refresh,14,False,1.0,0.8262,1
ACC-001934,"Goodwin, Landry and Hoffman",Real Estate,51-200,0.851,none,159,False,1.0,0.8085,1
ACC-001935,Collins Inc,Real Estate,1-50,0.74,leadership_change,64,False,0.0,0.6163,0
ACC-001936,"Haynes, Peterson and Garcia",Legal,51-200,0.87,none,7,False,1.0,0.6056,1
ACC-001937,Mays-Bell,Government,1-50,0.622,none,29,False,1.0,0.8439,1
ACC-001938,Tapia-Tucker,Retail,1001-5000,0.46,leadership_change,36,False,1.0,0.6361,0
ACC-001939,Stevens Group,Insurance,201-1000,0.786,none,7,False,1.0,0.8541,1
ACC-001940,"Campbell, Murray and Wright",Healthcare,1-50,0.522,none,17,True,1.0,0.8014,1
ACC-001941,"Pierce, Carlson and Palmer",Government,51-200,0.612,none,6,False,0.0,0.4175,0
ACC-001942,"Baker, Rosario and Hughes",Government,201-1000,0.616,none,53,False,1.0,0.6993,1
ACC-001943,Ware Inc,Technology,201-1000,0.531,none,4,False,1.0,0.8375,1
ACC-001944,Fuller and Sons,Legal,51-200,0.962,none,42,True,1.0,0.8345,1
ACC-001945,Sharp-Parker,Government,51-200,0.475,compliance_mandate,12,False,1.0,0.5392,0
ACC-001946,King and Sons,Financial Services,1-50,0.883,funding_round,33,False,1.0,0.8034,1
ACC-001947,Green-Neal,Manufacturing,1-50,0.384,none,99,False,0.0,0.345,0
ACC-001948,Mahoney-Taylor,Financial Services,1-50,0.948,leadership_change,80,False,1.0,0.8193,1
ACC-001949,Martinez-Gilmore,Retail,51-200,0.26,none,6,False,1.0,0.7042,0
ACC-001950,Stevens Inc,Retail,201-1000,0.222,none,33,False,1.0,0.7534,0
ACC-001951,Patrick-Castro,Legal,201-1000,0.914,none,38,False,1.0,0.8251,1
ACC-001952,Morrison Ltd,Financial Services,51-200,0.931,none,15,False,0.0,0.6637,0
ACC-001953,Walton-Hammond,Financial Services,201-1000,0.638,compliance_mandate,2,False,1.0,0.6533,1
ACC-001954,Johnson LLC,Retail,1-50,0.436,none,23,False,1.0,0.6402,0
ACC-001955,Hunter PLC,Retail,201-1000,0.264,compliance_mandate,12,False,1.0,0.5876,0
ACC-001956,"Willis, Sellers and Davis",Financial Services,201-1000,1.0,none,15,False,1.0,0.8049,1
ACC-001957,Jones-Jones,Retail,1-50,0.561,none,1,True,0.0,0.519,0
ACC-001958,Sanford PLC,Healthcare,5000+,0.836,none,54,False,1.0,0.9576,1
ACC-001959,Matthews and Sons,Retail,5000+,0.512,none,28,False,1.0,0.8496,1
ACC-001960,Hendrix Inc,Healthcare,1-50,0.776,compliance_mandate,32,False,1.0,0.514,1
ACC-001961,Munoz Group,Government,1001-5000,0.602,none,23,False,1.0,0.6902,1
ACC-001962,Estrada-Brady,Retail,51-200,0.43,tech_refresh,49,False,1.0,0.8318,0
ACC-001963,Turner Group,Government,1-50,0.766,none,13,False,1.0,0.6307,1
ACC-001964,Villarreal-Bates,Real Estate,1-50,0.9,leadership_change,3,False,1.0,0.5488,1
ACC-001965,Tucker-Jones,Technology,5000+,0.614,funding_round,38,False,0.0,0.8069,0
ACC-001966,Wyatt-Townsend,Insurance,5000+,0.865,funding_round,55,True,1.0,0.9524,1
ACC-001967,"Howell, Hines and Holland",Insurance,51-200,0.696,leadership_change,19,False,1.0,0.7131,1
ACC-001968,"Medina, Silva and Washington",Manufacturing,51-200,0.535,compliance_mandate,9,False,1.0,0.8643,1
ACC-001969,Solis-Mullen,Healthcare,201-1000,0.766,none,19,True,1.0,0.6983,1
ACC-001970,Wyatt Group,Insurance,201-1000,0.751,tech_refresh,100,False,0.0,0.5376,0
ACC-001971,Swanson-Ramirez,Government,51-200,0.545,tech_refresh,18,False,1.0,0.7047,1
ACC-001972,Day LLC,Manufacturing,51-200,0.632,none,92,False,1.0,0.619,1
ACC-001973,"Martinez, Mendez and Wilson",Government,201-1000,0.69,tech_refresh,19,False,1.0,0.4223,1
ACC-001974,"Mendoza, Moon and Burke",Healthcare,5000+,0.786,none,52,True,0.0,0.198,0
ACC-001975,Charles and Sons,Technology,51-200,0.487,funding_round,36,False,1.0,0.2685,0
ACC-001976,"Savage, Franklin and Ali",Legal,1001-5000,0.955,funding_round,9,False,0.0,0.1634,0
ACC-001977,"Powers, Johns and Knapp",Government,1-50,0.65,funding_round,40,False,1.0,0.6955,1
ACC-001978,Macias LLC,Real Estate,1-50,0.665,none,3,False,1.0,0.6506,1
ACC-001979,Wright-Sparks,Healthcare,1-50,0.634,funding_round,26,False,1.0,0.7658,1
ACC-001980,Kelly-Stevens,Technology,1001-5000,0.393,none,36,False,0.0,0.359,0
ACC-001981,"Montes, Medina and Browning",Healthcare,1001-5000,0.73,none,75,False,1.0,0.7176,1
ACC-001982,Robinson-Bright,Government,1-50,0.678,funding_round,9,False,1.0,0.5809,1
ACC-001983,Wu PLC,Retail,51-200,0.599,leadership_change,4,False,1.0,0.6604,1
ACC-001984,Castillo Group,Legal,51-200,0.966,none,2,False,1.0,0.8697,1
ACC-001985,Adams PLC,Manufacturing,5000+,0.392,leadership_change,7,False,1.0,0.7695,0
ACC-001986,"Crawford, Guerrero and Johnson",Technology,1001-5000,0.633,tech_refresh,50,False,1.0,0.6544,1
ACC-001987,Chavez LLC,Financial Services,5000+,0.791,compliance_mandate,86,False,0.0,0.5127,0
ACC-001988,Martinez LLC,Real Estate,51-200,0.972,tech_refresh,11,False,1.0,0.7464,1
ACC-001989,Barton Group,Technology,1-50,0.771,compliance_mandate,5,False,0.0,0.8277,0
ACC-001990,Miller PLC,Healthcare,1-50,0.658,none,59,False,1.0,0.8002,1
ACC-001991,Santana-Buck,Real Estate,51-200,0.676,none,12,False,0.0,,0
ACC-001992,"Young, Rios and Huynh",Technology,51-200,0.493,none,11,False,1.0,0.7489,0
ACC-001993,"Osborn, Bright and Bernard",Financial Services,51-200,0.869,none,57,False,1.0,0.7779,1
ACC-001994,"Sweeney, Bailey and Goodman",Retail,1-50,0.274,none,42,False,0.0,0.0739,0
ACC-001995,Mason-Arias,Insurance,1-50,0.779,none,81,False,1.0,0.784,1
ACC-001996,Stone-Stevens,Insurance,1-50,0.877,none,37,False,0.0,0.8092,0
ACC-001997,Humphrey-Calderon,Retail,51-200,0.349,none,43,False,0.0,0.6336,0
ACC-001998,Jenkins and Sons,Technology,1001-5000,0.601,leadership_change,3,False,1.0,0.8538,1
ACC-001999,Ryan Group,Financial Services,1001-5000,0.751,funding_round,25,False,1.0,0.5013,1
ACC-002000,Potter LLC,Healthcare,201-1000,0.804,none,22,False,1.0,0.6389,1
ACC-002001,Reed LLC,Healthcare,51-200,0.494,none,32,False,1.0,0.6368,0
ACC-002002,Summers Group,Real Estate,51-200,0.842,funding_round,45,False,1.0,0.8112,1
ACC-002003,"Mitchell, Espinoza and Marsh",Healthcare,201-1000,0.896,tech_refresh,28,False,1.0,0.7214,1
ACC-002004,"Gonzalez, Smith and Lowe",Financial Services,1-50,0.787,none,18,True,0.0,0.7773,0
ACC-002005,Young Ltd,Legal,5000+,0.857,tech_refresh,82,False,1.0,0.8371,1
ACC-002006,Hoffman LLC,Real Estate,1-50,0.987,none,15,True,1.0,0.9264,1
ACC-002007,Miller LLC,Technology,1-50,0.485,none,6,True,1.0,0.722,0
ACC-002008,Young LLC,Technology,1-50,0.567,none,23,False,1.0,0.8229,1
ACC-002009,"Spencer, Kerr and Stephenson",Retail,1-50,0.369,compliance_mandate,25,False,0.0,0.3934,0
ACC-002010,Williams-Fernandez,Retail,201-1000,0.4,tech_refresh,104,False,1.0,0.5944,0
ACC-002011,"Reyes, Parrish and Turner",Healthcare,1-50,0.63,leadership_change,53,True,0.0,0.5274,0
ACC-002012,"Hartman, Flowers and Hogan",Real Estate,1001-5000,0.935,funding_round,38,False,1.0,0.5215,1
ACC-002013,Reynolds-Rasmussen,Retail,201-1000,0.516,funding_round,59,True,0.0,0.38,0
ACC-002014,"Camacho, Burke and Hamilton",Technology,1001-5000,0.626,none,17,False,1.0,0.8563,1
ACC-002015,"Parks, Rios and Chavez",Manufacturing,1-50,0.616,none,3,False,1.0,0.8379,1
ACC-002016,Howard-Barber,Legal,201-1000,0.69,none,7,True,1.0,0.8197,1
ACC-002017,Medina-Pollard,Manufacturing,1-50,0.217,none,73,True,0.0,,0
ACC-002018,Nash-Thomas,Real Estate,1-50,0.805,funding_round,14,True,1.0,0.9201,1
ACC-002019,"Allen, Jones and Parsons",Healthcare,201-1000,0.622,none,4,True,1.0,0.7831,1
ACC-002020,"Campbell, Daniels and Gibson",Insurance,1001-5000,0.756,none,38,False,1.0,0.483,1
ACC-002021,Yu and Sons,Financial Services,201-1000,0.686,none,9,False,0.0,0.7211,0
ACC-002022,Williams Group,Financial Services,201-1000,0.771,leadership_change,1,False,0.0,0.3207,0
ACC-002023,Garza PLC,Legal,1-50,1.0,leadership_change,6,False,0.0,0.3288,0
ACC-002024,"Olson, Johnson and Lang",Financial Services,201-1000,0.853,leadership_change,8,False,1.0,0.8152,1
ACC-002025,Wright Ltd,Retail,201-1000,0.284,none,14,False,1.0,0.3245,0
ACC-002026,"Rodriguez, Waller and Bryant",Technology,51-200,0.432,leadership_change,8,True,1.0,0.8951,0
ACC-002027,Carter Group,Legal,51-200,0.965,none,12,False,1.0,0.5757,1
ACC-002028,Salazar-Gonzalez,Financial Services,51-200,0.86,none,14,True,1.0,0.7795,1
ACC-002029,"Bennett, White and Ayers",Legal,1-50,0.794,leadership_change,5,True,1.0,0.5974,1
ACC-002030,Johnson-Moore,Legal,51-200,1.0,none,7,False,1.0,0.6803,1
ACC-002031,Maldonado-Mason,Legal,1-50,0.904,none,5,True,0.0,0.8545,0
ACC-002032,Mcclain-Garcia,Legal,51-200,0.795,compliance_mandate,10,False,1.0,0.8679,1
ACC-002033,"Hernandez, Mcguire and Rodriguez",Manufacturing,5000+,0.386,none,50,False,0.0,0.234,0
ACC-002034,Evans and Sons,Government,51-200,0.914,compliance_mandate,25,False,1.0,0.8106,1
ACC-002035,Nichols LLC,Healthcare,201-1000,0.636,none,41,False,1.0,0.5391,1
ACC-002036,Jenkins PLC,Government,201-1000,0.535,none,18,True,1.0,0.4044,1
ACC-002037,Hughes Inc,Government,1-50,0.633,funding_round,23,True,1.0,0.6626,1
ACC-002038,"Kennedy, Phillips and Chen",Government,1-50,0.813,none,7,False,1.0,0.7167,1
ACC-002039,Garza and Sons,Financial Services,51-200,0.721,none,15,True,1.0,0.9368,1
ACC-002040,Douglas Ltd,Healthcare,201-1000,0.588,compliance_mandate,16,False,1.0,0.7833,1
ACC-002041,"Evans, Yates and Jones",Real Estate,5000+,0.753,none,1,True,0.0,,0
ACC-002042,Nash-Mitchell,Healthcare,51-200,0.672,none,19,True,1.0,0.7983,1
ACC-002043,Kelley-Brock,Legal,51-200,0.849,leadership_change,51,False,0.0,0.0694,0
ACC-002044,Hudson-Jacobs,Healthcare,51-200,0.797,none,17,True,1.0,0.4703,1
ACC-002045,Alexander Ltd,Financial Services,1-50,0.661,none,17,False,1.0,0.6493,1
ACC-002046,Rice LLC,Legal,1-50,1.0,none,24,False,1.0,0.627,1
ACC-002047,Wagner-Cruz,Healthcare,201-1000,0.72,none,9,False,1.0,0.8102,1
ACC-002048,"Austin, Bowman and Hodge",Manufacturing,1-50,0.556,none,65,True,0.0,,0
ACC-002049,"Wang, Lewis and Fuller",Government,1-50,0.631,none,88,False,1.0,0.5497,1
ACC-002050,Garcia-Watts,Legal,1-50,0.952,none,6,False,1.0,0.7924,1
ACC-002051,"Chavez, Freeman and Johnston",Manufacturing,1-50,0.348,none,2,False,0.0,0.0918,0
ACC-002052,Hawkins Group,Real Estate,201-1000,0.75,compliance_mandate,44,False,1.0,0.943,1
ACC-002053,Moore Group,Technology,201-1000,0.516,tech_refresh,43,False,1.0,0.6557,1
ACC-002054,Keith-Hines,Retail,1-50,0.603,none,50,False,1.0,0.7619,1
ACC-002055,Moore LLC,Healthcare,51-200,0.481,none,3,False,0.0,,0
ACC-002056,Ortiz-Taylor,Healthcare,5000+,0.458,none,39,False,1.0,0.8415,0
ACC-002057,Watson PLC,Technology,201-1000,0.662,funding_round,2,True,1.0,0.7709,1
ACC-002058,Allen Group,Real Estate,1001-5000,0.771,none,93,True,1.0,0.7698,1
ACC-002059,Campbell LLC,Retail,1-50,0.531,compliance_mandate,32,False,1.0,0.8216,1
ACC-002060,"Miller, Roth and Williams",Technology,1-50,0.556,compliance_mandate,33,False,1.0,0.8439,1
ACC-002061,Lowe-Smith,Real Estate,1-50,0.695,none,3,False,1.0,0.7691,1
ACC-002062,"Mcguire, Perez and Powell",Government,201-1000,0.532,compliance_mandate,27,False,0.0,0.5687,0
ACC-002063,"Smith, Roberts and Rodriguez",Legal,1-50,0.762,none,6,False,1.0,0.6803,1
ACC-002064,Green LLC,Retail,51-200,0.352,funding_round,20,False,1.0,0.2624,0
ACC-002065,"Thomas, Allen and Gould",Financial Services,201-1000,0.798,none,62,False,0.0,0.4755,0
ACC-002066,Odonnell PLC,Legal,51-200,0.991,none,1,True,1.0,0.7929,1
ACC-002067,Turner and Sons,Real Estate,1-50,1.0,leadership_change,106,False,1.0,0.7387,1
ACC-002068,Zimmerman-Anderson,Technology,1-50,0.439,none,24,False,1.0,0.8315,0
ACC-002069,Fry LLC,Manufacturing,1001-5000,0.214,leadership_change,2,True,1.0,0.735,0
ACC-002070,Jackson and Sons,Retail,1-50,0.218,none,0,False,1.0,0.7969,0
ACC-002071,"Adams, Thompson and Miller",Financial Services,51-200,0.806,none,14,False,1.0,0.4494,1
ACC-002072,Villegas-Jones,Government,1001-5000,0.564,none,0,False,0.0,0.0645,0
ACC-002073,"Bell, Buchanan and Reyes",Manufacturing,51-200,0.395,tech_refresh,49,True,1.0,0.6663,0
ACC-002074,"Miller, Wheeler and Camacho",Insurance,51-200,0.703,none,0,False,1.0,0.7658,1
ACC-002075,Berry Ltd,Legal,51-200,0.948,compliance_mandate,0,False,1.0,0.9226,1
ACC-002076,James PLC,Financial Services,1-50,0.882,leadership_change,19,False,1.0,0.4823,1
ACC-002077,Norman-Williamson,Government,1-50,0.699,leadership_change,7,False,1.0,0.7601,1
ACC-002078,Jacobson-Grant,Technology,1-50,0.631,compliance_mandate,34,True,1.0,0.9335,1
ACC-002079,Cooper-Bass,Technology,51-200,0.723,none,38,False,0.0,0.1652,0
ACC-002080,"Burton, Evans and Barber",Manufacturing,1-50,0.403,none,57,False,0.0,0.3474,0
ACC-002081,Hicks-Davis,Real Estate,1-50,0.923,none,12,False,1.0,0.6179,1
ACC-002082,Lee-Watson,Legal,51-200,0.756,none,45,True,1.0,0.8517,1
ACC-002083,Brown Group,Retail,1-50,0.305,none,39,False,1.0,0.8151,0
ACC-002084,Wolfe PLC,Retail,1001-5000,0.083,none,54,False,0.0,0.5052,0
ACC-002085,Thomas-Myers,Manufacturing,1-50,0.318,none,60,False,1.0,0.6391,0
ACC-002086,"Nelson, Roman and Kramer",Legal,201-1000,0.739,none,68,False,1.0,0.5267,1
ACC-002087,Mitchell-Hill,Technology,201-1000,0.835,none,5,False,1.0,0.7924,1
ACC-002088,Martinez-Brown,Legal,1001-5000,0.984,none,7,False,0.0,,0
ACC-002089,Carson-Allen,Legal,51-200,0.987,none,73,True,1.0,0.7216,1
ACC-002090,"Robles, Johnson and Shields",Insurance,5000+,0.632,none,16,False,0.0,,0
ACC-002091,"Smith, Berry and Black",Legal,1-50,0.897,none,1,False,1.0,0.7524,1
ACC-002092,Wilson-Ortiz,Financial Services,1-50,0.914,none,33,False,1.0,0.7955,1
ACC-002093,"Garcia, Lewis and Curtis",Government,201-1000,0.73,none,8,False,1.0,0.7639,1
ACC-002094,Davis-Lopez,Healthcare,1-50,0.414,none,7,False,1.0,0.6773,0
ACC-002095,"Gonzalez, King and Osborne",Legal,51-200,0.723,none,60,False,1.0,0.5304,1
ACC-002096,Cook-Kramer,Healthcare,201-1000,0.571,tech_refresh,52,True,1.0,0.8241,1
ACC-002097,Ware-Jimenez,Retail,51-200,0.136,funding_round,18,False,0.0,0.5487,0
ACC-002098,Riley-Johnson,Real Estate,51-200,0.86,none,31,False,0.0,0.4338,0
ACC-002099,Durham-Owens,Real Estate,51-200,0.94,funding_round,3,False,1.0,0.6643,1
ACC-002100,Gordon Inc,Manufacturing,5000+,0.377,none,15,False,1.0,0.5819,0
ACC-002101,"Gray, Gaines and Barrett",Healthcare,201-1000,0.591,leadership_change,30,False,1.0,0.7979,1
ACC-002102,Elliott-Medina,Manufacturing,51-200,0.471,none,46,True,1.0,0.6481,0
ACC-002103,"Ward, Johnson and Harris",Retail,1-50,0.273,tech_refresh,16,False,0.0,0.6579,0
ACC-002104,"Rodriguez, Harmon and Hancock",Insurance,51-200,0.645,tech_refresh,8,False,1.0,0.8987,1
ACC-002105,"Snyder, Oconnell and Porter",Real Estate,1-50,0.814,funding_round,24,False,1.0,0.7832,1
ACC-002106,Lowe Ltd,Financial Services,1-50,0.882,none,56,False,1.0,0.8471,1
ACC-002107,"Harris, Ortega and Whitaker",Retail,51-200,0.483,compliance_mandate,24,False,1.0,0.9148,0
ACC-002108,Bean-Burke,Government,51-200,0.75,none,33,True,0.0,0.6085,0
ACC-002109,Schroeder-Washington,Healthcare,51-200,0.707,funding_round,1,True,1.0,0.8517,1
ACC-002110,Wade-May,Manufacturing,1001-5000,0.535,none,139,False,0.0,0.2142,0
ACC-002111,Pena Ltd,Real Estate,5000+,0.696,none,41,False,1.0,0.6918,1
ACC-002112,Finley Inc,Real Estate,1-50,0.97,leadership_change,92,True,1.0,0.8718,1
ACC-002113,Bennett-Vasquez,Financial Services,1001-5000,0.852,tech_refresh,2,False,1.0,0.6998,1
ACC-002114,"Beck, Rodriguez and Salinas",Insurance,1001-5000,0.601,none,95,False,0.0,0.1399,0
ACC-002115,James LLC,Insurance,51-200,0.953,none,26,False,1.0,0.8374,1
ACC-002116,Price-Moore,Insurance,1-50,0.784,leadership_change,33,True,0.0,0.2516,0
ACC-002117,Rogers Ltd,Legal,201-1000,0.944,funding_round,58,False,1.0,0.6923,1
ACC-002118,Fry-Patel,Legal,1-50,1.0,none,25,True,1.0,0.866,1
ACC-002119,Bridges Group,Real Estate,1-50,0.74,none,6,False,0.0,,0
ACC-002120,Boyd Inc,Retail,1-50,0.398,none,9,False,1.0,0.3442,0
ACC-002121,Jones PLC,Financial Services,1-50,0.895,none,35,False,1.0,0.6981,1
ACC-002122,"Smith, Carroll and Smith",Financial Services,1-50,0.887,funding_round,28,False,1.0,0.8723,1
ACC-002123,Cervantes-Hayes,Insurance,1-50,0.757,none,82,True,1.0,0.6257,1
ACC-002124,Price LLC,Technology,201-1000,0.501,none,32,False,0.0,0.6875,0
ACC-002125,Stewart-Austin,Retail,51-200,0.551,none,20,False,0.0,0.5789,0
ACC-002126,"Ochoa, Olson and Hansen",Government,201-1000,0.76,leadership_change,118,False,1.0,0.8331,1
ACC-002127,Smith and Sons,Real Estate,51-200,0.669,compliance_mandate,57,False,1.0,0.7788,1
ACC-002128,"Roberts, Conway and Ross",Government,5000+,0.746,leadership_change,23,False,1.0,0.8019,1
ACC-002129,"Hart, Pierce and Flores",Insurance,1-50,0.661,leadership_change,12,False,1.0,0.5033,1
ACC-002130,Weaver PLC,Real Estate,201-1000,0.722,none,6,False,1.0,0.761,1
ACC-002131,Meadows Inc,Manufacturing,1-50,0.452,none,57,False,0.0,0.6403,0
ACC-002132,Zuniga-Lee,Technology,1001-5000,0.508,tech_refresh,10,True,1.0,0.5616,1
ACC-002133,Velez-James,Legal,1001-5000,0.991,funding_round,18,False,1.0,0.9075,1
ACC-002134,"Walls, Gibson and Lewis",Technology,201-1000,0.574,none,3,True,1.0,0.6768,1
ACC-002135,Williams Inc,Technology,1-50,0.44,compliance_mandate,17,False,1.0,0.708,0
ACC-002136,Mason-Hernandez,Government,51-200,0.392,none,57,False,0.0,0.4036,0
ACC-002137,"Williams, Davila and Schneider",Legal,1001-5000,1.0,none,54,False,1.0,0.809,1
ACC-002138,Walls and Sons,Retail,1-50,0.268,none,79,False,0.0,0.5734,0
ACC-002139,Garcia-Holder,Government,1-50,0.612,none,22,True,1.0,0.6804,1
ACC-002140,"Joseph, Williams and Murphy",Healthcare,201-1000,0.589,compliance_mandate,30,False,0.0,0.5601,0
ACC-002141,"Henry, Nguyen and Cameron",Financial Services,51-200,0.814,tech_refresh,7,False,1.0,0.7456,1
ACC-002142,"Jensen, Alvarez and Tran",Healthcare,51-200,0.685,funding_round,68,True,1.0,0.9356,1
ACC-002143,Brown-Bell,Financial Services,1-50,0.663,none,49,False,1.0,0.8218,1
ACC-002144,"Avila, Johnson and Moore",Technology,51-200,0.425,none,18,False,1.0,0.7059,0
ACC-002145,Martin and Sons,Financial Services,201-1000,0.77,none,27,False,1.0,0.806,1
ACC-002146,Ramirez Group,Healthcare,5000+,0.635,tech_refresh,44,False,0.0,0.3915,0
ACC-002147,Ramirez LLC,Government,201-1000,0.832,none,36,False,1.0,0.4708,1
ACC-002148,Daniels-Boyd,Insurance,201-1000,0.604,none,30,False,1.0,0.6235,1
ACC-002149,Liu-Steele,Retail,201-1000,0.351,leadership_change,69,True,1.0,0.6102,0
ACC-002150,Vaughan-Carroll,Technology,1001-5000,0.572,compliance_mandate,89,False,0.0,0.6361,0
ACC-002151,Castro and Sons,Manufacturing,51-200,0.698,none,7,False,0.0,0.491,0
ACC-002152,Bryant Group,Real Estate,51-200,0.763,none,72,False,1.0,0.8396,1
ACC-002153,Hart Group,Healthcare,1-50,0.634,leadership_change,7,False,0.0,0.4154,0
ACC-002154,Ward and Sons,Real Estate,51-200,0.825,leadership_change,5,False,1.0,0.6249,1
ACC-002155,"Peterson, Sanders and Morris",Healthcare,1-50,0.58,none,7,False,1.0,0.8762,1
ACC-002156,"Cruz, Hughes and Larsen",Government,1-50,0.677,none,10,False,1.0,0.7322,1
ACC-002157,Anderson and Sons,Retail,1-50,0.48,none,91,False,1.0,0.6814,0
ACC-002158,"Williamson, Pham and Payne",Healthcare,51-200,0.518,none,2,True,0.0,0.2849,0
ACC-002159,Thompson Inc,Legal,1-50,0.82,funding_round,60,False,1.0,0.5847,1
ACC-002160,"Watts, Vasquez and Vargas",Technology,51-200,0.559,compliance_mandate,1,False,0.0,0.1128,0
ACC-002161,"Bass, Smith and Rocha",Government,1001-5000,0.37,none,24,True,1.0,0.89,0
ACC-002162,Golden LLC,Legal,1-50,0.904,none,61,False,1.0,0.622,1
ACC-002163,Garrison-Ortiz,Insurance,51-200,0.932,none,122,True,1.0,0.7517,1
ACC-002164,Ward Inc,Technology,1-50,0.847,tech_refresh,19,False,1.0,0.8669,1
ACC-002165,"Sawyer, Hamilton and Osborne",Real Estate,1-50,0.988,none,0,False,1.0,0.8231,1
ACC-002166,"Stevens, Torres and Combs",Technology,1001-5000,0.365,none,50,True,1.0,0.5777,0
ACC-002167,Sexton Inc,Manufacturing,201-1000,0.467,none,23,False,0.0,0.3982,0
ACC-002168,Morrison-Rose,Technology,51-200,0.406,funding_round,2,False,1.0,0.7893,0
ACC-002169,Ingram and Sons,Technology,5000+,0.485,none,82,False,0.0,0.3341,0
ACC-002170,Roberson-Thomas,Retail,51-200,0.306,none,3,True,0.0,0.2701,0
ACC-002171,Mejia and Sons,Real Estate,51-200,0.731,funding_round,15,False,1.0,0.7269,1
ACC-002172,"Kline, Grant and Olsen",Insurance,51-200,0.903,leadership_change,55,False,1.0,0.8735,1
ACC-002173,Kim LLC,Real Estate,51-200,0.745,none,46,True,0.0,0.5336,0
ACC-002174,Friedman LLC,Insurance,201-1000,0.68,none,1,False,1.0,0.6697,1
ACC-002175,"Munoz, Carson and Hampton",Manufacturing,5000+,0.543,tech_refresh,10,False,1.0,0.8383,1
ACC-002176,"Martin, Schultz and Lopez",Technology,1001-5000,0.42,leadership_change,204,False,0.0,0.471,0
ACC-002177,Mack LLC,Insurance,201-1000,0.775,none,17,False,1.0,0.7405,1
ACC-002178,"Thompson, Hall and Contreras",Government,1-50,0.639,none,22,False,0.0,,0
ACC-002179,"Davis, Mendoza and Nelson",Legal,1-50,1.0,funding_round,2,False,0.0,0.5962,0
ACC-002180,Gibson LLC,Insurance,201-1000,0.911,funding_round,18,True,0.0,0.7233,0
ACC-002181,Stone-Taylor,Real Estate,51-200,0.84,none,3,False,1.0,0.709,1
ACC-002182,"Murphy, Munoz and Villarreal",Legal,201-1000,0.861,none,34,True,1.0,0.8462,1
ACC-002183,"Andrews, Dominguez and Wilson",Healthcare,51-200,0.616,leadership_change,6,False,1.0,0.8974,1
ACC-002184,"Jimenez, Fowler and Hunter",Real Estate,1001-5000,0.914,funding_round,6,False,0.0,0.5083,0
ACC-002185,Brown PLC,Insurance,51-200,0.662,none,36,False,1.0,0.4053,1
ACC-002186,Cox PLC,Healthcare,51-200,0.651,compliance_mandate,4,False,1.0,0.7058,1
ACC-002187,Nelson-Hodges,Technology,201-1000,0.347,none,21,True,1.0,0.4551,0
ACC-002188,"Daniels, Chan and Kline",Financial Services,201-1000,0.974,none,0,False,1.0,0.7542,1
ACC-002189,Page-Murphy,Real Estate,1001-5000,0.755,leadership_change,6,False,1.0,0.9057,1
ACC-002190,Robbins-Taylor,Financial Services,1-50,0.679,none,34,True,1.0,0.6821,1
ACC-002191,"Dickson, Williams and Serrano",Retail,201-1000,0.538,none,44,False,1.0,0.5041,1
ACC-002192,Brooks-Singleton,Manufacturing,201-1000,0.459,compliance_mandate,19,False,0.0,0.0669,0
ACC-002193,White Ltd,Legal,5000+,1.0,none,68,False,1.0,0.6458,1
ACC-002194,Turner-Gomez,Technology,51-200,0.454,tech_refresh,37,False,1.0,0.3299,0
ACC-002195,Sampson-Thomas,Real Estate,51-200,0.788,none,3,True,0.0,0.2838,0
ACC-002196,Peterson LLC,Technology,1-50,0.359,none,6,True,1.0,0.2642,0
ACC-002197,"Hawkins, Miller and Jordan",Manufacturing,1-50,0.462,none,32,False,1.0,0.4327,0
ACC-002198,"Chavez, Vasquez and Clayton",Legal,201-1000,0.792,none,31,False,1.0,0.6029,1
ACC-002199,"Conrad, Roberts and Booth",Retail,51-200,0.383,leadership_change,3,False,1.0,0.5065,0
ACC-002200,Gilmore and Sons,Insurance,51-200,0.682,none,43,False,1.0,0.7153,1
ACC-002201,"Bright, Velasquez and Roberts",Government,201-1000,0.705,none,72,False,1.0,0.8875,1
ACC-002202,Martinez-Bell,Manufacturing,1-50,0.438,none,126,False,1.0,0.6459,0
ACC-002203,"Finley, Ross and Morgan",Financial Services,51-200,0.772,none,3,False,1.0,0.9319,1
ACC-002204,Cross-Murphy,Government,201-1000,0.668,tech_refresh,24,False,0.0,,0
ACC-002205,Henderson LLC,Insurance,1-50,0.769,compliance_mandate,20,False,1.0,0.7987,1
ACC-002206,Miller-Moreno,Legal,201-1000,0.94,none,0,True,1.0,0.8804,1
ACC-002207,Nichols-Rivera,Technology,201-1000,0.578,none,12,False,0.0,0.1453,0
ACC-002208,"Hardy, Fuller and Lynch",Government,51-200,0.583,none,36,False,0.0,0.8345,0
ACC-002209,Wallace Ltd,Financial Services,1-50,1.0,none,29,True,1.0,0.7612,1
ACC-002210,"Gonzalez, Smith and Gonzalez",Legal,1-50,0.745,none,35,True,1.0,0.9093,1
ACC-002211,"Rodriguez, Rush and Boyd",Financial Services,201-1000,0.945,tech_refresh,14,False,0.0,,0
ACC-002212,"Park, Sutton and Miller",Government,1-50,0.488,tech_refresh,19,False,1.0,0.8646,0
ACC-002213,Montes Inc,Manufacturing,1-50,0.283,leadership_change,40,False,0.0,0.4758,0
ACC-002214,Stevens Inc,Real Estate,201-1000,0.938,funding_round,57,False,1.0,0.7767,1
ACC-002215,"Petty, Clarke and Lopez",Retail,5000+,0.443,none,5,True,1.0,0.8382,0
ACC-002216,Mccarty-Reyes,Manufacturing,1001-5000,0.315,funding_round,51,False,1.0,0.5546,0
ACC-002217,Conley PLC,Technology,1001-5000,0.605,none,61,False,1.0,0.5002,1
ACC-002218,Long PLC,Legal,51-200,0.837,none,71,False,1.0,0.6693,1
ACC-002219,Cooper LLC,Healthcare,51-200,0.4,none,16,True,1.0,0.8527,0
ACC-002220,Collins-Hoover,Retail,51-200,0.332,funding_round,2,False,1.0,0.5018,0
ACC-002221,Alvarez-Martin,Real Estate,51-200,0.793,funding_round,35,False,1.0,0.5772,1
ACC-002222,Myers-Williams,Financial Services,51-200,0.697,none,12,False,1.0,0.7833,1
ACC-002223,"Williams, Bryant and West",Financial Services,51-200,0.883,none,49,False,1.0,0.8604,1
ACC-002224,Allen-Jones,Technology,1-50,0.518,tech_refresh,5,False,1.0,0.3213,1
ACC-002225,Collins PLC,Real Estate,51-200,0.688,funding_round,10,False,0.0,0.5734,0
ACC-002226,Young Inc,Technology,1-50,0.468,tech_refresh,6,False,0.0,0.3452,0
ACC-002227,Sanchez Group,Insurance,1-50,1.0,tech_refresh,76,False,1.0,0.8797,1
ACC-002228,Parker LLC,Government,51-200,0.521,compliance_mandate,9,True,1.0,0.9238,1
ACC-002229,Brown-Ortiz,Healthcare,1-50,0.738,none,12,False,1.0,0.7675,1
ACC-002230,"Gardner, Thompson and Burns",Legal,1-50,0.833,none,75,False,1.0,0.3939,1
ACC-002231,"Gibbs, Hays and Hudson",Government,51-200,0.611,none,24,False,1.0,0.6025,1
ACC-002232,Charles-Davis,Technology,51-200,0.57,leadership_change,1,True,1.0,0.9213,1
ACC-002233,Moore-Ramirez,Retail,51-200,0.566,none,0,False,1.0,0.5825,1
ACC-002234,"Nelson, Nguyen and Montgomery",Financial Services,201-1000,0.884,tech_refresh,55,False,1.0,0.6411,1
ACC-002235,Hogan Inc,Government,1-50,0.635,funding_round,34,False,0.0,0.6421,0
ACC-002236,"Rivera, Wilson and Mason",Retail,5000+,0.41,tech_refresh,26,True,1.0,0.6602,0
ACC-002237,Haynes LLC,Insurance,201-1000,0.724,none,8,False,1.0,0.7239,1
ACC-002238,Murray Inc,Healthcare,1-50,0.663,funding_round,131,False,1.0,0.8426,1
ACC-002239,Smith LLC,Financial Services,51-200,0.864,compliance_mandate,0,False,0.0,0.7552,0
ACC-002240,Barnes Ltd,Insurance,51-200,0.478,none,64,False,1.0,0.5656,0
ACC-002241,Brown Inc,Retail,1001-5000,0.385,none,39,False,1.0,0.6538,0
ACC-002242,Burke-Ferguson,Government,201-1000,0.465,compliance_mandate,11,False,1.0,0.3641,0
ACC-002243,Keller-Potter,Healthcare,1001-5000,0.587,leadership_change,14,False,0.0,0.6638,0
ACC-002244,"Perez, Ponce and Bird",Healthcare,51-200,0.556,none,28,False,1.0,0.6667,1
ACC-002245,Walker Ltd,Legal,1-50,0.786,compliance_mandate,24,False,0.0,0.5903,0
ACC-002246,"Boyd, Anderson and Reid",Legal,1-50,1.0,leadership_change,10,False,0.0,,0
ACC-002247,Davis Ltd,Healthcare,1-50,0.83,leadership_change,6,False,1.0,0.8334,1
ACC-002248,Williams-Mitchell,Retail,51-200,0.557,funding_round,1,False,1.0,0.6418,1
ACC-002249,"Russell, Hubbard and Campbell",Insurance,51-200,0.724,none,8,False,1.0,0.7205,1
ACC-002250,Gonzalez-Morales,Government,1-50,0.605,none,189,False,0.0,0.6505,0
ACC-002251,Page PLC,Healthcare,1001-5000,0.621,none,15,False,1.0,0.7081,1
ACC-002252,"Schneider, Lewis and Robertson",Insurance,1-50,0.631,compliance_mandate,12,True,0.0,0.8988,0
ACC-002253,Rodriguez Inc,Retail,201-1000,0.394,compliance_mandate,52,True,0.0,0.4438,0
ACC-002254,Scott-Wheeler,Insurance,1-50,0.677,none,56,False,0.0,0.3778,0
ACC-002255,Holland Group,Healthcare,51-200,0.538,none,62,False,1.0,0.857,1
ACC-002256,Aguilar LLC,Technology,1-50,0.488,none,5,True,1.0,0.663,0
ACC-002257,"Rodriguez, Lewis and Brown",Insurance,201-1000,0.814,none,59,False,0.0,,0
ACC-002258,Osborne LLC,Financial Services,51-200,0.998,none,20,False,1.0,0.628,1
ACC-002259,"Edwards, Gonzalez and Adams",Technology,201-1000,0.629,funding_round,7,False,1.0,0.1159,1
ACC-002260,Patterson-Patel,Legal,201-1000,0.834,none,8,False,1.0,0.6368,1
ACC-002261,"Schaefer, Brown and Bailey",Real Estate,51-200,0.803,funding_round,25,False,1.0,0.6605,1
ACC-002262,Doyle and Sons,Insurance,1-50,0.641,funding_round,3,False,1.0,0.7361,1
ACC-002263,Velasquez-Newman,Real Estate,51-200,0.58,tech_refresh,23,True,1.0,0.9061,1
ACC-002264,Hernandez Group,Financial Services,51-200,1.0,none,26,False,1.0,0.6366,1
ACC-002265,Kerr-Sanders,Real Estate,201-1000,1.0,funding_round,38,False,1.0,0.7264,1
ACC-002266,"Faulkner, Carroll and Kelly",Healthcare,1-50,0.872,none,10,False,1.0,0.7238,1
ACC-002267,"Clark, Rivera and Montoya",Insurance,201-1000,0.764,none,4,False,0.0,0.6443,0
ACC-002268,"Schultz, Wade and Robinson",Real Estate,201-1000,0.816,compliance_mandate,34,False,1.0,0.5572,1
ACC-002269,Miller and Sons,Technology,201-1000,0.753,tech_refresh,21,False,1.0,0.7125,1
ACC-002270,Martin Group,Government,201-1000,0.645,tech_refresh,30,False,1.0,0.8178,1
ACC-002271,"Williams, Butler and Hodge",Real Estate,201-1000,0.795,tech_refresh,46,False,1.0,0.5755,1
ACC-002272,Moody Ltd,Technology,1-50,0.552,leadership_change,2,False,1.0,0.562,1
ACC-002273,"Higgins, Ramos and Johnson",Retail,51-200,0.631,none,42,False,0.0,0.2758,0
ACC-002274,Foster-Butler,Legal,5000+,0.738,none,11,False,1.0,0.5455,1
ACC-002275,Davis-Nicholson,Manufacturing,201-1000,0.362,leadership_change,30,False,1.0,0.688,0
ACC-002276,Jennings Group,Legal,201-1000,0.919,leadership_change,24,False,1.0,0.8196,1
ACC-002277,Taylor PLC,Financial Services,51-200,0.817,none,15,False,1.0,0.7065,1
ACC-002278,"Gonzalez, Hill and Lambert",Retail,1-50,0.446,none,17,True,0.0,,0
ACC-002279,"Morton, Tyler and Benson",Insurance,201-1000,0.459,funding_round,22,False,0.0,,0
ACC-002280,Cobb-Hill,Healthcare,201-1000,0.519,none,73,False,0.0,0.3447,0
ACC-002281,Morales-Gibson,Healthcare,51-200,0.574,none,5,True,1.0,0.808,1
ACC-002282,Sanchez Inc,Manufacturing,51-200,0.422,none,41,True,1.0,0.6227,0
ACC-002283,"Mckee, Shaw and Smith",Retail,201-1000,0.348,none,3,False,1.0,0.6108,0
ACC-002284,Ross-Mendoza,Government,51-200,0.379,none,0,True,1.0,0.895,0
ACC-002285,Wood LLC,Legal,1-50,0.792,leadership_change,20,True,1.0,0.8235,1
ACC-002286,"Gonzales, Perez and Henderson",Retail,51-200,0.481,tech_refresh,17,False,0.0,0.1936,0
ACC-002287,"White, Garcia and Jordan",Manufacturing,1001-5000,0.546,leadership_change,5,False,1.0,0.5945,1
ACC-002288,Bryant LLC,Financial Services,201-1000,0.766,leadership_change,44,False,1.0,0.7637,1
ACC-002289,Hayes Ltd,Technology,1-50,0.509,none,5,False,1.0,0.6014,1
ACC-002290,Reynolds Group,Technology,201-1000,0.561,none,16,False,1.0,0.6567,1
ACC-002291,"Mcintyre, Sparks and Mack",Legal,201-1000,0.94,none,18,True,1.0,0.8502,1
ACC-002292,Cline-Kirby,Retail,5000+,0.253,none,84,False,0.0,0.357,0
ACC-002293,Ali-Foster,Financial Services,51-200,0.879,tech_refresh,6,False,1.0,0.3763,1
ACC-002294,"Hurst, Crawford and Chavez",Manufacturing,201-1000,0.658,none,166,False,1.0,0.8845,1
ACC-002295,Parrish LLC,Government,201-1000,0.619,none,15,False,1.0,0.6872,1
ACC-002296,Davis-Daniels,Government,1-50,0.838,none,25,False,1.0,0.8459,1
ACC-002297,Estrada Inc,Government,1001-5000,0.595,funding_round,6,False,1.0,0.744,1
ACC-002298,Smith Inc,Financial Services,1-50,0.916,none,20,False,1.0,0.6369,1
ACC-002299,Thompson-Serrano,Government,51-200,0.682,leadership_change,6,True,1.0,0.5464,1
ACC-002300,Hobbs-Carrillo,Healthcare,51-200,0.629,funding_round,5,False,0.0,0.3604,0
ACC-002301,Meyers-Green,Financial Services,1-50,0.903,none,10,True,0.0,0.3126,0
ACC-002302,Wall-Park,Legal,201-1000,1.0,leadership_change,41,False,1.0,0.7067,1
ACC-002303,Hamilton Inc,Technology,51-200,0.469,leadership_change,67,False,0.0,,0
ACC-002304,"Thompson, Gonzalez and Lynch",Financial Services,201-1000,0.807,none,0,True,1.0,0.848,1
ACC-002305,"Ortega, Thornton and Caldwell",Legal,201-1000,1.0,funding_round,40,False,1.0,0.814,1
ACC-002306,Mckee LLC,Healthcare,1-50,0.618,funding_round,22,False,0.0,0.7469,0
ACC-002307,Garrison PLC,Manufacturing,5000+,0.277,none,38,False,1.0,0.6891,0
ACC-002308,Alvarado-Hurley,Technology,1-50,0.636,none,99,False,0.0,0.5943,0
ACC-002309,Myers PLC,Financial Services,1-50,0.817,none,21,True,1.0,0.871,1
ACC-002310,"Graves, Wood and Alvarez",Manufacturing,201-1000,0.577,compliance_mandate,13,False,1.0,0.7645,1
ACC-002311,Cooke and Sons,Manufacturing,1-50,0.579,none,2,True,1.0,0.8127,1
ACC-002312,"Hamilton, Thomas and Hardy",Government,1-50,0.65,none,92,False,1.0,0.6873,1
ACC-002313,"Davis, Miller and Rodriguez",Legal,51-200,0.864,tech_refresh,28,True,1.0,0.8026,1
ACC-002314,Bailey-White,Technology,51-200,0.468,none,22,False,0.0,0.1734,0
ACC-002315,Anthony and Sons,Technology,5000+,0.505,none,36,False,1.0,0.2557,1
ACC-002316,Campbell-Adams,Legal,1-50,0.849,funding_round,20,False,0.0,,0
ACC-002317,"Hamilton, Sanders and Kaufman",Financial Services,1-50,0.815,funding_round,47,False,1.0,0.8202,1
ACC-002318,"Mays, Miller and Carroll",Retail,1-50,0.45,tech_refresh,5,True,1.0,0.6709,0
ACC-002319,Allen-Mccall,Retail,201-1000,0.589,none,26,True,0.0,,0
ACC-002320,Marsh PLC,Technology,51-200,0.694,leadership_change,16,False,0.0,0.5215,0
ACC-002321,"Gibson, Delgado and Robinson",Manufacturing,1001-5000,0.705,none,2,False,0.0,0.2117,0
ACC-002322,Porter-Mercer,Manufacturing,201-1000,0.32,none,9,False,1.0,0.7887,0
ACC-002323,Mendoza Group,Technology,51-200,0.529,funding_round,31,False,1.0,0.5519,1
ACC-002324,"Green, Dalton and Ayala",Financial Services,201-1000,0.917,tech_refresh,10,False,0.0,0.7068,0
ACC-002325,Garcia Inc,Legal,201-1000,0.738,none,1,False,1.0,0.5748,1
ACC-002326,"Flores, Weaver and Martin",Healthcare,1-50,0.639,tech_refresh,39,False,0.0,0.3083,0
ACC-002327,Estrada-Garcia,Legal,1-50,0.923,funding_round,51,True,1.0,0.4853,1
ACC-002328,Campbell-Meadows,Healthcare,5000+,0.856,funding_round,0,True,1.0,0.8334,1
ACC-002329,"Torres, Weber and Juarez",Healthcare,51-200,0.562,funding_round,48,False,1.0,0.741,1
ACC-002330,Lane-Brown,Healthcare,1-50,0.598,none,36,False,1.0,0.3278,1
ACC-002331,Roberts-Ramos,Insurance,201-1000,0.718,funding_round,6,False,1.0,0.7344,1
ACC-002332,"Long, Rice and Cross",Manufacturing,1-50,0.493,none,55,False,1.0,0.3455,0
ACC-002333,Estrada-Miller,Technology,1-50,0.413,none,31,False,1.0,0.6297,0
ACC-002334,Macdonald-Massey,Healthcare,51-200,0.532,compliance_mandate,10,False,1.0,0.7919,1
ACC-002335,Hernandez-Morton,Legal,201-1000,0.867,none,13,False,1.0,0.8474,1
ACC-002336,"Olsen, Perez and King",Legal,1-50,0.779,none,9,False,1.0,0.7295,1
ACC-002337,Powell and Sons,Healthcare,1001-5000,0.688,none,83,False,1.0,0.8018,1
ACC-002338,Acosta-Harris,Healthcare,1001-5000,0.773,none,50,False,0.0,0.2285,0
ACC-002339,Moore-Bradford,Healthcare,51-200,0.812,tech_refresh,3,False,1.0,0.6826,1
ACC-002340,"Lee, Henry and Kelly",Retail,51-200,0.488,none,18,False,1.0,0.6179,0
ACC-002341,Brennan Ltd,Healthcare,51-200,0.638,none,38,False,0.0,0.8222,0
ACC-002342,Lee and Sons,Legal,201-1000,0.86,none,48,False,1.0,0.3542,1
ACC-002343,"Simpson, Martinez and Daniels",Real Estate,51-200,0.79,none,19,False,1.0,0.8359,1
ACC-002344,Reed Ltd,Government,1-50,0.911,none,127,False,1.0,0.8444,1
ACC-002345,Rivera Group,Insurance,51-200,1.0,compliance_mandate,10,False,0.0,0.3103,0
ACC-002346,"Huff, Perez and Miller",Manufacturing,1-50,0.392,none,20,False,0.0,0.3692,0
ACC-002347,Green Group,Healthcare,51-200,0.658,none,4,True,1.0,0.77,1
ACC-002348,Wilcox-Bradley,Manufacturing,201-1000,0.416,funding_round,4,False,1.0,0.2619,0
ACC-002349,Schmitt PLC,Financial Services,5000+,0.663,none,29,False,0.0,0.6365,0
ACC-002350,Banks-Cannon,Healthcare,201-1000,0.804,tech_refresh,5,True,0.0,0.3606,0
ACC-002351,Phillips-Walker,Government,1001-5000,0.586,none,6,False,1.0,0.7115,1
ACC-002352,Huynh and Sons,Government,51-200,0.575,funding_round,23,False,1.0,0.7319,1
ACC-002353,Perez-Lowe,Financial Services,51-200,0.713,none,0,False,1.0,0.34,1
ACC-002354,Johnson-Hunt,Retail,1-50,0.399,funding_round,8,False,1.0,0.3306,0
ACC-002355,Edwards Ltd,Government,1-50,0.633,compliance_mandate,43,False,1.0,0.4581,1
ACC-002356,"Hogan, Smith and Burke",Insurance,5000+,0.689,none,13,False,0.0,0.6363,0
ACC-002357,"Miller, Martin and Sanchez",Retail,51-200,0.534,none,12,False,1.0,0.7843,1
ACC-002358,"Gutierrez, Vincent and Morrison",Legal,51-200,0.73,none,30,False,0.0,0.278,0
ACC-002359,Martin-Bowen,Government,51-200,0.546,none,10,False,0.0,0.6656,0
ACC-002360,Mccarthy-Green,Insurance,1-50,0.699,leadership_change,51,False,1.0,0.7045,1
ACC-002361,"Farley, Carr and Sanders",Financial Services,1001-5000,1.0,compliance_mandate,10,False,1.0,0.9411,1
ACC-002362,Hensley Inc,Real Estate,1-50,0.959,none,106,False,1.0,0.7826,1
ACC-002363,Conway-Riley,Financial Services,5000+,0.781,funding_round,5,False,1.0,0.7823,1
ACC-002364,"Summers, Weeks and Lucas",Healthcare,5000+,0.584,none,44,False,1.0,0.7613,1
ACC-002365,Cook-Gibson,Real Estate,51-200,0.634,funding_round,47,False,1.0,0.6539,1
ACC-002366,Gonzales-Johnson,Insurance,1-50,0.816,none,1,False,1.0,0.5087,1
ACC-002367,"Craig, Williams and Lynch",Technology,1001-5000,0.467,none,21,False,1.0,0.6337,0
ACC-002368,"Ray, Romero and Singleton",Government,1-50,0.459,none,30,False,1.0,0.479,0
ACC-002369,Leon-Hayes,Real Estate,201-1000,0.779,none,41,False,0.0,0.502,0
ACC-002370,"Humphrey, Shelton and Lewis",Real Estate,51-200,0.924,compliance_mandate,1,True,1.0,0.8429,1
ACC-002371,Stephens Inc,Government,1-50,0.687,none,21,False,1.0,0.6457,1
ACC-002372,"Bauer, Perkins and Wright",Retail,51-200,0.145,none,59,True,1.0,0.7624,0
ACC-002373,"Aguirre, Ortiz and Long",Healthcare,1001-5000,0.698,none,15,False,1.0,0.7796,1
ACC-002374,"West, Alvarado and Campbell",Insurance,1-50,0.783,none,24,True,1.0,0.7405,1
ACC-002375,"Parker, Robertson and Wolfe",Real Estate,1-50,0.996,none,11,True,1.0,0.847,1
ACC-002376,Pena LLC,Manufacturing,201-1000,0.506,tech_refresh,12,False,1.0,0.7815,1
ACC-002377,Burton PLC,Financial Services,51-200,0.85,compliance_mandate,14,True,1.0,0.842,1
ACC-002378,Austin Ltd,Legal,1001-5000,0.9,none,32,False,1.0,0.751,1
ACC-002379,Acosta and Sons,Real Estate,51-200,0.777,compliance_mandate,10,False,1.0,0.9001,1
ACC-002380,Mccarty-Lewis,Financial Services,51-200,1.0,none,5,True,0.0,,0
ACC-002381,Stanley-Parker,Retail,5000+,0.29,funding_round,12,False,0.0,0.4538,0
ACC-002382,"Hall, Rangel and Marshall",Government,201-1000,0.316,funding_round,11,False,1.0,0.6966,0
ACC-002383,Ortiz Ltd,Retail,51-200,0.321,leadership_change,32,False,1.0,0.767,0
ACC-002384,Spencer PLC,Retail,201-1000,0.12,none,1,False,0.0,0.7466,0
ACC-002385,Davis-Rodriguez,Retail,1-50,0.324,none,24,False,1.0,0.5685,0
ACC-002386,Adams LLC,Financial Services,1-50,0.921,tech_refresh,10,False,1.0,0.8959,1
ACC-002387,Page Inc,Healthcare,1-50,0.64,none,19,False,1.0,0.7434,1
ACC-002388,"Cross, Jimenez and King",Insurance,1-50,0.572,leadership_change,1,False,0.0,,0
ACC-002389,Smith-Hernandez,Retail,51-200,0.464,none,45,True,1.0,0.9172,0
ACC-002390,"Ray, Jackson and Parks",Financial Services,201-1000,0.933,none,57,False,1.0,0.786,1
ACC-002391,King PLC,Technology,201-1000,0.577,none,3,False,1.0,0.8466,1
ACC-002392,Marshall-Nguyen,Manufacturing,5000+,0.438,none,0,False,0.0,0.4208,0
ACC-002393,"Kent, Davis and Owens",Technology,1-50,0.693,funding_round,20,False,1.0,0.6756,1
ACC-002394,Wilcox Inc,Insurance,5000+,0.731,none,85,True,1.0,0.8769,1
ACC-002395,"Aguilar, Mcfarland and Singh",Manufacturing,1-50,0.457,none,14,False,1.0,0.307,0
ACC-002396,White Ltd,Technology,201-1000,0.589,tech_refresh,7,False,0.0,0.622,0
ACC-002397,"Lee, Martin and Miller",Manufacturing,1-50,0.58,none,6,False,1.0,0.7182,1
ACC-002398,Brown Inc,Retail,201-1000,0.415,leadership_change,3,False,1.0,0.7447,0
ACC-002399,Waters-Barker,Manufacturing,51-200,0.531,leadership_change,4,True,1.0,0.8222,1
ACC-002400,Lawson Inc,Government,201-1000,0.44,funding_round,43,False,0.0,0.5683,0
ACC-002401,Snyder-Wilcox,Financial Services,1-50,0.762,none,13,False,1.0,0.8258,1
ACC-002402,"Bradley, Klein and Cross",Real Estate,51-200,1.0,none,9,False,1.0,0.6011,1
ACC-002403,Joyce and Sons,Technology,201-1000,0.432,none,10,True,1.0,0.8034,0
ACC-002404,Bryan Inc,Government,1-50,0.678,compliance_mandate,5,False,1.0,0.6591,1
ACC-002405,White-Huynh,Financial Services,201-1000,0.752,compliance_mandate,27,False,1.0,0.7247,1
ACC-002406,Pope Ltd,Healthcare,51-200,0.569,none,20,True,1.0,0.8601,1
ACC-002407,"Wall, Jones and Berry",Government,1-50,0.587,none,46,False,1.0,0.6963,1
ACC-002408,"Alvarado, Briggs and Allen",Government,51-200,0.53,leadership_change,11,True,1.0,0.831,1
ACC-002409,Martinez-Wood,Legal,51-200,0.944,leadership_change,30,False,1.0,0.7568,1
ACC-002410,Chang Inc,Government,201-1000,0.571,compliance_mandate,5,False,0.0,,0
ACC-002411,Phillips-Williams,Healthcare,1-50,0.593,funding_round,29,False,1.0,0.6594,1
ACC-002412,Taylor-Underwood,Insurance,51-200,0.624,leadership_change,28,False,1.0,0.6627,1
ACC-002413,Martinez and Sons,Government,1-50,0.568,none,61,False,0.0,,0
ACC-002414,Ward Ltd,Financial Services,51-200,0.653,leadership_change,2,False,1.0,0.2336,1
ACC-002415,"Mitchell, Ballard and Henderson",Legal,1-50,0.963,none,18,False,1.0,0.5422,1
ACC-002416,Frank and Sons,Legal,201-1000,0.845,none,21,False,1.0,0.6822,1
ACC-002417,"Jones, Alvarado and Kelly",Legal,51-200,0.644,none,10,False,0.0,0.3339,0
ACC-002418,Garcia-Gutierrez,Healthcare,51-200,0.541,none,50,False,0.0,,0
ACC-002419,Browning-Evans,Insurance,1-50,0.918,tech_refresh,3,False,1.0,0.729,1
ACC-002420,Miller and Sons,Technology,1001-5000,0.448,none,9,False,1.0,0.7725,0
ACC-002421,"Golden, Le and Elliott",Retail,1-50,0.364,none,32,False,1.0,0.741,0
ACC-002422,"Perkins, Ramirez and Ramos",Healthcare,1-50,0.523,none,2,False,1.0,0.3635,1
ACC-002423,Anderson PLC,Real Estate,201-1000,0.931,none,9,False,0.0,,0
ACC-002424,Sanchez Inc,Technology,201-1000,0.398,none,5,False,1.0,0.479,0
ACC-002425,Robinson-Herrera,Healthcare,51-200,0.615,leadership_change,7,False,1.0,0.7708,1
ACC-002426,"Davis, Lynch and Carlson",Healthcare,1-50,0.856,funding_round,10,True,1.0,0.7913,1
ACC-002427,Navarro Inc,Retail,1-50,0.497,funding_round,5,False,0.0,0.359,0
ACC-002428,Mcmillan Inc,Technology,5000+,0.465,none,40,True,0.0,0.6709,0
ACC-002429,Caldwell PLC,Retail,51-200,0.305,none,0,False,1.0,0.6728,0
ACC-002430,"Garcia, Stephenson and Skinner",Financial Services,1-50,0.885,compliance_mandate,7,False,1.0,0.6409,1
ACC-002431,"Hall, Faulkner and Mcmillan",Insurance,51-200,0.764,none,1,False,1.0,0.8438,1
ACC-002432,Adams LLC,Insurance,51-200,0.665,none,8,False,1.0,0.7413,1
ACC-002433,"Thompson, Black and Martin",Government,1-50,0.68,none,28,False,0.0,0.2174,0
ACC-002434,West Inc,Retail,201-1000,0.394,none,112,False,1.0,0.453,0
ACC-002435,Gibson and Sons,Real Estate,1-50,0.871,funding_round,27,False,0.0,,0
ACC-002436,"Hammond, Johnson and Vargas",Financial Services,1-50,0.835,none,40,True,0.0,0.8087,0
ACC-002437,Martin-Vasquez,Technology,201-1000,0.447,leadership_change,4,False,0.0,0.2331,0
ACC-002438,Newman and Sons,Insurance,51-200,0.875,leadership_change,41,False,0.0,0.2141,0
ACC-002439,"Gonzalez, Richard and Brooks",Insurance,1001-5000,0.569,tech_refresh,10,False,1.0,0.2823,1
ACC-002440,Anderson LLC,Retail,1001-5000,0.179,none,8,False,0.0,0.5852,0
ACC-002441,Wallace PLC,Financial Services,1-50,0.896,none,4,False,1.0,0.8458,1
ACC-002442,Brown-Williams,Healthcare,1001-5000,0.482,none,3,False,0.0,0.1611,0
ACC-002443,"Smith, Ryan and Randolph",Insurance,51-200,0.687,leadership_change,0,False,1.0,0.8986,1
ACC-002444,"Castillo, Cole and Le",Insurance,51-200,0.613,tech_refresh,35,False,1.0,0.8484,1
ACC-002445,"Cooper, Thomas and Barnes",Government,1001-5000,0.69,tech_refresh,28,False,1.0,0.8156,1
ACC-002446,Knight Inc,Healthcare,1-50,0.584,funding_round,62,False,1.0,0.777,1
ACC-002447,Ward and Sons,Real Estate,51-200,0.866,funding_round,15,True,1.0,0.9259,1
ACC-002448,Liu and Sons,Manufacturing,201-1000,0.755,none,90,False,0.0,0.4438,0
ACC-002449,Decker-Carrillo,Manufacturing,201-1000,0.578,none,29,False,0.0,0.3575,0
ACC-002450,"Luna, Cervantes and Lee",Financial Services,201-1000,0.839,tech_refresh,11,False,1.0,0.807,1
ACC-002451,"Russell, Little and Kaiser",Healthcare,1001-5000,0.749,funding_round,114,False,1.0,0.7205,1
ACC-002452,Ferguson Inc,Healthcare,1-50,0.876,none,13,False,1.0,0.7018,1
ACC-002453,Lamb-Holder,Healthcare,51-200,0.584,tech_refresh,2,False,0.0,0.4526,0
ACC-002454,Smith-Hamilton,Government,51-200,0.628,none,3,False,1.0,0.2153,1
ACC-002455,Thompson-Richardson,Retail,5000+,0.472,leadership_change,29,True,1.0,0.5453,0
ACC-002456,Thomas-Baird,Healthcare,1001-5000,0.67,none,16,False,0.0,0.57,0
ACC-002457,"Lucas, Lopez and May",Legal,1-50,1.0,leadership_change,19,False,1.0,0.7814,1
ACC-002458,Wilcox-Best,Government,51-200,0.521,none,4,False,1.0,0.5196,1
ACC-002459,"Lynch, Smith and Cross",Financial Services,51-200,0.962,tech_refresh,7,False,1.0,0.7776,1
ACC-002460,Butler Ltd,Real Estate,201-1000,0.876,tech_refresh,9,False,1.0,0.8227,1
ACC-002461,Freeman Inc,Healthcare,51-200,0.472,tech_refresh,9,False,0.0,0.4628,0
ACC-002462,"Riley, Lee and Liu",Technology,5000+,0.292,none,25,False,1.0,0.7393,0
ACC-002463,"Ruiz, Barnes and Greer",Government,51-200,0.427,none,6,True,0.0,0.862,0
ACC-002464,Scott LLC,Healthcare,1-50,0.917,none,8,False,1.0,0.8186,1
ACC-002465,"Stone, Martinez and Huerta",Healthcare,51-200,0.661,none,0,False,1.0,0.7088,1
ACC-002466,"Armstrong, Avery and Ramsey",Healthcare,1-50,0.827,none,2,False,1.0,0.659,1
ACC-002467,Nelson-Knight,Financial Services,1-50,0.945,compliance_mandate,7,True,1.0,0.7555,1
ACC-002468,Harding and Sons,Manufacturing,1-50,0.496,none,15,False,1.0,0.6865,0
ACC-002469,Mccoy Group,Technology,1-50,0.73,funding_round,113,False,1.0,0.7097,1
ACC-002470,Adams-Solis,Healthcare,1-50,0.61,none,25,True,1.0,0.942,1
ACC-002471,Arroyo-Yates,Manufacturing,51-200,0.211,leadership_change,59,False,1.0,0.4078,0
ACC-002472,"Peterson, Harvey and Jones",Healthcare,51-200,0.701,none,106,False,1.0,0.8085,1
ACC-002473,Webb LLC,Insurance,51-200,0.795,leadership_change,44,False,0.0,0.6174,0
ACC-002474,Bryant-Vasquez,Retail,51-200,0.309,funding_round,41,False,1.0,0.2591,0
ACC-002475,"Michael, Howell and Thompson",Technology,201-1000,0.842,funding_round,101,False,1.0,0.9407,1
ACC-002476,Rivera-Rollins,Retail,1-50,0.497,funding_round,14,False,0.0,0.5084,0
ACC-002477,Foster and Sons,Real Estate,1-50,0.876,compliance_mandate,2,False,1.0,0.7278,1
ACC-002478,Stone and Sons,Manufacturing,51-200,0.475,none,67,False,0.0,0.378,0
ACC-002479,"Salazar, Hernandez and Sullivan",Technology,201-1000,0.553,none,21,False,0.0,0.2913,0
ACC-002480,"Campos, Preston and Wilson",Insurance,201-1000,0.781,compliance_mandate,22,False,1.0,0.3866,1
ACC-002481,Moore LLC,Real Estate,1001-5000,0.785,funding_round,26,False,1.0,0.729,1
ACC-002482,"Moody, Yu and Bridges",Technology,1-50,0.427,leadership_change,20,False,1.0,0.5711,0
ACC-002483,Franklin-Anthony,Retail,1-50,0.396,none,34,False,1.0,0.7073,0
ACC-002484,Vargas-Stewart,Legal,1-50,0.915,none,56,True,1.0,0.8518,1
ACC-002485,"Anderson, Booth and French",Manufacturing,201-1000,0.348,leadership_change,7,False,0.0,0.344,0
ACC-002486,Ruiz-Santana,Retail,1-50,0.47,none,25,False,1.0,0.4108,0
ACC-002487,Roberts LLC,Manufacturing,1-50,0.342,leadership_change,56,False,0.0,0.2366,0
ACC-002488,Fox-Martin,Government,51-200,0.665,none,52,False,0.0,,0
ACC-002489,"Brown, Davenport and Simmons",Insurance,1001-5000,0.705,compliance_mandate,0,False,1.0,0.8763,1
ACC-002490,"Sullivan, Perry and Johnson",Healthcare,201-1000,0.67,none,22,True,1.0,0.9372,1
ACC-002491,Ferguson PLC,Real Estate,51-200,0.652,leadership_change,58,False,1.0,0.528,1
ACC-002492,Freeman LLC,Retail,51-200,0.408,none,47,False,1.0,0.413,0
ACC-002493,Cooper-Allen,Real Estate,201-1000,0.902,none,34,False,1.0,0.8452,1
ACC-002494,Powers-Kennedy,Real Estate,1-50,0.745,none,10,False,1.0,0.8015,1
ACC-002495,Ball Group,Government,1-50,0.538,tech_refresh,18,False,1.0,0.9403,1
ACC-002496,Pierce and Sons,Healthcare,51-200,0.77,none,55,True,1.0,0.1822,1
ACC-002497,"Knight, Newton and Hebert",Government,1-50,0.458,compliance_mandate,7,False,1.0,0.4826,0
ACC-002498,Smith LLC,Healthcare,51-200,0.684,compliance_mandate,6,False,0.0,0.4489,0
ACC-002499,Mcgee-Harrell,Real Estate,1-50,0.771,leadership_change,20,False,1.0,0.7737,1
ACC-002500,Baker-Ramsey,Government,51-200,0.548,none,19,False,1.0,0.3651,1
ACC-002501,Martinez Ltd,Healthcare,1001-5000,0.581,none,78,False,1.0,0.5576,1
ACC-002502,Woods-Moran,Real Estate,51-200,0.836,leadership_change,12,False,1.0,0.7415,1
ACC-002503,"Sullivan, Villanueva and Carter",Government,51-200,0.538,none,143,False,1.0,0.7079,1
ACC-002504,"Thompson, Diaz and Meyer",Technology,1-50,0.592,none,10,False,0.0,0.5416,0
ACC-002505,Tran LLC,Technology,51-200,0.417,none,132,True,0.0,0.5294,0
ACC-002506,Evans and Sons,Insurance,201-1000,0.679,funding_round,22,False,1.0,0.7338,1
ACC-002507,Mora-Francis,Insurance,201-1000,0.754,none,43,False,1.0,0.5268,1
ACC-002508,Richardson-Kaiser,Technology,201-1000,0.75,compliance_mandate,58,False,1.0,0.8339,1
ACC-002509,"Smith, Reyes and Francis",Legal,51-200,0.889,none,45,False,1.0,0.8016,1
ACC-002510,Jones-Kramer,Manufacturing,1001-5000,0.437,none,19,False,1.0,0.5521,0
ACC-002511,"Potter, Jones and Thompson",Retail,1-50,0.498,compliance_mandate,1,False,0.0,0.3346,0
ACC-002512,Campbell Ltd,Government,1001-5000,0.654,tech_refresh,74,False,1.0,0.7523,1
ACC-002513,Mooney-Miller,Technology,201-1000,0.346,none,52,True,1.0,0.7883,0
ACC-002514,Wood-Arias,Legal,1-50,0.902,none,33,False,0.0,0.2835,0
ACC-002515,Singleton-Kirby,Insurance,51-200,0.876,none,19,False,1.0,0.6994,1
ACC-002516,Lyons Group,Financial Services,1-50,0.791,none,18,False,1.0,0.7906,1
ACC-002517,Knox-Reilly,Legal,5000+,0.718,tech_refresh,34,False,1.0,0.9269,1
ACC-002518,Jacobs Ltd,Healthcare,201-1000,0.532,none,2,False,1.0,0.587,1
ACC-002519,"Phillips, Martin and Harris",Government,1001-5000,0.555,leadership_change,0,False,1.0,0.7822,1
ACC-002520,"Hernandez, Hernandez and Lynch",Government,51-200,0.722,none,17,False,1.0,0.8694,1
ACC-002521,"Lane, Bell and Wyatt",Real Estate,51-200,0.674,leadership_change,21,False,1.0,0.5173,1
ACC-002522,Peterson and Sons,Legal,1001-5000,1.0,tech_refresh,112,False,1.0,0.7931,1
ACC-002523,Harvey Inc,Financial Services,1001-5000,0.994,leadership_change,75,False,1.0,0.8547,1
ACC-002524,"Smith, Bryan and Duncan",Manufacturing,51-200,0.48,none,10,False,0.0,,0
ACC-002525,"Nelson, Simmons and Spencer",Real Estate,1-50,0.849,none,11,False,0.0,,0
ACC-002526,King Group,Legal,201-1000,0.695,leadership_change,24,False,1.0,0.8201,1
ACC-002527,"Wright, Sullivan and Fowler",Technology,1-50,0.379,funding_round,42,False,0.0,,0
ACC-002528,Dunn Ltd,Government,1001-5000,0.512,funding_round,28,False,1.0,0.6113,1
ACC-002529,Petty-Sullivan,Legal,1001-5000,0.814,none,17,True,1.0,0.7723,1
ACC-002530,Keith-Mays,Government,1001-5000,0.498,compliance_mandate,3,True,1.0,0.7773,0
ACC-002531,Davidson PLC,Legal,51-200,0.897,none,10,True,0.0,,0
ACC-002532,"Mata, Thomas and Robinson",Insurance,201-1000,0.76,none,16,False,1.0,0.5831,1
ACC-002533,"Shah, Craig and Stevens",Healthcare,201-1000,0.675,leadership_change,48,False,0.0,0.1499,0
ACC-002534,"Baldwin, Jackson and Harmon",Retail,51-200,0.481,none,29,False,1.0,0.8112,0
ACC-002535,Dickerson Ltd,Technology,51-200,0.699,none,2,False,0.0,0.3979,0
ACC-002536,"Hansen, Kim and Martinez",Manufacturing,201-1000,0.485,none,3,False,0.0,0.2382,0
ACC-002537,Rogers-Grimes,Real Estate,1-50,0.333,funding_round,0,False,1.0,0.9151,0
ACC-002538,"George, Cunningham and Molina",Legal,1-50,0.981,none,5,False,1.0,0.3579,1
ACC-002539,Howell and Sons,Government,1001-5000,0.659,compliance_mandate,4,False,1.0,0.6585,1
ACC-002540,Freeman-Carpenter,Technology,51-200,0.78,tech_refresh,9,False,1.0,0.6933,1
ACC-002541,"Gonzalez, Watson and Sanchez",Legal,1-50,0.976,none,31,True,1.0,0.5485,1
ACC-002542,Manning LLC,Government,1-50,0.514,none,9,False,1.0,0.523,1
ACC-002543,Alvarado-Foster,Retail,201-1000,0.447,none,45,False,1.0,0.7148,0
ACC-002544,"Christian, Skinner and Gutierrez",Real Estate,1001-5000,0.866,compliance_mandate,19,False,0.0,0.8251,0
ACC-002545,Montoya LLC,Legal,51-200,0.689,tech_refresh,4,False,1.0,0.8558,1
ACC-002546,Wu and Sons,Real Estate,1-50,0.768,leadership_change,66,False,0.0,0.3127,0
ACC-002547,Adams PLC,Technology,51-200,0.492,funding_round,7,False,0.0,,0
ACC-002548,Baker LLC,Real Estate,1001-5000,0.664,none,73,False,1.0,0.2903,1
ACC-002549,Dennis-Flowers,Technology,1001-5000,0.781,tech_refresh,16,False,1.0,0.8228,1
ACC-002550,Wells-Long,Manufacturing,201-1000,0.347,none,14,False,1.0,0.677,0
ACC-002551,"Cook, Brown and Butler",Government,51-200,0.574,compliance_mandate,10,False,1.0,0.6637,1
ACC-002552,Long PLC,Technology,1-50,0.355,none,54,False,1.0,0.4254,0
ACC-002553,Vasquez Ltd,Manufacturing,1-50,0.199,compliance_mandate,41,False,1.0,0.6448,0
ACC-002554,Payne Group,Healthcare,1-50,0.584,none,36,False,1.0,0.5786,1
ACC-002555,"Russell, Smith and Thompson",Insurance,1-50,0.805,leadership_change,127,False,1.0,0.7124,1
ACC-002556,"Brown, Walton and Drake",Legal,1-50,0.74,tech_refresh,32,False,1.0,0.6876,1
ACC-002557,"Owens, Diaz and Wood",Retail,1001-5000,0.387,none,5,False,0.0,0.1321,0
ACC-002558,"Hamilton, Schroeder and Harvey",Healthcare,1-50,0.684,none,3,False,0.0,0.1207,0
ACC-002559,"Hanson, Webb and Ortiz",Financial Services,51-200,0.911,compliance_mandate,31,False,1.0,0.9445,1
ACC-002560,Wheeler-Long,Insurance,51-200,0.92,compliance_mandate,28,False,1.0,0.5621,1
ACC-002561,Warren Ltd,Financial Services,5000+,0.875,none,27,False,1.0,0.8014,1
ACC-002562,"Smith, Ellis and Willis",Government,1-50,0.564,none,16,False,0.0,0.6309,0
ACC-002563,Anderson-Clark,Insurance,5000+,0.598,funding_round,0,True,1.0,0.7456,1
ACC-002564,Ward and Sons,Healthcare,1001-5000,0.8,none,28,False,1.0,0.7669,1
ACC-002565,"Kim, Johnson and Nicholson",Financial Services,51-200,0.846,none,37,False,1.0,0.6522,1
ACC-002566,Smith-Jimenez,Insurance,1-50,0.815,tech_refresh,0,False,1.0,0.528,1
ACC-002567,Allen-Cox,Retail,51-200,0.327,none,21,False,1.0,0.8774,0
ACC-002568,"Mccoy, Peters and Lambert",Retail,201-1000,0.566,compliance_mandate,81,False,1.0,0.4073,1
ACC-002569,"Green, Mclean and Nelson",Financial Services,51-200,0.886,compliance_mandate,42,False,1.0,0.6617,1
ACC-002570,Mclaughlin-Perkins,Healthcare,201-1000,0.769,none,44,False,1.0,0.1348,1
ACC-002571,Castillo-Cruz,Real Estate,51-200,0.967,leadership_change,75,False,1.0,0.7439,1
ACC-002572,Mcmillan-Gomez,Insurance,51-200,0.612,none,8,False,0.0,0.6031,0
ACC-002573,Bennett PLC,Healthcare,51-200,0.478,compliance_mandate,17,False,1.0,0.4672,0
ACC-002574,"Pacheco, Owens and Jacobs",Technology,51-200,0.792,funding_round,39,False,1.0,0.6724,1
ACC-002575,Zhang-Miller,Healthcare,201-1000,0.621,tech_refresh,30,False,0.0,0.4034,0
ACC-002576,"Henry, Lane and Miller",Healthcare,51-200,0.869,none,9,False,1.0,0.5722,1
ACC-002577,Evans-Daniels,Insurance,51-200,0.682,none,30,False,0.0,0.2527,0
ACC-002578,Monroe and Sons,Insurance,51-200,0.705,leadership_change,141,False,1.0,0.7055,1
ACC-002579,Holden-Beck,Manufacturing,51-200,0.435,none,11,False,1.0,0.4887,0
ACC-002580,"Clements, Shaffer and Ryan",Insurance,1-50,1.0,none,3,True,1.0,0.8877,1
ACC-002581,"Perez, Vasquez and Garcia",Healthcare,1-50,0.596,compliance_mandate,4,False,1.0,0.7635,1
ACC-002582,"Valenzuela, Brown and Benitez",Healthcare,51-200,0.711,none,89,False,1.0,0.7515,1
ACC-002583,Moore Ltd,Manufacturing,1-50,0.428,tech_refresh,53,True,1.0,0.6426,0
ACC-002584,Petersen-Aguilar,Financial Services,51-200,0.771,tech_refresh,46,True,1.0,0.8608,1
ACC-002585,"Miller, Mejia and Cameron",Retail,5000+,0.402,none,1,True,1.0,0.6791,0
ACC-002586,Larsen PLC,Healthcare,51-200,0.637,leadership_change,72,False,0.0,,0
ACC-002587,Williams-Murphy,Insurance,5000+,0.786,funding_round,11,False,0.0,0.7563,0
ACC-002588,"Gillespie, Smith and Riley",Manufacturing,1-50,0.315,none,18,False,1.0,0.6649,0
ACC-002589,"Cook, Rodriguez and Fernandez",Healthcare,51-200,0.525,none,137,True,1.0,0.7144,1
ACC-002590,Huerta Ltd,Insurance,201-1000,0.667,none,15,True,1.0,0.8718,1
ACC-002591,Alvarez Group,Financial Services,201-1000,0.786,none,21,False,1.0,0.3785,1
ACC-002592,Peters Inc,Insurance,201-1000,0.759,none,50,True,1.0,0.6284,1
ACC-002593,Everett Inc,Healthcare,1-50,0.662,leadership_change,11,False,1.0,0.7272,1
ACC-002594,"Smith, Crawford and Hunt",Government,201-1000,0.605,leadership_change,14,True,0.0,0.8016,0
ACC-002595,Bell-Heath,Legal,1-50,0.937,none,15,False,1.0,0.8501,1
ACC-002596,Flores LLC,Legal,51-200,0.83,tech_refresh,25,False,1.0,0.7872,1
ACC-002597,"Pierce, Hughes and Strong",Retail,5000+,0.23,none,5,True,1.0,0.7745,0
ACC-002598,Johnson LLC,Government,201-1000,0.482,leadership_change,48,False,1.0,0.5102,0
ACC-002599,"Cortez, Reed and Liu",Real Estate,1-50,0.816,none,10,False,1.0,0.5918,1
ACC-002600,Vaughn PLC,Insurance,1-50,0.698,none,1,False,0.0,0.5229,0
ACC-002601,Drake PLC,Retail,51-200,0.557,leadership_change,43,False,0.0,0.4598,0
ACC-002602,Farmer and Sons,Government,1001-5000,0.629,funding_round,34,False,0.0,0.2891,0
ACC-002603,Long-Martinez,Government,1-50,0.56,funding_round,20,False,0.0,0.3084,0
ACC-002604,"Martin, Dunn and Valdez",Retail,201-1000,0.406,leadership_change,96,True,0.0,0.2006,0
ACC-002605,King-Fuentes,Manufacturing,1-50,0.498,tech_refresh,16,True,1.0,0.8662,0
ACC-002606,Brown Inc,Technology,1-50,0.506,leadership_change,13,False,0.0,,0
ACC-002607,"Thompson, Hall and Hartman",Healthcare,1-50,0.579,leadership_change,47,False,1.0,0.7793,1
ACC-002608,Phillips-Bush,Retail,51-200,0.288,none,98,False,0.0,0.805,0
ACC-002609,"Hutchinson, Jordan and Holt",Legal,1-50,0.946,leadership_change,67,False,1.0,0.659,1
ACC-002610,Johnston-Soto,Government,201-1000,0.383,none,10,False,0.0,0.5645,0
ACC-002611,Garner Group,Legal,1-50,0.799,none,64,False,0.0,,0
ACC-002612,"Dickson, Goodman and Krueger",Government,201-1000,0.701,funding_round,58,False,1.0,0.8141,1
ACC-002613,Parker and Sons,Retail,5000+,0.435,funding_round,62,False,1.0,0.5014,0
ACC-002614,Strong-Ward,Legal,1-50,1.0,funding_round,19,False,0.0,0.1683,0
ACC-002615,Leblanc Group,Manufacturing,1-50,0.511,tech_refresh,57,False,0.0,0.6647,0
ACC-002616,"Carey, Smith and Schroeder",Manufacturing,1-50,0.512,none,2,False,1.0,0.5444,1
ACC-002617,"Johnson, Guzman and Murray",Government,1-50,0.519,funding_round,30,False,1.0,0.7991,1
ACC-002618,Avila-Fischer,Manufacturing,201-1000,0.41,tech_refresh,5,False,0.0,0.1882,0
ACC-002619,"Smith, Holloway and Barnes",Insurance,1-50,0.849,none,0,True,1.0,0.5464,1
ACC-002620,Carr-Kelley,Real Estate,1-50,0.719,none,56,False,1.0,0.8839,1
ACC-002621,Bowers and Sons,Financial Services,201-1000,0.892,compliance_mandate,6,False,1.0,0.7685,1
ACC-002622,Williams-Mercado,Technology,5000+,0.388,leadership_change,108,False,1.0,0.7181,0
ACC-002623,Porter-Jones,Technology,201-1000,0.535,none,29,False,0.0,0.1143,0
ACC-002624,Sutton Group,Healthcare,51-200,0.942,funding_round,1,True,0.0,,0
ACC-002625,"Murphy, Berry and Jackson",Legal,1-50,0.857,none,39,False,1.0,0.8045,1
ACC-002626,Hughes-Johnson,Technology,51-200,0.442,none,18,False,1.0,0.4768,0
ACC-002627,Webster LLC,Government,5000+,0.784,leadership_change,18,True,1.0,0.7416,1
ACC-002628,Petersen and Sons,Financial Services,1-50,0.901,none,18,False,1.0,0.8627,1
ACC-002629,Guzman and Sons,Manufacturing,1001-5000,0.354,tech_refresh,13,False,1.0,0.3833,0
ACC-002630,Jordan PLC,Government,51-200,0.795,tech_refresh,0,False,1.0,0.4895,1
ACC-002631,"Velasquez, Sanders and Warren",Legal,51-200,0.933,compliance_mandate,6,False,1.0,0.6665,1
ACC-002632,Jordan Inc,Manufacturing,51-200,0.497,funding_round,22,False,0.0,0.6452,0
ACC-002633,Kent LLC,Retail,201-1000,0.744,none,42,False,1.0,0.903,1
ACC-002634,Rice and Sons,Healthcare,51-200,0.859,none,17,False,1.0,0.7639,1
ACC-002635,"Robertson, Allen and Andersen",Retail,1-50,0.362,leadership_change,21,False,0.0,0.3418,0
ACC-002636,Wilcox-Scott,Real Estate,201-1000,0.646,funding_round,8,True,1.0,0.5527,1
ACC-002637,Wells Group,Government,5000+,0.537,compliance_mandate,102,False,0.0,0.2058,0
ACC-002638,Bennett-Bowen,Real Estate,1-50,0.895,funding_round,17,True,1.0,0.7678,1
ACC-002639,Walsh-Garza,Manufacturing,5000+,0.557,none,20,False,0.0,0.0676,0
ACC-002640,Foster-Sanchez,Real Estate,201-1000,0.776,none,6,True,1.0,0.3483,1
ACC-002641,Kidd-Carey,Technology,1001-5000,0.359,none,50,True,0.0,0.4572,0
ACC-002642,"Munoz, Baldwin and King",Real Estate,51-200,0.898,none,39,False,1.0,0.643,1
ACC-002643,Wood-Johnson,Technology,1-50,0.536,compliance_mandate,61,False,0.0,0.2397,0
ACC-002644,Gibson PLC,Technology,51-200,0.623,none,38,False,1.0,0.7281,1
ACC-002645,"Lutz, Robinson and Anderson",Retail,1001-5000,0.424,none,62,False,1.0,0.4514,0
ACC-002646,Hill PLC,Government,201-1000,0.546,compliance_mandate,10,False,1.0,0.6879,1
ACC-002647,"King, Rodriguez and Moore",Government,5000+,0.562,funding_round,0,True,1.0,0.6978,1
ACC-002648,Clarke-Marks,Manufacturing,51-200,0.588,none,24,True,0.0,0.301,0
ACC-002649,"Hudson, Goodwin and Gutierrez",Financial Services,201-1000,0.984,none,8,True,0.0,0.3086,0
ACC-002650,Arnold Inc,Manufacturing,201-1000,0.416,none,182,False,1.0,0.7162,0
ACC-002651,Espinoza-Rivera,Technology,201-1000,0.803,none,14,False,1.0,0.7304,1
ACC-002652,"Barton, Henry and Trujillo",Real Estate,5000+,0.466,leadership_change,10,True,1.0,0.6763,0
ACC-002653,Sandoval-Francis,Healthcare,201-1000,0.561,none,35,False,1.0,0.6164,1
ACC-002654,"Rivers, Perez and Franco",Retail,201-1000,0.233,none,19,False,1.0,0.5313,0
ACC-002655,"Fritz, Foster and Reyes",Real Estate,5000+,0.862,none,10,False,0.0,0.3625,0
ACC-002656,Payne Inc,Government,1-50,0.621,none,118,False,1.0,0.7723,1
ACC-002657,Jones Ltd,Insurance,1001-5000,0.729,compliance_mandate,1,False,0.0,0.2845,0
ACC-002658,Williamson and Sons,Insurance,51-200,0.788,none,7,False,1.0,0.8845,1
ACC-002659,"Summers, Benson and Morgan",Real Estate,1-50,0.855,none,11,False,1.0,0.4347,1
ACC-002660,"Flowers, Mcintosh and Tucker",Insurance,51-200,0.634,compliance_mandate,4,False,1.0,0.4434,1
ACC-002661,Rogers-Allen,Retail,1-50,0.285,none,12,False,1.0,0.769,0
ACC-002662,"Garza, Young and Olson",Retail,1001-5000,0.293,none,71,False,0.0,0.2675,0
ACC-002663,Friedman-Williams,Manufacturing,51-200,0.356,leadership_change,30,False,1.0,0.7934,0
ACC-002664,Carpenter Inc,Insurance,51-200,0.766,none,2,False,0.0,0.6377,0
ACC-002665,Dennis-Mccormick,Government,201-1000,0.761,leadership_change,13,True,0.0,0.1996,0
ACC-002666,Pittman-Cisneros,Retail,201-1000,0.386,none,38,True,0.0,0.2399,0
ACC-002667,Mitchell LLC,Manufacturing,5000+,0.441,compliance_mandate,0,True,1.0,0.3944,0
ACC-002668,Cobb-Gill,Real Estate,201-1000,0.709,none,53,True,1.0,0.7739,1
ACC-002669,Sanchez Ltd,Technology,51-200,0.556,tech_refresh,28,False,1.0,0.7974,1
ACC-002670,Vega and Sons,Government,1-50,0.771,compliance_mandate,35,False,1.0,0.737,1
ACC-002671,"Hall, Williams and Jarvis",Government,1001-5000,0.664,compliance_mandate,26,False,1.0,0.8125,1
ACC-002672,Jones-Jackson,Legal,51-200,0.811,none,6,False,1.0,0.4091,1
ACC-002673,Phillips PLC,Legal,201-1000,0.965,none,3,False,1.0,0.7672,1
ACC-002674,"Davis, Peck and Taylor",Insurance,1-50,0.501,leadership_change,67,False,1.0,0.7226,1
ACC-002675,Flores PLC,Legal,1001-5000,0.712,funding_round,26,False,1.0,0.838,1
ACC-002676,"Hawkins, Nelson and Lewis",Manufacturing,1-50,0.332,none,9,True,1.0,0.1928,0
ACC-002677,"Friedman, Reyes and Howard",Technology,1-50,0.497,none,25,False,0.0,0.4649,0
ACC-002678,Marquez Group,Retail,5000+,0.525,funding_round,11,False,0.0,0.5018,0
ACC-002679,Allen-Brown,Technology,5000+,0.809,none,52,True,0.0,0.3079,0
ACC-002680,Murphy-Acosta,Legal,1-50,1.0,leadership_change,64,False,0.0,0.5536,0
ACC-002681,Smith PLC,Retail,1001-5000,0.59,none,24,False,1.0,0.446,1
ACC-002682,Fletcher Inc,Insurance,1001-5000,0.693,none,2,False,1.0,0.7623,1
ACC-002683,French PLC,Real Estate,1001-5000,0.774,none,8,False,1.0,0.8866,1
ACC-002684,Jennings-Hancock,Retail,201-1000,0.634,none,39,False,1.0,0.7336,1
ACC-002685,Mcintosh-Quinn,Manufacturing,51-200,0.717,none,5,False,1.0,0.4895,1
ACC-002686,Dean-Ortega,Retail,1-50,0.311,none,12,False,1.0,0.6712,0
ACC-002687,Ray-Rivera,Retail,51-200,0.542,none,7,False,1.0,0.6324,1
ACC-002688,"Merritt, Browning and Harris",Retail,51-200,0.447,none,9,False,1.0,0.8132,0
ACC-002689,Brooks-Matthews,Government,1-50,0.639,none,21,True,1.0,0.8455,1
ACC-002690,"Martinez, Downs and Neal",Retail,1-50,0.434,tech_refresh,63,True,1.0,0.4084,0
ACC-002691,Evans-Stone,Government,201-1000,0.532,none,17,False,1.0,0.7542,1
ACC-002692,Williams-Martin,Financial Services,201-1000,0.687,none,7,False,0.0,0.298,0
ACC-002693,"White, Clark and Carter",Real Estate,51-200,0.846,none,97,False,1.0,0.7786,1
ACC-002694,Smith-Shah,Financial Services,1-50,0.941,tech_refresh,44,False,1.0,0.5566,1
ACC-002695,"Carter, Arroyo and Lawrence",Legal,201-1000,0.836,leadership_change,10,False,1.0,0.5911,1
ACC-002696,Stewart-Gonzalez,Manufacturing,1001-5000,0.276,leadership_change,7,False,0.0,,0
ACC-002697,Weiss and Sons,Real Estate,1001-5000,0.726,none,14,False,1.0,0.683,1
ACC-002698,"Cardenas, Mcmahon and Gilbert",Retail,1001-5000,0.327,compliance_mandate,16,False,1.0,0.6109,0
ACC-002699,Turner Inc,Manufacturing,1001-5000,0.507,none,1,False,1.0,0.7518,1
ACC-002700,Coleman-Wilson,Healthcare,1001-5000,0.722,none,10,False,0.0,0.2021,0
ACC-002701,"Spencer, Perez and Adams",Retail,51-200,0.612,none,39,False,0.0,0.6742,0
ACC-002702,Glenn Ltd,Government,51-200,0.569,none,4,True,0.0,,0
ACC-002703,Moran-Walls,Healthcare,51-200,0.552,leadership_change,31,False,1.0,0.5019,1
ACC-002704,"Dyer, Silva and Goodman",Government,1001-5000,0.569,none,10,False,0.0,0.6221,0
ACC-002705,Giles-Garcia,Real Estate,201-1000,0.748,compliance_mandate,27,False,1.0,0.8573,1
ACC-002706,"Hernandez, Johnston and Gonzalez",Retail,201-1000,0.545,compliance_mandate,19,True,1.0,0.6439,1
ACC-002707,"Garcia, Clark and Fritz",Technology,1-50,0.733,none,21,True,1.0,0.4368,1
ACC-002708,Patterson Group,Manufacturing,1001-5000,0.328,compliance_mandate,0,False,1.0,0.8486,0
ACC-002709,Johnson-Carlson,Real Estate,51-200,0.829,none,21,False,1.0,0.7225,1
ACC-002710,Stewart PLC,Insurance,1001-5000,0.603,none,52,False,1.0,0.583,1
ACC-002711,Andrade-Murphy,Insurance,1001-5000,0.655,compliance_mandate,10,True,1.0,0.8708,1
ACC-002712,Wells-Robertson,Legal,5000+,0.966,none,20,False,1.0,0.6932,1
ACC-002713,"Brooks, Harper and Johnson",Legal,1001-5000,0.982,none,19,True,1.0,0.874,1
ACC-002714,"Wood, Porter and Buchanan",Government,1-50,0.6,funding_round,25,False,0.0,0.2464,0
ACC-002715,Bush and Sons,Government,1-50,0.305,none,1,False,0.0,0.3359,0
ACC-002716,Sanchez Group,Manufacturing,1001-5000,0.473,leadership_change,7,False,0.0,0.3465,0
ACC-002717,Duncan LLC,Legal,51-200,0.888,none,67,False,1.0,0.4727,1
ACC-002718,"Conway, Compton and Adams",Healthcare,201-1000,0.851,compliance_mandate,3,False,1.0,0.7566,1
ACC-002719,Davis PLC,Insurance,51-200,0.491,none,33,False,0.0,,0
ACC-002720,"Porter, Clark and Garza",Legal,1-50,0.966,compliance_mandate,4,False,1.0,0.8766,1
ACC-002721,Moore Inc,Technology,5000+,0.575,none,24,True,0.0,0.6561,0
ACC-002722,Solis-Rivera,Retail,51-200,0.347,none,20,True,1.0,0.6847,0
ACC-002723,Copeland-Williams,Insurance,201-1000,0.573,funding_round,25,True,0.0,,0
ACC-002724,Davis-Li,Government,51-200,0.536,none,70,False,0.0,0.3688,0
ACC-002725,Schmidt-Palmer,Healthcare,51-200,0.583,none,17,False,0.0,0.7413,0
ACC-002726,Newman Inc,Real Estate,51-200,0.829,none,2,False,1.0,0.5902,1
ACC-002727,Valenzuela Ltd,Real Estate,1-50,0.689,tech_refresh,13,False,1.0,0.7246,1
ACC-002728,Johnson-Rodriguez,Manufacturing,5000+,0.358,none,8,False,1.0,0.4253,0
ACC-002729,"Fletcher, Rice and Campbell",Financial Services,51-200,0.999,funding_round,16,True,1.0,0.8504,1
ACC-002730,Garrett-Soto,Insurance,201-1000,0.467,none,4,True,1.0,0.7364,0
ACC-002731,"Gibson, Wilson and Poole",Legal,201-1000,0.726,funding_round,14,False,0.0,,0
ACC-002732,Campbell Group,Retail,1001-5000,0.49,compliance_mandate,15,True,1.0,0.4983,0
ACC-002733,Kennedy-Miller,Real Estate,51-200,0.618,none,27,False,1.0,0.7724,1
ACC-002734,"Hickman, Long and Hawkins",Insurance,5000+,0.887,none,159,False,0.0,0.8179,0
ACC-002735,Zavala Inc,Manufacturing,1-50,0.625,none,21,False,0.0,0.3811,0
ACC-002736,Hunter Group,Technology,201-1000,0.396,none,5,False,1.0,0.7259,0
ACC-002737,"Wilson, Avila and Cooper",Manufacturing,1-50,0.641,funding_round,143,False,1.0,0.6001,1
ACC-002738,"Thornton, Barnett and Hoffman",Insurance,201-1000,0.639,none,30,False,0.0,0.0761,0
ACC-002739,Collins Inc,Retail,1-50,0.675,leadership_change,7,False,1.0,0.2851,1
ACC-002740,"Taylor, Gutierrez and Jacobs",Insurance,201-1000,0.75,none,6,False,1.0,0.6475,1
ACC-002741,Ballard-Peck,Real Estate,201-1000,0.799,none,12,False,1.0,0.5445,1
ACC-002742,"Ritter, Smith and Conley",Retail,1-50,0.381,funding_round,62,False,0.0,0.2867,0
ACC-002743,Caldwell PLC,Retail,51-200,0.333,tech_refresh,67,False,0.0,,0
ACC-002744,"Phillips, Hernandez and Miranda",Real Estate,1-50,0.571,compliance_mandate,14,False,1.0,0.7463,1
ACC-002745,"Gillespie, Brown and Schmitt",Retail,1001-5000,0.325,compliance_mandate,6,False,1.0,0.4699,0
ACC-002746,Potts Ltd,Retail,201-1000,0.355,compliance_mandate,14,True,0.0,0.5156,0
ACC-002747,"Wright, Ochoa and Blackwell",Healthcare,1-50,0.43,none,13,True,1.0,0.8349,0
ACC-002748,Bush-Stephenson,Legal,5000+,1.0,none,11,True,0.0,0.7728,0
ACC-002749,"Johnson, Kelley and Mckinney",Legal,51-200,1.0,none,7,False,0.0,0.7643,0
ACC-002750,"Nichols, Taylor and Monroe",Real Estate,1-50,0.662,funding_round,39,True,0.0,,0
ACC-002751,Gray-Nelson,Retail,201-1000,0.61,tech_refresh,108,True,1.0,0.5992,1
ACC-002752,"Wright, Kline and Cruz",Retail,1001-5000,0.516,none,76,True,1.0,0.7849,1
ACC-002753,"Brown, Keller and Mathis",Insurance,201-1000,0.784,leadership_change,3,False,0.0,0.2729,0
ACC-002754,Calhoun-Sanchez,Financial Services,1001-5000,0.992,none,20,True,1.0,0.8971,1
ACC-002755,Gregory Group,Technology,5000+,0.61,compliance_mandate,3,False,1.0,0.6797,1
ACC-002756,"Mccormick, Jackson and Padilla",Manufacturing,51-200,0.36,funding_round,5,False,0.0,0.2442,0
ACC-002757,"Martinez, Taylor and Gibbs",Retail,1001-5000,0.086,leadership_change,33,False,1.0,0.7998,0
ACC-002758,Bauer-Carson,Technology,1-50,0.42,none,30,False,1.0,0.3958,0
ACC-002759,"Garrison, Hull and Wang",Retail,51-200,0.328,tech_refresh,47,False,1.0,0.662,0
ACC-002760,Webb Inc,Government,51-200,0.581,compliance_mandate,125,True,1.0,0.7911,1
ACC-002761,Stephenson and Sons,Financial Services,51-200,0.703,none,8,False,1.0,0.8603,1
ACC-002762,Olson-Jones,Financial Services,51-200,0.675,tech_refresh,37,True,1.0,0.8593,1
ACC-002763,Johnson Ltd,Insurance,51-200,0.552,none,37,False,1.0,0.6491,1
ACC-002764,Hernandez PLC,Retail,1-50,0.306,compliance_mandate,33,True,1.0,0.4998,0
ACC-002765,"Burke, Thomas and Perry",Legal,51-200,0.907,none,13,False,1.0,0.8169,1
ACC-002766,Davis LLC,Insurance,51-200,0.667,compliance_mandate,69,False,1.0,0.7369,1
ACC-002767,"Carlson, Beltran and Mcmillan",Government,1001-5000,0.694,none,2,False,1.0,0.8071,1
ACC-002768,Lewis Group,Technology,5000+,0.472,leadership_change,30,False,1.0,0.7181,0
ACC-002769,"Herman, Sanchez and Williams",Financial Services,1-50,0.9,none,13,False,1.0,0.9146,1
ACC-002770,Holmes Group,Manufacturing,51-200,0.327,none,35,True,1.0,0.5239,0
ACC-002771,Flores PLC,Financial Services,51-200,0.86,compliance_mandate,29,False,0.0,0.4964,0
ACC-002772,White-Richardson,Legal,1001-5000,0.887,tech_refresh,6,False,1.0,0.5513,1
ACC-002773,"Roberts, Phillips and Becker",Insurance,51-200,0.679,leadership_change,10,False,1.0,0.8496,1
ACC-002774,Griffin Ltd,Manufacturing,1-50,0.21,none,56,False,1.0,0.4158,0
ACC-002775,"Rice, Raymond and Clark",Legal,201-1000,1.0,none,12,False,1.0,0.8188,1
ACC-002776,Bennett-Yates,Government,51-200,0.603,funding_round,7,False,1.0,0.5166,1
ACC-002777,Davis-Kramer,Government,1-50,0.619,none,21,False,0.0,0.3186,0
ACC-002778,"Hernandez, Gutierrez and Small",Financial Services,201-1000,0.797,funding_round,14,False,1.0,0.8838,1
ACC-002779,Harding-Hendrix,Financial Services,1-50,0.862,none,52,False,0.0,,0
ACC-002780,Evans-Wheeler,Insurance,51-200,0.888,leadership_change,20,False,1.0,0.7833,1
ACC-002781,Todd Inc,Manufacturing,51-200,0.43,none,96,False,1.0,0.6256,0
ACC-002782,Gray PLC,Legal,201-1000,0.898,none,46,False,0.0,0.605,0
ACC-002783,Ramirez PLC,Legal,51-200,0.637,none,15,False,1.0,0.724,1
ACC-002784,Carter Ltd,Retail,1-50,0.345,none,51,True,0.0,,0
ACC-002785,Sanchez and Sons,Retail,1-50,0.316,none,20,False,1.0,0.7638,0
ACC-002786,"Erickson, Schaefer and Stewart",Manufacturing,51-200,0.397,none,71,True,1.0,0.7042,0
ACC-002787,Hart-Cummings,Insurance,51-200,0.941,none,103,True,0.0,0.5413,0
ACC-002788,"Love, Scott and Coleman",Financial Services,1001-5000,0.995,funding_round,19,False,0.0,0.6137,0
ACC-002789,"Kim, Bullock and Thomas",Financial Services,201-1000,0.937,compliance_mandate,36,False,1.0,0.9338,1
ACC-002790,"Garcia, Leblanc and Burke",Insurance,201-1000,0.733,none,16,False,0.0,0.4337,0
ACC-002791,Perez Ltd,Retail,5000+,0.319,tech_refresh,21,False,1.0,0.7423,0
ACC-002792,Hunter Ltd,Real Estate,201-1000,0.928,none,2,False,1.0,0.7758,1
ACC-002793,"Schmidt, Robles and Griffin",Insurance,5000+,0.936,none,71,False,1.0,0.775,1
ACC-002794,Reid PLC,Real Estate,201-1000,0.902,funding_round,17,True,0.0,0.7735,0
ACC-002795,"Mcknight, Cummings and Estes",Legal,201-1000,0.824,none,41,False,1.0,0.489,1
ACC-002796,Coleman-Frost,Technology,5000+,0.623,none,10,False,1.0,0.6481,1
ACC-002797,Burnett Ltd,Legal,1-50,0.928,none,32,False,1.0,0.6972,1
ACC-002798,"Blankenship, Hernandez and Moran",Manufacturing,51-200,0.389,none,21,False,1.0,0.673,0
ACC-002799,"Baker, Garcia and Dawson",Real Estate,51-200,1.0,leadership_change,16,False,1.0,0.2695,1
ACC-002800,Baker Ltd,Retail,51-200,0.388,leadership_change,22,False,1.0,0.616,0
ACC-002801,Fuller and Sons,Real Estate,1-50,0.914,tech_refresh,2,False,1.0,0.9261,1
ACC-002802,Rice Inc,Financial Services,1001-5000,1.0,compliance_mandate,69,False,1.0,0.7035,1
ACC-002803,"Johnston, Hartman and Love",Manufacturing,51-200,0.445,none,36,False,1.0,0.8813,0
ACC-002804,"Dixon, Kline and Sanders",Manufacturing,51-200,0.498,tech_refresh,1,False,0.0,0.3709,0
ACC-002805,"Valdez, Peck and Wolf",Retail,51-200,0.203,none,34,True,1.0,0.5664,0
ACC-002806,Gordon-Davis,Financial Services,201-1000,0.692,none,0,False,1.0,0.6416,1
ACC-002807,Rich-Scott,Government,51-200,0.596,none,18,False,1.0,0.6808,1
ACC-002808,"Nash, Walsh and Thompson",Retail,1-50,0.613,leadership_change,56,False,1.0,0.6735,1
ACC-002809,"Nguyen, Kelly and Allen",Financial Services,1-50,0.752,none,41,False,1.0,0.7239,1
ACC-002810,Lam-Stuart,Insurance,51-200,0.576,funding_round,6,False,1.0,0.7186,1
ACC-002811,"Wilson, Thomas and Reyes",Legal,51-200,0.937,funding_round,32,False,1.0,0.8527,1
ACC-002812,Castro-Mason,Government,1-50,0.628,compliance_mandate,25,False,1.0,0.7537,1
ACC-002813,"Cummings, Gallagher and Nichols",Healthcare,201-1000,0.718,none,27,False,0.0,0.359,0
ACC-002814,Morrison-Lopez,Retail,51-200,0.427,none,4,False,1.0,0.814,0
ACC-002815,Wolf-Hopkins,Retail,201-1000,0.425,leadership_change,7,False,1.0,0.4828,0
ACC-002816,Marks Group,Healthcare,1-50,0.582,none,0,False,1.0,0.8045,1
ACC-002817,Mcpherson-Davis,Real Estate,1-50,0.799,leadership_change,20,True,0.0,,0
ACC-002818,"Johnson, West and Johnson",Retail,201-1000,0.626,none,3,False,1.0,0.7249,1
ACC-002819,Turner PLC,Manufacturing,1-50,0.499,leadership_change,33,False,1.0,0.7097,0
ACC-002820,Harmon-Palmer,Healthcare,1001-5000,0.614,none,15,False,1.0,0.5671,1
ACC-002821,Meyer-Murray,Manufacturing,5000+,0.24,none,14,True,1.0,0.5179,0
ACC-002822,Olson Ltd,Government,51-200,0.537,none,20,True,0.0,0.6326,0
ACC-002823,Cobb LLC,Manufacturing,201-1000,0.591,funding_round,25,True,1.0,0.729,1
ACC-002824,Hart-Hernandez,Financial Services,1-50,0.897,tech_refresh,14,False,1.0,0.7439,1
ACC-002825,"Collins, Smith and Jackson",Government,5000+,0.771,none,9,False,0.0,0.5645,0
ACC-002826,Elliott Inc,Retail,201-1000,0.433,none,27,True,1.0,0.6755,0
ACC-002827,"Rollins, Shannon and Miller",Government,1001-5000,0.667,none,29,False,1.0,0.7251,1
ACC-002828,Harris Inc,Insurance,201-1000,0.876,none,0,False,1.0,0.9012,1
ACC-002829,Bautista PLC,Financial Services,51-200,0.917,leadership_change,9,False,1.0,0.6268,1
ACC-002830,Williams-Martin,Healthcare,1001-5000,0.356,leadership_change,53,True,1.0,0.8499,0
ACC-002831,Gibbs Group,Financial Services,1001-5000,0.853,tech_refresh,19,False,1.0,0.7009,1
ACC-002832,Jackson Group,Technology,5000+,0.862,none,9,True,0.0,0.3919,0
ACC-002833,"Smith, Levine and Blair",Manufacturing,201-1000,0.359,leadership_change,35,False,0.0,0.3311,0
ACC-002834,Marshall-Christensen,Technology,51-200,0.661,none,124,False,1.0,0.6481,1
ACC-002835,Koch LLC,Healthcare,1-50,0.726,none,36,False,1.0,0.7056,1
ACC-002836,"Chambers, French and Robinson",Real Estate,1-50,0.898,none,43,False,1.0,0.8341,1
ACC-002837,Hernandez-Wilson,Real Estate,1-50,0.743,none,3,False,0.0,0.3022,0
ACC-002838,"Schwartz, Burton and Anderson",Legal,5000+,0.914,none,3,False,1.0,0.7384,1
ACC-002839,Bush-Cummings,Legal,1-50,1.0,none,59,False,0.0,,0
ACC-002840,"Bradley, Carr and Shea",Technology,201-1000,0.671,none,6,True,1.0,0.6536,1
ACC-002841,"Dyer, Collins and Wade",Financial Services,5000+,0.785,none,0,False,0.0,0.4691,0
ACC-002842,"Foster, Logan and Rodriguez",Financial Services,1-50,0.727,none,39,False,1.0,0.7279,1
ACC-002843,"Martinez, Stevens and Brown",Technology,201-1000,0.573,tech_refresh,22,False,1.0,0.875,1
ACC-002844,Berry Inc,Government,1-50,0.481,none,31,False,1.0,0.6696,0
ACC-002845,"Wilkins, Edwards and Key",Retail,51-200,0.362,tech_refresh,11,False,1.0,0.8348,0
ACC-002846,Mccarty-Jacobson,Retail,1-50,0.331,none,4,False,1.0,0.4613,0
ACC-002847,Copeland-Herrera,Government,51-200,0.78,none,26,False,1.0,0.4945,1
ACC-002848,Schultz-Hopkins,Legal,1-50,0.986,leadership_change,26,False,1.0,0.6935,1
ACC-002849,Hunter and Sons,Real Estate,201-1000,0.633,funding_round,12,False,1.0,0.6436,1
ACC-002850,Abbott-Smith,Real Estate,1-50,0.667,none,149,False,1.0,0.8318,1
ACC-002851,"Gallegos, Phillips and Crawford",Retail,1-50,0.602,none,23,False,0.0,0.5608,0
ACC-002852,Bell and Sons,Healthcare,51-200,0.58,none,6,False,0.0,0.1706,0
ACC-002853,"Morris, Williams and Davis",Retail,51-200,0.556,none,46,False,1.0,0.3552,1
ACC-002854,"Taylor, Jones and Rowe",Insurance,1001-5000,0.72,tech_refresh,53,False,1.0,0.7879,1
ACC-002855,Torres-Contreras,Legal,1-50,0.703,tech_refresh,16,False,1.0,0.6498,1
ACC-002856,Bell and Sons,Healthcare,5000+,0.668,none,7,True,1.0,0.3186,1
ACC-002857,Burns Inc,Real Estate,51-200,0.889,none,219,False,1.0,0.8144,1
ACC-002858,"Mccarty, Reilly and Rodriguez",Government,201-1000,0.638,tech_refresh,105,False,1.0,0.53,1
ACC-002859,Bass-Clark,Insurance,1-50,0.796,none,71,False,1.0,0.4233,1
ACC-002860,Adams-Gill,Legal,5000+,1.0,tech_refresh,1,False,1.0,0.8506,1
ACC-002861,Vance-Wilson,Manufacturing,201-1000,0.341,leadership_change,106,False,1.0,0.6249,0
ACC-002862,Gallegos and Sons,Healthcare,1-50,0.483,none,17,False,0.0,,0
ACC-002863,Nicholson Group,Healthcare,1001-5000,0.574,compliance_mandate,0,False,1.0,0.5916,1
ACC-002864,Jordan Inc,Financial Services,51-200,0.972,tech_refresh,63,False,1.0,0.7616,1
ACC-002865,Bright LLC,Healthcare,201-1000,0.708,none,50,False,1.0,0.8425,1
ACC-002866,Cooper-Cline,Government,1001-5000,0.597,leadership_change,2,False,1.0,0.8069,1
ACC-002867,"Holmes, Santiago and Kent",Healthcare,201-1000,0.439,compliance_mandate,3,False,1.0,0.8216,0
ACC-002868,Park Ltd,Real Estate,201-1000,0.946,none,46,False,1.0,0.8538,1
ACC-002869,Brown Group,Healthcare,1-50,0.59,funding_round,23,True,1.0,0.8718,1
ACC-002870,"Snow, Rodriguez and Swanson",Retail,201-1000,0.401,leadership_change,28,False,0.0,0.4781,0
ACC-002871,Curtis-Brooks,Real Estate,1-50,0.828,none,38,False,1.0,0.652,1
ACC-002872,Nelson-Holmes,Financial Services,51-200,0.716,none,121,False,1.0,0.8246,1
ACC-002873,Butler-Jackson,Healthcare,201-1000,0.601,none,15,False,1.0,0.1755,1
ACC-002874,"Mckee, Rollins and Burnett",Manufacturing,5000+,0.649,compliance_mandate,10,False,1.0,0.6684,1
ACC-002875,Lynch-Roberts,Manufacturing,1-50,0.365,none,13,False,0.0,,0
ACC-002876,"Lawson, Walsh and Lee",Insurance,51-200,0.746,none,81,True,1.0,0.8192,1
ACC-002877,Lee Group,Technology,5000+,0.537,none,20,True,1.0,0.8765,1
ACC-002878,Moore Inc,Retail,1-50,0.495,funding_round,6,False,0.0,0.1986,0
ACC-002879,Boyd-Blair,Legal,1-50,0.817,none,14,False,0.0,0.6387,0
ACC-002880,Burns Inc,Insurance,5000+,0.909,leadership_change,54,False,1.0,0.7944,1
ACC-002881,Barton Inc,Manufacturing,51-200,0.368,none,1,False,0.0,0.3247,0
ACC-002882,Mitchell-Jackson,Government,1-50,0.657,leadership_change,8,False,1.0,0.6268,1
ACC-002883,Roberts-Marshall,Government,201-1000,0.44,none,16,True,0.0,0.5584,0
ACC-002884,"Singleton, Kelly and Hernandez",Government,201-1000,0.776,none,8,False,1.0,0.8144,1
ACC-002885,Castillo PLC,Retail,201-1000,0.2,tech_refresh,53,False,1.0,0.4161,0
ACC-002886,"Lewis, Turner and Kirk",Retail,51-200,0.339,compliance_mandate,4,False,1.0,0.7148,0
ACC-002887,"Morales, Welch and Scott",Manufacturing,1-50,0.702,none,17,False,1.0,0.7059,1
ACC-002888,"Walton, Chambers and Ibarra",Financial Services,5000+,0.686,none,7,False,1.0,0.7677,1
ACC-002889,Anderson-Robertson,Financial Services,201-1000,0.815,none,29,False,1.0,0.8769,1
ACC-002890,Banks Inc,Legal,51-200,0.974,leadership_change,1,False,0.0,,0
ACC-002891,Ryan PLC,Retail,1001-5000,0.628,leadership_change,40,False,0.0,0.2582,0
ACC-002892,"Ward, Jones and Miller",Government,51-200,0.752,none,51,True,1.0,0.8317,1
ACC-002893,Waller-Rivera,Healthcare,1001-5000,0.588,none,0,False,1.0,0.4972,1
ACC-002894,Herman PLC,Healthcare,51-200,0.555,none,1,False,0.0,0.4294,0
ACC-002895,Schmitt PLC,Technology,1-50,0.69,none,182,False,1.0,0.7026,1
ACC-002896,Cisneros LLC,Financial Services,201-1000,0.765,none,0,False,0.0,0.8782,0
ACC-002897,"Mendoza, Barker and Cunningham",Government,1-50,0.6,tech_refresh,19,True,1.0,0.6541,1
ACC-002898,Brown Inc,Technology,51-200,0.554,none,11,False,1.0,0.4025,1
ACC-002899,Hughes Ltd,Insurance,51-200,0.97,funding_round,14,True,1.0,0.9627,1
ACC-002900,Brown LLC,Healthcare,1001-5000,0.688,compliance_mandate,18,False,1.0,0.7716,1
ACC-002901,"York, Stephens and Tyler",Retail,5000+,0.36,none,5,False,1.0,0.8493,0
ACC-002902,Wells and Sons,Government,1001-5000,0.613,tech_refresh,2,True,1.0,0.817,1
ACC-002903,Johnson-Harris,Insurance,201-1000,0.855,compliance_mandate,6,False,1.0,0.9389,1
ACC-002904,Johnson Inc,Retail,1-50,0.333,none,17,False,1.0,0.6446,0
ACC-002905,"Winters, Harrison and Gibson",Technology,201-1000,0.695,none,1,False,1.0,0.838,1
ACC-002906,Parks-Curtis,Insurance,51-200,0.671,tech_refresh,10,False,0.0,0.521,0
ACC-002907,Boyd LLC,Technology,1-50,0.444,none,6,False,0.0,0.2029,0
ACC-002908,Gonzalez and Sons,Technology,51-200,0.818,none,106,False,1.0,0.5188,1
ACC-002909,Cruz Inc,Healthcare,1001-5000,0.62,tech_refresh,0,False,1.0,0.4203,1
ACC-002910,Green and Sons,Real Estate,1-50,0.709,none,17,False,1.0,0.7108,1
ACC-002911,"Williamson, Guerrero and Kennedy",Manufacturing,1-50,0.374,leadership_change,7,False,1.0,0.4795,0
ACC-002912,"James, Spears and Green",Legal,1001-5000,0.778,leadership_change,68,False,1.0,0.7809,1
ACC-002913,Wilcox-Glenn,Financial Services,5000+,0.914,leadership_change,60,True,1.0,0.9109,1
ACC-002914,Hill and Sons,Insurance,1-50,0.874,leadership_change,68,True,1.0,0.8367,1
ACC-002915,"Sanchez, Carter and Wright",Financial Services,1-50,0.778,tech_refresh,67,False,1.0,0.6917,1
ACC-002916,Baird-Griffin,Retail,51-200,0.393,none,7,False,0.0,0.6272,0
ACC-002917,Mosley-Mcdonald,Manufacturing,51-200,0.5,leadership_change,44,False,1.0,0.6562,0
ACC-002918,"Manning, Lowe and Kelly",Technology,51-200,0.561,none,34,False,1.0,0.4026,1
ACC-002919,Cohen Inc,Insurance,1-50,0.751,leadership_change,37,False,1.0,0.6227,1
ACC-002920,Wells-Clark,Government,201-1000,0.668,none,9,False,1.0,0.5291,1
ACC-002921,"Mcgee, Wallace and Knight",Real Estate,1001-5000,0.712,none,82,False,0.0,0.2691,0
ACC-002922,Davis PLC,Technology,1001-5000,0.522,compliance_mandate,19,False,1.0,0.8905,1
ACC-002923,Payne Ltd,Legal,5000+,1.0,compliance_mandate,62,True,1.0,0.7736,1
ACC-002924,Rodriguez-Dunn,Insurance,51-200,0.762,compliance_mandate,0,False,0.0,0.825,0
ACC-002925,"Fischer, Rivera and Sims",Insurance,51-200,0.783,none,46,False,0.0,0.7481,0
ACC-002926,Phelps-Howard,Insurance,201-1000,0.917,none,1,True,1.0,0.7333,1
ACC-002927,"Roberts, Simon and Marshall",Healthcare,201-1000,0.454,compliance_mandate,94,True,0.0,0.4763,0
ACC-002928,Rodgers-Douglas,Manufacturing,5000+,0.39,tech_refresh,11,False,1.0,0.653,0
ACC-002929,Ortiz PLC,Government,1-50,0.677,compliance_mandate,3,False,0.0,0.561,0
ACC-002930,"Skinner, Choi and Harrison",Healthcare,1-50,0.673,tech_refresh,31,True,1.0,0.8852,1
ACC-002931,Paul-Lindsey,Legal,5000+,0.953,none,10,False,1.0,0.5315,1
ACC-002932,Solomon-Hobbs,Retail,51-200,0.378,none,43,False,1.0,0.7961,0
ACC-002933,Cortez Group,Retail,1-50,0.428,funding_round,10,False,1.0,0.3437,0
ACC-002934,Jones LLC,Government,5000+,0.778,none,2,False,1.0,0.616,1
ACC-002935,Wilson-Ballard,Healthcare,51-200,0.733,compliance_mandate,14,False,0.0,0.7242,0
ACC-002936,"Zhang, Holland and Bennett",Manufacturing,5000+,0.479,leadership_change,33,False,0.0,0.6853,0
ACC-002937,King Group,Technology,5000+,0.41,tech_refresh,76,False,0.0,0.0453,0
ACC-002938,"Rodriguez, Woodard and Franklin",Financial Services,51-200,0.89,funding_round,35,False,1.0,0.9125,1
ACC-002939,Watson LLC,Real Estate,1-50,0.67,funding_round,29,True,1.0,0.7885,1
ACC-002940,Dickson Ltd,Financial Services,1-50,1.0,tech_refresh,45,False,1.0,0.9325,1
ACC-002941,Rose-Barnett,Financial Services,51-200,1.0,compliance_mandate,56,True,1.0,0.9292,1
ACC-002942,"Bautista, Hill and Bates",Legal,201-1000,1.0,none,59,True,1.0,0.7987,1
ACC-002943,Hernandez-Waters,Technology,51-200,0.494,tech_refresh,10,True,1.0,0.6483,0
ACC-002944,Smith-Howard,Insurance,1-50,0.743,leadership_change,22,False,1.0,0.8558,1
ACC-002945,Chambers-Patel,Technology,51-200,0.537,tech_refresh,7,False,1.0,0.4565,1
ACC-002946,Lopez Inc,Real Estate,51-200,0.733,none,26,False,1.0,0.8952,1
ACC-002947,Robinson and Sons,Government,51-200,0.541,none,17,False,1.0,0.5944,1
ACC-002948,Simpson Inc,Insurance,201-1000,0.827,none,9,True,1.0,0.6289,1
ACC-002949,"Costa, Williams and Gonzales",Manufacturing,51-200,0.279,none,84,True,1.0,0.5312,0
ACC-002950,Thompson-Welch,Financial Services,51-200,0.992,none,13,False,1.0,0.7207,1
ACC-002951,Vasquez-Munoz,Technology,1001-5000,0.51,none,22,True,1.0,0.7748,1
ACC-002952,Henderson-Jacobson,Legal,51-200,0.676,none,27,False,0.0,0.594,0
ACC-002953,"Perry, Keith and Johnson",Legal,1-50,0.935,funding_round,69,False,1.0,0.6278,1
ACC-002954,"Miller, Franklin and Fields",Manufacturing,51-200,0.454,none,17,False,0.0,0.1226,0
ACC-002955,"Pierce, Chavez and Parker",Legal,201-1000,1.0,none,50,False,1.0,0.9368,1
ACC-002956,Gutierrez Ltd,Legal,51-200,0.909,tech_refresh,61,False,1.0,0.7401,1
ACC-002957,"Anderson, Nguyen and Martin",Retail,51-200,0.529,none,16,True,1.0,0.7064,1
ACC-002958,"Smith, Valdez and Stevens",Healthcare,1-50,0.652,none,26,False,1.0,0.8075,1
ACC-002959,Braun-Nielsen,Healthcare,1-50,0.452,none,42,False,0.0,0.4288,0
ACC-002960,Jones Inc,Manufacturing,1-50,0.404,none,73,True,0.0,,0
ACC-002961,Payne Group,Real Estate,201-1000,0.841,none,8,False,0.0,0.639,0
ACC-002962,Floyd-Harrison,Legal,201-1000,0.756,none,6,False,0.0,0.3485,0
ACC-002963,Marshall Ltd,Retail,201-1000,0.431,compliance_mandate,39,False,1.0,0.7726,0
ACC-002964,Wilkins Inc,Technology,1-50,0.603,none,40,False,1.0,0.9129,1
ACC-002965,Rodriguez-Franklin,Insurance,5000+,0.909,none,33,False,1.0,0.6811,1
ACC-002966,"Greene, Wagner and Fox",Manufacturing,5000+,0.43,leadership_change,13,False,0.0,0.5594,0
ACC-002967,"Wilson, Velasquez and Hendricks",Healthcare,201-1000,0.748,compliance_mandate,25,False,1.0,0.6884,1
ACC-002968,"Ross, Hernandez and Parrish",Government,5000+,0.722,funding_round,32,False,1.0,0.7397,1
ACC-002969,"Lawrence, Rogers and Lamb",Healthcare,51-200,0.406,none,34,False,0.0,0.5397,0
ACC-002970,Smith LLC,Real Estate,1-50,0.928,leadership_change,20,False,1.0,0.7373,1
ACC-002971,Fox Inc,Financial Services,1-50,0.836,leadership_change,44,False,1.0,0.7169,1
ACC-002972,Pope-Simpson,Insurance,1-50,0.842,none,9,True,1.0,0.819,1
ACC-002973,Stewart PLC,Legal,51-200,0.877,none,15,False,1.0,0.7047,1
ACC-002974,Allen-Solomon,Legal,51-200,0.831,compliance_mandate,18,False,1.0,0.7533,1
ACC-002975,Mcbride-Huffman,Technology,1-50,0.387,none,3,True,1.0,0.6105,0
ACC-002976,Myers-Nelson,Retail,1-50,0.323,none,82,False,1.0,0.5213,0
ACC-002977,White-Foster,Financial Services,1-50,0.818,none,43,False,0.0,0.6877,0
ACC-002978,"Lambert, Evans and Sanders",Real Estate,5000+,0.575,compliance_mandate,36,False,1.0,0.7855,1
ACC-002979,"Peterson, Martinez and Cooper",Financial Services,51-200,0.739,none,43,False,1.0,0.5735,1
ACC-002980,Bennett-Williams,Legal,201-1000,0.709,compliance_mandate,4,False,0.0,,0
ACC-002981,"Lang, Huang and Lee",Manufacturing,51-200,0.46,none,33,False,1.0,0.4987,0
ACC-002982,"Wright, King and Tucker",Technology,51-200,0.406,leadership_change,3,False,1.0,0.4565,0
ACC-002983,"Harrison, Rogers and Miller",Financial Services,1001-5000,0.957,funding_round,14,False,1.0,0.7643,1
ACC-002984,Carson Inc,Technology,1001-5000,0.674,none,2,False,1.0,0.8576,1
ACC-002985,Hess-Barajas,Healthcare,1-50,0.617,compliance_mandate,0,False,1.0,0.7967,1
ACC-002986,"Galloway, Marks and Ferrell",Real Estate,1-50,0.698,tech_refresh,115,False,1.0,0.584,1
ACC-002987,"Briggs, Martinez and Boyd",Insurance,1001-5000,0.559,none,18,False,1.0,0.8442,1
ACC-002988,Dalton-Rowland,Real Estate,51-200,0.922,compliance_mandate,9,False,1.0,0.7371,1
ACC-002989,Cooper-Pierce,Real Estate,1-50,0.795,none,3,True,1.0,0.9211,1
ACC-002990,Krause-Lewis,Healthcare,1-50,0.605,compliance_mandate,4,False,0.0,0.5929,0
ACC-002991,Ortiz-Leonard,Insurance,1-50,0.698,none,30,False,1.0,0.6531,1
ACC-002992,Vargas-Williams,Retail,201-1000,0.345,leadership_change,34,False,0.0,0.4306,0
ACC-002993,"Walls, Pitts and Harris",Government,201-1000,0.608,leadership_change,13,False,1.0,0.6331,1
ACC-002994,Jackson-Clark,Healthcare,1-50,0.627,none,1,True,1.0,0.8721,1
ACC-002995,"Brock, Frost and Rodriguez",Healthcare,51-200,0.698,tech_refresh,49,True,1.0,0.6023,1
ACC-002996,Garza PLC,Legal,51-200,0.767,none,15,False,1.0,0.7255,1
ACC-002997,Hughes-Reid,Real Estate,51-200,0.658,none,14,False,1.0,0.9225,1
ACC-002998,Gill and Sons,Government,201-1000,0.72,none,3,False,0.0,0.7159,0
ACC-002999,Morales PLC,Legal,51-200,0.975,funding_round,11,True,0.0,0.446,0
ACC-003000,Palmer-King,Retail,1-50,0.375,funding_round,10,False,1.0,0.5208,0
ACC-003001,Phillips and Sons,Insurance,201-1000,0.992,none,23,False,1.0,0.813,1
ACC-003002,"Johnson, Snyder and Stanton",Retail,51-200,0.421,tech_refresh,40,False,1.0,0.8503,0
ACC-003003,Rivera-Sloan,Healthcare,1001-5000,0.647,none,73,False,1.0,0.7623,1
ACC-003004,Sanchez-Curtis,Manufacturing,51-200,0.367,tech_refresh,8,False,1.0,0.2958,0
ACC-003005,Conner and Sons,Manufacturing,201-1000,0.405,leadership_change,17,True,1.0,0.6809,0
ACC-003006,"Mcbride, Johnson and Johnson",Retail,51-200,0.342,none,17,False,1.0,0.6167,0
ACC-003007,Sutton Inc,Government,51-200,0.719,none,44,False,1.0,0.9135,1
ACC-003008,Bradley-Harris,Insurance,51-200,0.904,funding_round,20,True,1.0,0.8405,1
ACC-003009,Hooper-Carter,Real Estate,51-200,0.674,none,11,True,0.0,,0
ACC-003010,Saunders Inc,Government,1-50,0.596,none,2,False,1.0,0.9601,1
ACC-003011,"Sanders, Gilbert and Morgan",Technology,51-200,0.586,compliance_mandate,8,False,1.0,0.3743,1
ACC-003012,Salazar-Long,Insurance,1001-5000,0.864,none,31,False,1.0,0.2755,1
ACC-003013,Bailey and Sons,Healthcare,51-200,0.675,tech_refresh,44,False,0.0,,0
ACC-003014,"Young, Diaz and Jones",Insurance,1001-5000,0.883,funding_round,107,False,1.0,0.4701,1
ACC-003015,Miller Group,Government,1-50,0.424,none,49,False,0.0,0.455,0
ACC-003016,"Fisher, Martin and Fields",Real Estate,1-50,0.768,none,51,False,1.0,0.6939,1
ACC-003017,Williamson-Doyle,Manufacturing,51-200,0.455,none,13,False,1.0,0.4158,0
ACC-003018,Vazquez-Alexander,Retail,201-1000,0.504,none,64,False,0.0,0.4442,0
ACC-003019,"Brown, Lawson and Cooper",Insurance,1-50,0.778,none,14,False,1.0,0.5644,1
ACC-003020,"Russell, May and Obrien",Manufacturing,5000+,0.47,none,61,False,1.0,0.8259,0
ACC-003021,Young-Walker,Insurance,51-200,0.793,none,55,False,0.0,0.4503,0
ACC-003022,Erickson-Weaver,Manufacturing,1-50,0.494,funding_round,56,True,1.0,0.6658,0
ACC-003023,Bender-Cooke,Financial Services,201-1000,0.568,funding_round,50,False,1.0,0.7749,1
ACC-003024,Gordon-Gardner,Retail,201-1000,0.275,funding_round,6,False,1.0,0.5909,0
ACC-003025,"Porter, Beasley and Bennett",Manufacturing,51-200,0.363,none,5,False,1.0,0.2932,0
ACC-003026,Schmidt Ltd,Government,1001-5000,0.801,funding_round,14,False,0.0,0.4234,0
ACC-003027,Blanchard-Mitchell,Healthcare,5000+,0.917,funding_round,57,False,0.0,0.1211,0
ACC-003028,Miller-Wood,Financial Services,1-50,0.789,funding_round,7,False,1.0,0.9033,1
ACC-003029,Mejia LLC,Government,201-1000,0.546,none,25,False,1.0,0.6641,1
ACC-003030,"Payne, Smith and Howell",Technology,201-1000,0.451,none,80,True,1.0,0.7472,0
ACC-003031,Perez LLC,Financial Services,1001-5000,0.7,none,62,False,1.0,0.3348,1
ACC-003032,"Delgado, Phillips and Cardenas",Manufacturing,1001-5000,0.435,none,6,False,1.0,0.7696,0
ACC-003033,"Mitchell, Koch and Maldonado",Real Estate,1001-5000,0.821,none,6,True,1.0,0.7936,1
ACC-003034,Garcia-Li,Real Estate,201-1000,0.879,none,29,False,1.0,0.892,1
ACC-003035,Clayton Group,Real Estate,51-200,0.591,leadership_change,0,False,1.0,0.9074,1
ACC-003036,Dean-Wilkinson,Legal,1001-5000,0.764,none,29,False,0.0,,0
ACC-003037,Collins-Fisher,Government,51-200,0.46,none,44,False,1.0,0.3952,0
ACC-003038,"Moore, Castro and Anderson",Retail,51-200,0.501,leadership_change,4,False,1.0,0.5253,1
ACC-003039,"Powell, Gallagher and Simmons",Retail,1-50,0.505,funding_round,2,True,1.0,0.6132,1
ACC-003040,Malone-Barber,Retail,1-50,0.365,none,17,False,1.0,0.4152,0
ACC-003041,Thomas and Sons,Manufacturing,1-50,0.386,none,3,False,1.0,0.4083,0
ACC-003042,"Morgan, Thomas and Smith",Retail,1-50,0.418,leadership_change,16,True,1.0,0.504,0
ACC-003043,Lamb-Mccoy,Healthcare,1-50,0.677,compliance_mandate,10,True,0.0,0.5066,0
ACC-003044,Beck-Beck,Legal,1001-5000,1.0,leadership_change,59,False,1.0,0.73,1
ACC-003045,"Harris, Brown and Mason",Real Estate,51-200,0.765,leadership_change,31,False,1.0,0.685,1
ACC-003046,"Wilkins, Garner and Pruitt",Government,1-50,0.461,none,80,False,1.0,0.3948,0
ACC-003047,Thompson-Elliott,Healthcare,201-1000,0.91,tech_refresh,80,False,1.0,0.5963,1
ACC-003048,Sanchez LLC,Insurance,1-50,0.7,none,9,False,1.0,0.8443,1
ACC-003049,"Gibson, Buck and Miller",Healthcare,201-1000,0.549,leadership_change,30,False,1.0,0.7237,1
ACC-003050,"Whitney, Green and Oliver",Manufacturing,1001-5000,0.336,none,44,False,0.0,0.5868,0
ACC-003051,"Rodriguez, David and Dunn",Financial Services,1001-5000,0.813,none,9,True,1.0,0.7968,1
ACC-003052,Tucker and Sons,Legal,1001-5000,1.0,compliance_mandate,18,True,1.0,0.8136,1
ACC-003053,"Wallace, Andrade and Mclean",Government,1-50,0.823,leadership_change,9,False,1.0,0.8167,1
ACC-003054,"Miller, Peck and Orr",Retail,51-200,0.413,funding_round,36,False,1.0,0.7576,0
ACC-003055,Walsh-Stevens,Retail,51-200,0.373,none,64,False,1.0,0.3713,0
ACC-003056,Hammond-Lane,Legal,1-50,1.0,none,1,False,0.0,,0
ACC-003057,Freeman-Walsh,Insurance,1001-5000,0.67,compliance_mandate,17,True,1.0,0.8833,1
ACC-003058,Austin-Mccormick,Manufacturing,51-200,0.652,none,23,False,1.0,0.6141,1
ACC-003059,"Robinson, Greene and Cabrera",Financial Services,201-1000,0.768,none,31,False,1.0,0.6276,1
ACC-003060,"Hall, Adams and Bennett",Government,1-50,0.469,leadership_change,9,False,1.0,0.5659,0
ACC-003061,"Taylor, Malone and George",Legal,51-200,0.897,none,16,False,1.0,0.7754,1
ACC-003062,Baker-Taylor,Real Estate,201-1000,0.664,funding_round,13,True,1.0,0.5998,1
ACC-003063,"Torres, Krueger and Edwards",Healthcare,1-50,0.758,funding_round,46,True,1.0,0.5927,1
ACC-003064,"Taylor, Chapman and Mills",Retail,51-200,0.444,none,96,True,1.0,0.6243,0
ACC-003065,"House, English and Fitzgerald",Retail,1-50,0.346,none,0,False,1.0,0.4968,0
ACC-003066,"Conner, Duffy and Howard",Financial Services,51-200,1.0,leadership_change,0,False,1.0,0.5965,1
ACC-003067,"Schmidt, Watkins and Smith",Legal,51-200,0.726,leadership_change,67,True,1.0,0.8741,1
ACC-003068,Dillon-Underwood,Retail,201-1000,0.248,leadership_change,2,True,1.0,0.537,0
ACC-003069,Lee-Wilson,Healthcare,201-1000,0.565,none,15,False,0.0,0.1132,0
ACC-003070,Smith-Salazar,Insurance,51-200,0.8,leadership_change,45,False,1.0,0.439,1
ACC-003071,"Graham, Knight and Hancock",Financial Services,1-50,0.896,tech_refresh,35,False,1.0,0.8482,1
ACC-003072,Maldonado Group,Retail,1-50,0.527,funding_round,35,False,1.0,0.6974,1
ACC-003073,Booth Ltd,Insurance,1-50,0.943,none,8,False,1.0,0.7201,1
ACC-003074,Dunlap-Berg,Government,1-50,0.654,none,15,True,1.0,0.7872,1
ACC-003075,Morris Group,Legal,201-1000,0.759,none,35,False,0.0,0.4567,0
ACC-003076,Garcia-Bowen,Manufacturing,5000+,0.425,none,28,False,1.0,0.5183,0
ACC-003077,"Oliver, Fuller and Duke",Real Estate,51-200,0.859,none,81,False,0.0,0.5164,0
ACC-003078,Murphy Ltd,Insurance,1001-5000,1.0,none,46,False,1.0,0.8192,1
ACC-003079,Moore Ltd,Financial Services,5000+,0.767,funding_round,111,False,1.0,0.9408,1
ACC-003080,"Shaw, Navarro and Nelson",Insurance,51-200,0.495,none,28,False,1.0,0.6084,0
ACC-003081,Jensen-Sandoval,Financial Services,51-200,0.987,none,15,False,0.0,0.6174,0
ACC-003082,Wilkinson-Howell,Technology,51-200,0.637,tech_refresh,29,False,1.0,0.7494,1
ACC-003083,Hughes LLC,Government,1-50,0.793,tech_refresh,9,False,1.0,0.9018,1
ACC-003084,Peterson-Johnson,Government,201-1000,0.612,none,21,True,0.0,0.4363,0
ACC-003085,"Roberts, Shelton and Armstrong",Legal,5000+,1.0,none,71,False,1.0,0.8584,1
ACC-003086,"Young, Carson and Novak",Financial Services,51-200,0.739,compliance_mandate,3,False,0.0,0.084,0
ACC-003087,"Haynes, Stewart and Reynolds",Healthcare,1-50,0.725,tech_refresh,47,False,1.0,0.7791,1
ACC-003088,Hill Ltd,Legal,1-50,1.0,none,13,False,1.0,0.649,1
ACC-003089,"Lang, Martinez and Arnold",Legal,5000+,0.908,none,65,False,1.0,0.6328,1
ACC-003090,"Green, Boyd and Kaufman",Healthcare,201-1000,0.638,none,5,False,1.0,0.8133,1
ACC-003091,Roberts-Marshall,Manufacturing,201-1000,0.597,none,61,True,1.0,0.6742,1
ACC-003092,Weiss-Mcneil,Technology,201-1000,0.638,none,26,False,1.0,0.8798,1
ACC-003093,Stokes-Taylor,Retail,201-1000,0.442,leadership_change,9,False,1.0,0.5882,0
ACC-003094,Turner and Sons,Government,51-200,0.544,none,48,True,1.0,0.7682,1
ACC-003095,"Flynn, Brown and Dominguez",Financial Services,1-50,0.867,none,26,False,1.0,0.4158,1
ACC-003096,Mcdaniel-Schultz,Manufacturing,1001-5000,0.344,none,12,False,1.0,0.632,0
ACC-003097,"Herrera, Owens and Jackson",Healthcare,1001-5000,0.47,funding_round,13,False,1.0,0.7855,0
ACC-003098,"Yang, Ware and Hicks",Manufacturing,1001-5000,0.528,compliance_mandate,53,False,1.0,0.8489,1
ACC-003099,Walker PLC,Government,201-1000,0.616,tech_refresh,9,False,1.0,0.5089,1
ACC-003100,Reid Inc,Retail,1001-5000,0.539,none,32,False,0.0,0.4789,0
ACC-003101,Lester-Steele,Legal,1-50,0.878,leadership_change,11,False,1.0,0.8269,1
ACC-003102,"Cooper, Saunders and Rangel",Financial Services,5000+,0.818,none,58,False,1.0,0.6789,1
ACC-003103,Santiago-Bowen,Technology,201-1000,0.524,none,33,False,1.0,0.7789,1
ACC-003104,Gonzales-Williams,Technology,1-50,0.408,funding_round,1,False,1.0,0.7048,0
ACC-003105,Moore and Sons,Legal,1001-5000,1.0,none,3,False,1.0,0.8516,1
ACC-003106,"Vincent, Rowe and Maynard",Financial Services,201-1000,1.0,tech_refresh,9,False,0.0,0.713,0
ACC-003107,Crawford Ltd,Government,51-200,0.845,none,20,False,1.0,0.4818,1
ACC-003108,Thomas-Lawrence,Manufacturing,51-200,0.629,funding_round,70,False,1.0,0.5796,1
ACC-003109,"Wyatt, Garcia and Williams",Manufacturing,1-50,0.503,leadership_change,13,True,0.0,0.2944,0
ACC-003110,French Ltd,Healthcare,51-200,0.669,none,69,False,1.0,0.8424,1
ACC-003111,"Fleming, Rangel and Johnson",Technology,51-200,0.307,none,3,False,1.0,0.6459,0
ACC-003112,Barrett-Clark,Financial Services,1-50,0.785,none,95,False,0.0,,0
ACC-003113,Woodard-Barry,Insurance,51-200,0.784,funding_round,7,False,1.0,0.7839,1
ACC-003114,Rivera-Escobar,Financial Services,1-50,0.977,none,41,False,1.0,0.775,1
ACC-003115,Francis and Sons,Healthcare,1-50,0.614,none,21,False,1.0,0.5401,1
ACC-003116,Juarez-Cook,Financial Services,1001-5000,0.682,tech_refresh,95,False,0.0,0.696,0
ACC-003117,Perez PLC,Government,201-1000,0.684,none,85,False,1.0,0.5822,1
ACC-003118,Williams and Sons,Real Estate,201-1000,0.936,none,16,True,1.0,0.8623,1
ACC-003119,Boyd-Snyder,Insurance,201-1000,0.543,none,7,False,1.0,0.6133,1
ACC-003120,Wood Inc,Healthcare,51-200,0.751,none,4,False,1.0,0.6767,1
ACC-003121,Gonzalez-Middleton,Government,1-50,0.416,none,14,False,1.0,0.7203,0
ACC-003122,Wood-Vega,Legal,201-1000,0.868,funding_round,35,False,1.0,0.7272,1
ACC-003123,Henderson-Mcintosh,Manufacturing,51-200,0.453,none,66,False,1.0,0.7145,0
ACC-003124,"Reynolds, Michael and Owen",Real Estate,1-50,0.839,none,48,True,1.0,0.7638,1
ACC-003125,Stein PLC,Healthcare,201-1000,0.909,funding_round,7,False,1.0,0.6124,1
ACC-003126,Brown Inc,Insurance,5000+,0.663,none,7,False,1.0,0.7782,1
ACC-003127,Keller Inc,Government,1-50,0.654,none,39,False,1.0,0.876,1
ACC-003128,Ford-Chavez,Legal,51-200,0.745,none,32,False,1.0,0.6283,1
ACC-003129,"Mcgee, Brown and Gillespie",Technology,5000+,0.624,leadership_change,9,False,1.0,0.5784,1
ACC-003130,"Lang, Hensley and Mcdonald",Legal,5000+,0.811,none,1,False,1.0,0.7074,1
ACC-003131,Johnson and Sons,Technology,201-1000,0.381,tech_refresh,30,False,0.0,0.5412,0
ACC-003132,Schmidt PLC,Manufacturing,1-50,0.354,tech_refresh,0,False,1.0,0.5038,0
ACC-003133,Brady-Hogan,Manufacturing,1001-5000,0.693,compliance_mandate,35,False,1.0,0.5423,1
ACC-003134,"King, Chavez and Pierce",Insurance,1-50,0.597,none,25,False,1.0,0.5232,1
ACC-003135,Mack PLC,Legal,201-1000,1.0,tech_refresh,0,False,1.0,0.9472,1
ACC-003136,Jones-Donovan,Technology,51-200,0.748,leadership_change,3,False,1.0,0.8009,1
ACC-003137,Morris-Harris,Manufacturing,51-200,0.463,none,1,False,0.0,0.235,0
ACC-003138,"Stafford, Hays and Morse",Financial Services,51-200,0.815,funding_round,0,True,0.0,0.4753,0
ACC-003139,Hardin-Robinson,Insurance,1-50,0.871,none,4,False,1.0,0.8529,1
ACC-003140,Martin-Perez,Technology,51-200,0.603,compliance_mandate,5,False,1.0,0.6902,1
ACC-003141,"Turner, Estrada and Butler",Technology,201-1000,0.665,compliance_mandate,79,False,0.0,0.8292,0
ACC-003142,"Schneider, Ramirez and Lee",Real Estate,51-200,0.943,none,2,False,1.0,0.5488,1
ACC-003143,Thomas LLC,Legal,1-50,0.88,tech_refresh,10,False,1.0,0.7647,1
ACC-003144,Bennett Group,Insurance,1-50,0.786,none,17,False,0.0,0.6843,0
ACC-003145,Mora Inc,Manufacturing,201-1000,0.385,none,36,False,1.0,0.4716,0
ACC-003146,"Sims, Morris and Davis",Real Estate,5000+,0.706,funding_round,64,False,0.0,,0
ACC-003147,"Gross, Flynn and Little",Healthcare,201-1000,0.551,funding_round,40,False,1.0,0.7641,1
ACC-003148,Petersen-Sandoval,Manufacturing,1-50,0.408,funding_round,73,True,0.0,,0
ACC-003149,Sosa LLC,Real Estate,51-200,0.799,funding_round,21,False,1.0,0.6905,1
ACC-003150,Rivera-Lang,Insurance,201-1000,0.787,none,16,False,1.0,0.8405,1
ACC-003151,"Pena, Sanchez and Harris",Retail,201-1000,0.625,none,5,False,1.0,0.6707,1
ACC-003152,"Nunez, Smith and Ortega",Financial Services,51-200,0.959,funding_round,48,False,1.0,0.6745,1
ACC-003153,Hull-White,Financial Services,201-1000,0.992,compliance_mandate,14,False,1.0,0.8742,1
ACC-003154,Thompson Inc,Manufacturing,201-1000,0.437,funding_round,0,False,1.0,0.6192,0
ACC-003155,Long-Drake,Real Estate,1001-5000,0.754,none,28,False,1.0,0.7456,1
ACC-003156,Johnson-Lyons,Retail,51-200,0.345,compliance_mandate,28,False,1.0,0.3205,0
ACC-003157,Smith Inc,Government,201-1000,0.589,none,3,True,1.0,0.7783,1
ACC-003158,Henderson-Davis,Healthcare,201-1000,0.589,none,36,False,0.0,0.5025,0
ACC-003159,"Dillon, Bailey and Williams",Retail,1-50,0.309,none,29,True,1.0,0.6013,0
ACC-003160,"Vaughn, Miller and Aguilar",Technology,201-1000,0.449,none,8,True,0.0,0.543,0
ACC-003161,Faulkner-Bishop,Healthcare,51-200,0.631,none,0,False,0.0,0.0168,0
ACC-003162,Hampton-Crawford,Real Estate,1-50,0.824,none,53,False,1.0,0.5412,1
ACC-003163,Benton PLC,Government,201-1000,0.78,none,0,True,0.0,0.6723,0
ACC-003164,Stout-Ballard,Insurance,51-200,0.591,funding_round,33,False,1.0,0.2714,1
ACC-003165,Mathews LLC,Retail,51-200,0.509,none,63,False,1.0,0.756,1
ACC-003166,"Guzman, Obrien and Ramirez",Financial Services,5000+,0.899,none,25,False,0.0,0.5113,0
ACC-003167,Howard-Howard,Healthcare,1001-5000,0.591,funding_round,8,False,1.0,0.6099,1
ACC-003168,"Rivas, Brown and Ray",Healthcare,1-50,0.724,tech_refresh,4,True,1.0,0.9542,1
ACC-003169,Olson Ltd,Technology,5000+,0.517,none,66,False,1.0,0.732,1
ACC-003170,"Sanchez, Butler and Ruiz",Legal,1-50,0.727,none,24,True,0.0,0.4045,0
ACC-003171,Pham and Sons,Healthcare,201-1000,0.536,none,42,False,1.0,0.8395,1
ACC-003172,"Smith, Reyes and Henderson",Real Estate,51-200,0.732,tech_refresh,20,False,1.0,0.5517,1
ACC-003173,Glass and Sons,Manufacturing,1-50,0.202,none,29,False,1.0,0.5543,0
ACC-003174,Savage-Gonzalez,Financial Services,201-1000,0.886,compliance_mandate,67,False,1.0,0.8531,1
ACC-003175,"Williams, Rios and Soto",Insurance,51-200,0.679,none,53,False,1.0,0.5139,1
ACC-003176,Griffith PLC,Healthcare,1-50,0.611,tech_refresh,33,False,0.0,0.5178,0
ACC-003177,Obrien-Mclean,Manufacturing,5000+,0.445,compliance_mandate,18,True,1.0,0.5702,0
ACC-003178,Deleon-Koch,Real Estate,51-200,0.707,leadership_change,0,False,0.0,0.7841,0
ACC-003179,"Larson, Jones and Davis",Technology,1-50,0.7,none,124,False,0.0,,0
ACC-003180,Perry-Smith,Technology,1-50,0.687,none,11,True,1.0,0.7462,1
ACC-003181,Lee and Sons,Real Estate,201-1000,0.557,none,4,False,1.0,0.7043,1
ACC-003182,Everett-Riggs,Legal,201-1000,0.83,none,4,False,1.0,0.7101,1
ACC-003183,Haynes-Cox,Technology,201-1000,0.378,compliance_mandate,25,False,1.0,0.477,0
ACC-003184,Simpson-Newman,Healthcare,5000+,0.619,none,41,False,1.0,0.8652,1
ACC-003185,House LLC,Technology,51-200,0.584,none,37,False,0.0,,0
ACC-003186,Blake-Harrell,Healthcare,1-50,0.791,funding_round,30,False,1.0,0.5916,1
ACC-003187,Lyons Ltd,Financial Services,51-200,0.895,leadership_change,30,False,1.0,0.8538,1
ACC-003188,"Little, Wilson and Thompson",Insurance,1-50,0.715,compliance_mandate,45,False,1.0,0.4986,1
ACC-003189,"Russell, Williamson and Ali",Insurance,1-50,0.841,leadership_change,132,False,0.0,0.4483,0
ACC-003190,Ward Group,Legal,51-200,1.0,leadership_change,18,False,1.0,0.7458,1
ACC-003191,Chapman and Sons,Insurance,1-50,0.953,leadership_change,1,False,1.0,0.8157,1
ACC-003192,Perez Inc,Manufacturing,1-50,0.294,none,40,False,1.0,0.4424,0
ACC-003193,"Moran, Reyes and Graves",Legal,51-200,0.869,none,6,True,1.0,0.8775,1
ACC-003194,"Velasquez, Kim and Perkins",Real Estate,5000+,1.0,none,9,True,1.0,0.7467,1
ACC-003195,Sanders-Price,Insurance,201-1000,0.809,compliance_mandate,13,False,1.0,0.8083,1
ACC-003196,Sanders-Miller,Technology,201-1000,0.591,none,16,False,1.0,0.6488,1
ACC-003197,Murillo-Salazar,Insurance,5000+,0.753,none,56,False,1.0,0.8417,1
ACC-003198,Nunez-Friedman,Technology,1-50,0.499,funding_round,41,False,0.0,,0
ACC-003199,Garcia-Ellis,Government,51-200,0.583,none,31,False,0.0,,0
ACC-003200,Hayden-Avila,Insurance,51-200,0.798,none,16,False,1.0,0.7697,1
ACC-003201,Mccoy-Johnson,Legal,1001-5000,0.913,funding_round,7,True,1.0,0.8012,1
ACC-003202,Evans-Williams,Technology,1-50,0.56,none,114,False,1.0,0.8172,1
ACC-003203,"Bowman, Graham and Olson",Legal,1-50,0.875,none,96,True,0.0,0.788,0
ACC-003204,Johnson Inc,Government,1-50,0.74,none,85,False,0.0,0.0408,0
ACC-003205,"Huber, Wolfe and White",Government,5000+,0.441,none,36,False,1.0,0.8384,0
ACC-003206,"Baker, King and Andrews",Manufacturing,51-200,0.204,none,24,False,1.0,0.4486,0
ACC-003207,"Lewis, Webb and May",Government,201-1000,0.433,compliance_mandate,17,False,1.0,0.6028,0
ACC-003208,"Peters, Holder and Howard",Manufacturing,51-200,0.669,none,37,False,1.0,0.6069,1
ACC-003209,"Allen, Miller and Cooper",Government,201-1000,0.792,none,27,False,0.0,,0
ACC-003210,Stewart-Livingston,Real Estate,1-50,0.686,none,58,False,1.0,0.8537,1
ACC-003211,Torres PLC,Insurance,1-50,0.79,none,36,False,1.0,0.5572,1
ACC-003212,Smith and Sons,Manufacturing,51-200,0.331,leadership_change,4,False,1.0,0.8379,0
ACC-003213,Vazquez-Bautista,Financial Services,201-1000,0.875,leadership_change,23,False,1.0,0.8063,1
ACC-003214,"Shaw, Peterson and Blair",Technology,1-50,0.602,none,46,False,1.0,0.3905,1
ACC-003215,Lewis-Aguirre,Financial Services,1-50,0.658,none,9,False,0.0,0.5853,0
ACC-003216,Lambert Group,Real Estate,201-1000,0.812,compliance_mandate,0,False,1.0,0.7991,1
ACC-003217,"Mann, Stewart and Lawson",Financial Services,1001-5000,1.0,none,11,False,1.0,0.7916,1
ACC-003218,"Hanna, Moore and Hall",Technology,1001-5000,0.514,none,11,True,1.0,0.5075,1
ACC-003219,"White, Keith and Singleton",Retail,1-50,0.426,tech_refresh,3,False,1.0,0.6465,0
ACC-003220,"Santiago, Dixon and Wells",Manufacturing,51-200,0.37,none,70,False,1.0,0.761,0
ACC-003221,Robinson-Bird,Real Estate,1001-5000,0.873,compliance_mandate,22,True,1.0,0.7638,1
ACC-003222,Miller Group,Real Estate,5000+,0.69,none,117,False,0.0,0.2712,0
ACC-003223,"Estes, Dominguez and Taylor",Real Estate,1-50,0.758,none,15,False,0.0,,0
ACC-003224,"Lopez, Macias and Ferguson",Real Estate,1-50,0.833,none,23,False,1.0,0.8067,1
ACC-003225,Knight LLC,Insurance,201-1000,0.845,leadership_change,10,False,1.0,0.7807,1
ACC-003226,Brown-Simmons,Financial Services,51-200,0.897,none,28,False,0.0,0.6031,0
ACC-003227,Miller-Peterson,Insurance,51-200,0.948,tech_refresh,56,False,1.0,0.7453,1
ACC-003228,Rush PLC,Healthcare,51-200,0.638,tech_refresh,40,False,1.0,0.5227,1
ACC-003229,"Gutierrez, Washington and Schwartz",Insurance,51-200,0.668,none,94,False,1.0,0.709,1
ACC-003230,"Miller, Cherry and Martin",Government,1-50,0.558,none,32,False,0.0,0.1853,0
ACC-003231,"Bishop, Hill and Barron",Technology,1-50,0.536,none,13,False,1.0,0.7094,1
ACC-003232,"Ortiz, Roman and Clark",Healthcare,51-200,0.419,compliance_mandate,38,False,1.0,0.7706,0
ACC-003233,George-Sloan,Real Estate,1-50,0.891,tech_refresh,12,False,1.0,0.7557,1
ACC-003234,Mckee-Hernandez,Insurance,201-1000,0.961,none,49,False,1.0,0.9021,1
ACC-003235,"Rowland, Thomas and Carlson",Insurance,1001-5000,0.829,leadership_change,7,False,1.0,0.7734,1
ACC-003236,Johnson Inc,Legal,1-50,0.798,funding_round,28,False,1.0,0.7835,1
ACC-003237,"Long, Robertson and Lee",Legal,5000+,0.929,funding_round,32,False,0.0,0.4978,0
ACC-003238,Ramos Group,Technology,5000+,0.41,tech_refresh,64,False,0.0,0.3485,0
ACC-003239,Thompson and Sons,Financial Services,51-200,0.813,none,19,False,1.0,0.7698,1
ACC-003240,"Wright, Miller and Rivera",Government,1-50,0.53,none,4,True,1.0,0.8751,1
ACC-003241,Johnson-Burgess,Financial Services,201-1000,1.0,compliance_mandate,4,True,1.0,0.5336,1
ACC-003242,"Henry, Patrick and Barber",Real Estate,5000+,1.0,compliance_mandate,44,False,1.0,0.9175,1
ACC-003243,Zimmerman and Sons,Government,51-200,0.782,none,28,False,1.0,0.7685,1
ACC-003244,Golden Inc,Financial Services,1-50,0.784,funding_round,156,False,1.0,0.6161,1
ACC-003245,Ingram-Ortega,Technology,201-1000,0.593,compliance_mandate,21,True,0.0,0.3278,0
ACC-003246,Miller and Sons,Insurance,1001-5000,0.786,funding_round,9,False,1.0,0.4358,1
ACC-003247,Randolph-Ali,Retail,201-1000,0.428,tech_refresh,8,False,1.0,0.4994,0
ACC-003248,"Calderon, Douglas and Moody",Technology,1-50,0.611,funding_round,23,False,1.0,0.7469,1
ACC-003249,"Reeves, Cowan and Wu",Real Estate,1-50,0.708,funding_round,14,False,1.0,0.4169,1
ACC-003250,Wright-Riley,Technology,1-50,0.6,funding_round,14,False,0.0,0.6173,0
ACC-003251,"Lopez, Bullock and Carter",Healthcare,1-50,0.453,none,5,True,1.0,0.704,0
ACC-003252,Cook-Shaw,Legal,51-200,0.959,compliance_mandate,103,True,1.0,0.9404,1
ACC-003253,Jefferson Group,Financial Services,1001-5000,0.807,leadership_change,64,True,1.0,0.7428,1
ACC-003254,"Jarvis, Schultz and Murphy",Insurance,5000+,0.772,leadership_change,11,False,1.0,0.7917,1
ACC-003255,"Gilbert, Ford and Rose",Technology,1001-5000,0.467,none,18,False,1.0,0.6811,0
ACC-003256,Kirby-Jacobson,Retail,201-1000,0.476,leadership_change,79,True,1.0,0.7272,0
ACC-003257,Lucero Ltd,Insurance,1-50,0.784,none,16,False,0.0,0.2009,0
ACC-003258,Medina-Krueger,Legal,51-200,0.873,none,8,False,1.0,0.7512,1
ACC-003259,Holland PLC,Manufacturing,51-200,0.394,none,20,False,1.0,0.7222,0
ACC-003260,Harrison-Reyes,Technology,51-200,0.666,funding_round,1,False,1.0,0.9259,1
ACC-003261,Rice PLC,Healthcare,51-200,0.814,leadership_change,24,False,1.0,0.8248,1
ACC-003262,Love-Duncan,Insurance,1-50,0.658,none,4,False,0.0,0.3973,0
ACC-003263,Moore-Wright,Real Estate,201-1000,0.708,none,30,False,0.0,0.5761,0
ACC-003264,"Ali, Rush and Guerrero",Retail,51-200,0.466,none,79,False,1.0,0.6318,0
ACC-003265,"Gilmore, Smith and Jackson",Technology,51-200,0.539,none,2,False,1.0,0.725,1
ACC-003266,"Watson, Browning and Dyer",Manufacturing,51-200,0.54,none,38,False,1.0,0.9105,1
ACC-003267,Lester Group,Healthcare,51-200,0.699,none,37,False,1.0,0.8546,1
ACC-003268,Snyder and Sons,Legal,1001-5000,1.0,compliance_mandate,102,True,1.0,0.7962,1
ACC-003269,Reid Ltd,Government,1-50,0.68,none,44,False,1.0,0.7669,1
ACC-003270,Garrison-Roberts,Healthcare,5000+,0.746,leadership_change,64,False,1.0,0.7695,1
ACC-003271,"Perry, Adams and Williams",Retail,201-1000,0.33,none,98,False,0.0,0.3663,0
ACC-003272,Lopez-Schneider,Technology,201-1000,0.501,leadership_change,14,False,0.0,0.2618,0
ACC-003273,Walls-Hunter,Government,51-200,0.633,none,22,False,0.0,0.3786,0
ACC-003274,Wallace LLC,Financial Services,51-200,0.891,none,68,False,1.0,0.6259,1
ACC-003275,Lopez Inc,Government,1-50,0.783,funding_round,16,False,1.0,0.4351,1
ACC-003276,"Stephenson, Buckley and Hurst",Insurance,1-50,0.619,none,19,False,1.0,0.8046,1
ACC-003277,Mendez-Peterson,Insurance,1-50,0.657,compliance_mandate,4,False,0.0,0.5315,0
ACC-003278,"Phillips, Acosta and Perkins",Manufacturing,51-200,0.514,none,44,False,1.0,0.6407,1
ACC-003279,Johnson PLC,Legal,1001-5000,0.972,none,3,False,1.0,0.7407,1
ACC-003280,Moreno and Sons,Manufacturing,1-50,0.457,compliance_mandate,70,True,1.0,0.5141,0
ACC-003281,Moran-Rodriguez,Healthcare,51-200,0.862,leadership_change,162,True,0.0,0.4961,0
ACC-003282,"Poole, Williams and West",Manufacturing,51-200,0.522,none,17,True,1.0,0.5676,1
ACC-003283,"Weber, Fox and Diaz",Insurance,201-1000,0.696,none,72,False,0.0,,0
ACC-003284,Reynolds Ltd,Technology,201-1000,0.584,funding_round,44,True,1.0,0.6591,1
ACC-003285,Torres LLC,Manufacturing,51-200,0.37,none,12,True,0.0,0.2126,0
ACC-003286,"Bush, Smith and Johnson",Insurance,201-1000,0.668,tech_refresh,3,False,0.0,0.7054,0
ACC-003287,"Scott, Decker and Parker",Government,1-50,0.521,none,55,False,1.0,0.5591,1
ACC-003288,"Marks, Black and Hernandez",Manufacturing,51-200,0.583,leadership_change,21,False,0.0,0.6554,0
ACC-003289,Rose-Young,Technology,201-1000,0.423,none,40,False,0.0,0.2484,0
ACC-003290,"Morse, Rodriguez and English",Retail,1-50,0.347,none,65,True,1.0,0.4286,0
ACC-003291,"Wilson, Rodgers and Hawkins",Real Estate,51-200,0.982,none,5,False,0.0,0.372,0
ACC-003292,Lopez-Howard,Government,1-50,0.413,none,146,False,0.0,0.6283,0
ACC-003293,Novak LLC,Healthcare,201-1000,0.842,none,38,True,1.0,0.9315,1
ACC-003294,Norman PLC,Government,51-200,0.392,tech_refresh,12,False,0.0,0.7502,0
ACC-003295,Jones Inc,Government,5000+,0.58,none,44,True,0.0,0.4812,0
ACC-003296,"Burnett, Weber and Armstrong",Insurance,1-50,0.649,none,41,False,0.0,0.157,0
ACC-003297,"Jones, Nunez and Gregory",Retail,201-1000,0.357,none,6,False,1.0,0.5139,0
ACC-003298,"Anderson, Wheeler and Conner",Healthcare,51-200,0.49,none,9,True,1.0,0.6824,0
ACC-003299,Baker-Beard,Legal,5000+,0.772,none,7,False,0.0,0.7954,0
ACC-003300,Hunter and Sons,Real Estate,51-200,0.573,funding_round,23,False,1.0,0.8439,1
ACC-003301,"Lindsey, Manning and Krueger",Government,1-50,0.779,none,56,False,1.0,0.6829,1
ACC-003302,Nelson and Sons,Legal,1-50,1.0,none,21,False,1.0,0.8227,1
ACC-003303,"Benson, Watson and Reed",Insurance,51-200,0.915,leadership_change,9,False,1.0,0.7973,1
ACC-003304,Osborn Group,Real Estate,1-50,0.852,leadership_change,7,False,1.0,0.796,1
ACC-003305,"Harding, Pierce and Frost",Retail,51-200,0.326,funding_round,57,False,0.0,0.2639,0
ACC-003306,"Griffin, Thomas and Gonzalez",Real Estate,1-50,0.586,none,16,False,1.0,0.7611,1
ACC-003307,Reed Inc,Financial Services,201-1000,0.938,funding_round,6,False,1.0,0.7863,1
ACC-003308,Williams PLC,Manufacturing,51-200,0.496,none,30,False,1.0,0.5327,0
ACC-003309,"Johnson, Olson and Mcpherson",Insurance,5000+,0.857,none,23,False,1.0,0.5926,1
ACC-003310,Rodriguez-Powell,Retail,5000+,0.444,none,0,False,1.0,0.5445,0
ACC-003311,"Kelly, Thomas and Barker",Technology,201-1000,0.419,none,118,False,1.0,0.5676,0
ACC-003312,"Monroe, Leach and Proctor",Technology,1001-5000,0.793,none,11,False,1.0,0.7191,1
ACC-003313,"Wolf, Maxwell and Perry",Government,51-200,0.674,none,20,False,0.0,,0
ACC-003314,Middleton-Howard,Manufacturing,201-1000,0.371,none,3,False,1.0,0.6561,0
ACC-003315,Lawson LLC,Real Estate,201-1000,1.0,none,10,False,1.0,0.8349,1
ACC-003316,"Roberts, Smith and Lyons",Real Estate,5000+,0.827,none,5,False,1.0,0.7798,1
ACC-003317,"Kim, Smith and Morris",Manufacturing,201-1000,0.394,none,28,True,1.0,0.7661,0
ACC-003318,Potter-Garcia,Legal,51-200,0.855,none,36,False,1.0,0.6175,1
ACC-003319,"Mullen, Jenkins and Kennedy",Retail,51-200,0.389,funding_round,43,False,1.0,0.3033,0
ACC-003320,Prince PLC,Manufacturing,1001-5000,0.288,none,66,False,1.0,0.2992,0
ACC-003321,Gardner LLC,Manufacturing,1-50,0.357,none,11,False,1.0,0.6538,0
ACC-003322,Johnson PLC,Technology,1-50,0.424,none,39,False,1.0,0.481,0
ACC-003323,Bell PLC,Government,1-50,0.641,funding_round,22,False,1.0,0.87,1
ACC-003324,Chan Inc,Government,201-1000,0.52,compliance_mandate,35,False,1.0,0.6213,1
ACC-003325,White PLC,Insurance,51-200,0.823,none,9,False,1.0,0.3403,1
ACC-003326,Morris and Sons,Government,1-50,0.432,none,11,False,1.0,0.2302,0
ACC-003327,Wade Inc,Legal,1001-5000,0.92,funding_round,13,False,1.0,0.8985,1
ACC-003328,Serrano-Bradley,Financial Services,201-1000,0.505,funding_round,7,False,1.0,0.5369,1
ACC-003329,Peterson and Sons,Manufacturing,201-1000,0.405,none,61,False,1.0,0.6507,0
ACC-003330,"Wilson, Fernandez and Robertson",Government,1-50,0.637,compliance_mandate,0,False,0.0,0.7445,0
ACC-003331,"Turner, Jones and Curtis",Manufacturing,51-200,0.527,none,14,False,1.0,0.7606,1
ACC-003332,Howard Group,Legal,51-200,0.983,leadership_change,5,False,1.0,0.6478,1
ACC-003333,Flynn and Sons,Technology,201-1000,0.546,none,45,False,0.0,0.2573,0
ACC-003334,Steele Inc,Real Estate,51-200,0.937,none,15,False,1.0,0.7908,1
ACC-003335,Taylor-Elliott,Manufacturing,201-1000,0.244,funding_round,25,False,1.0,0.8549,0
ACC-003336,Petty and Sons,Retail,5000+,0.393,none,26,True,1.0,0.5778,0
ACC-003337,Martinez-Hebert,Financial Services,1-50,0.845,none,2,False,0.0,0.5326,0
ACC-003338,"Burnett, Martinez and Weaver",Financial Services,1-50,0.911,compliance_mandate,9,False,1.0,0.5673,1
ACC-003339,Martinez-Smith,Legal,201-1000,1.0,leadership_change,51,False,1.0,0.9168,1
ACC-003340,Howard-Garcia,Financial Services,1-50,0.934,none,60,False,0.0,0.6477,0
ACC-003341,Davidson-Sanchez,Manufacturing,51-200,0.544,leadership_change,5,False,1.0,0.7015,1
ACC-003342,Valencia-Allison,Manufacturing,1-50,0.34,leadership_change,19,False,1.0,0.2553,0
ACC-003343,Sanchez-Patrick,Manufacturing,51-200,0.438,funding_round,8,False,1.0,0.7687,0
ACC-003344,Hawkins-Marshall,Government,1001-5000,0.499,leadership_change,37,False,0.0,0.3437,0
ACC-003345,"Gray, Archer and Moss",Legal,201-1000,0.963,none,56,True,1.0,0.8965,1
ACC-003346,Campos PLC,Manufacturing,51-200,0.642,leadership_change,4,False,0.0,,0
ACC-003347,Heath PLC,Insurance,51-200,0.857,none,0,True,0.0,,0
ACC-003348,Yates PLC,Healthcare,51-200,0.545,none,11,True,0.0,,0
ACC-003349,Lawson-Foley,Financial Services,1-50,0.892,none,15,False,1.0,0.7125,1
ACC-003350,"Arroyo, Morgan and Cain",Real Estate,1-50,0.761,funding_round,30,True,1.0,0.7656,1
ACC-003351,Padilla-Boyer,Insurance,201-1000,0.844,tech_refresh,7,False,1.0,0.3086,1
ACC-003352,Alexander Inc,Retail,51-200,0.303,none,99,False,1.0,0.6043,0
ACC-003353,Edwards LLC,Government,1001-5000,0.695,compliance_mandate,2,False,1.0,0.8446,1
ACC-003354,"Todd, Carlson and King",Retail,51-200,0.362,none,23,False,0.0,0.1291,0
ACC-003355,Watson Inc,Real Estate,1-50,0.881,leadership_change,2,False,1.0,0.6129,1
ACC-003356,Floyd and Sons,Retail,201-1000,0.287,funding_round,18,True,1.0,0.5497,0
ACC-003357,"Soto, Romero and Silva",Government,201-1000,0.665,funding_round,5,False,1.0,0.9068,1
ACC-003358,"Burton, Walters and Williams",Government,1-50,0.558,funding_round,13,False,1.0,0.541,1
ACC-003359,Odom-Simmons,Insurance,1-50,0.746,funding_round,92,True,1.0,0.9004,1
ACC-003360,Gardner-Collins,Healthcare,51-200,0.579,none,39,False,1.0,0.7138,1
ACC-003361,Lucero Ltd,Real Estate,51-200,0.801,none,57,False,1.0,0.479,1
ACC-003362,Rosales PLC,Financial Services,5000+,0.811,none,46,False,1.0,0.8844,1
ACC-003363,Anderson Group,Technology,1-50,0.551,none,16,False,1.0,0.602,1
ACC-003364,Williams Inc,Insurance,201-1000,0.765,none,50,False,1.0,0.7042,1
ACC-003365,Macias-Mcgee,Insurance,1-50,0.586,none,2,False,1.0,0.5778,1
ACC-003366,Arias-Miller,Manufacturing,201-1000,0.315,none,5,False,1.0,0.6838,0
ACC-003367,Long-Quinn,Legal,201-1000,0.655,none,25,False,1.0,0.7626,1
ACC-003368,"Miles, Simmons and Williams",Insurance,1-50,0.902,none,12,False,0.0,0.3543,0
ACC-003369,"Cook, Clark and Baker",Insurance,1001-5000,0.72,none,23,True,1.0,0.8978,1
ACC-003370,Wright Group,Government,51-200,0.625,none,2,True,1.0,0.6635,1
ACC-003371,Patel Inc,Technology,1-50,0.656,leadership_change,69,False,1.0,0.8363,1
ACC-003372,Rodriguez Ltd,Legal,201-1000,0.937,none,19,False,1.0,0.8225,1
ACC-003373,Valdez-Nicholson,Financial Services,1001-5000,0.781,compliance_mandate,0,False,1.0,0.6627,1
ACC-003374,Butler-Preston,Legal,51-200,1.0,leadership_change,0,False,1.0,0.8709,1
ACC-003375,Pearson-Porter,Retail,5000+,0.338,tech_refresh,50,False,1.0,0.5,0
ACC-003376,"Webb, Stokes and Wright",Legal,51-200,0.736,compliance_mandate,130,True,1.0,0.6033,1
ACC-003377,Castillo-Ortiz,Financial Services,1-50,0.819,none,8,False,1.0,0.5898,1
ACC-003378,"Daniels, Diaz and Tran",Legal,51-200,0.918,leadership_change,27,False,1.0,0.6022,1
ACC-003379,Webb-Roman,Legal,51-200,0.987,compliance_mandate,25,False,1.0,0.7699,1
ACC-003380,"Vaughan, Beltran and Moore",Technology,51-200,0.707,none,23,False,1.0,0.6446,1
ACC-003381,Mendoza LLC,Technology,1-50,0.507,none,17,False,1.0,0.5461,1
ACC-003382,Turner Group,Manufacturing,1-50,0.516,none,9,False,0.0,0.3757,0
ACC-003383,Ford Group,Insurance,1-50,0.629,compliance_mandate,6,False,1.0,0.6862,1
ACC-003384,Jones Inc,Retail,5000+,0.414,tech_refresh,9,False,1.0,0.3993,0
ACC-003385,"Knight, Howard and Mcdonald",Manufacturing,5000+,0.243,none,8,True,1.0,0.6697,0
ACC-003386,"Moore, Young and Harper",Insurance,51-200,0.786,compliance_mandate,0,False,1.0,0.7358,1
ACC-003387,Allen Group,Real Estate,51-200,0.787,leadership_change,53,True,1.0,0.816,1
ACC-003388,Barrera-Bridges,Manufacturing,1001-5000,0.188,none,26,False,1.0,0.5017,0
ACC-003389,Bennett Group,Manufacturing,1-50,0.46,compliance_mandate,19,True,1.0,0.7311,0
ACC-003390,Brown PLC,Retail,51-200,0.357,leadership_change,28,False,0.0,0.7057,0
ACC-003391,"Johnson, Stewart and Brown",Technology,201-1000,0.43,none,8,False,1.0,0.5793,0
ACC-003392,"Delgado, Ritter and Rivera",Financial Services,51-200,0.731,none,5,False,1.0,0.8629,1
ACC-003393,"Thornton, Garcia and Ortiz",Financial Services,51-200,0.694,none,38,False,1.0,0.3634,1
ACC-003394,"Campbell, Lawson and Day",Financial Services,5000+,1.0,none,16,False,0.0,,0
ACC-003395,"Jones, Cox and Taylor",Insurance,201-1000,0.835,none,42,False,1.0,0.6084,1
ACC-003396,"Donovan, Barnes and Gray",Government,1001-5000,0.848,none,33,False,1.0,0.5438,1
ACC-003397,Hernandez Ltd,Legal,201-1000,0.897,none,59,True,1.0,0.7777,1
ACC-003398,"Williams, Craig and Morris",Technology,51-200,0.544,leadership_change,33,True,1.0,0.6482,1
ACC-003399,"Wright, Olson and Burton",Healthcare,51-200,0.741,none,19,False,0.0,0.7276,0
ACC-003400,Ward LLC,Financial Services,201-1000,0.84,funding_round,18,False,1.0,0.7075,1
ACC-003401,Gomez-White,Real Estate,51-200,0.862,leadership_change,24,True,1.0,0.7612,1
ACC-003402,"Cox, Stewart and Allen",Manufacturing,201-1000,0.139,tech_refresh,8,False,0.0,0.2462,0
ACC-003403,Goodman PLC,Manufacturing,1001-5000,0.541,funding_round,48,False,0.0,0.4174,0
ACC-003404,Mullen-Kim,Government,1001-5000,0.582,compliance_mandate,8,False,0.0,,0
ACC-003405,Sosa LLC,Legal,1-50,0.874,none,7,False,1.0,0.8078,1
ACC-003406,Cowan-Woods,Financial Services,201-1000,0.82,none,41,True,1.0,0.8452,1
ACC-003407,"Anthony, Maldonado and Sanchez",Government,51-200,0.65,none,79,True,0.0,0.8398,0
ACC-003408,Cox Inc,Retail,1-50,0.462,funding_round,36,False,0.0,0.3982,0
ACC-003409,"Lee, Jones and Knox",Healthcare,1001-5000,0.786,funding_round,138,False,1.0,0.3617,1
ACC-003410,Thompson Group,Legal,1-50,0.635,none,78,True,1.0,0.6516,1
ACC-003411,Young LLC,Retail,51-200,0.325,none,70,False,1.0,0.224,0
ACC-003412,Lynch and Sons,Manufacturing,51-200,0.377,compliance_mandate,7,False,1.0,0.8506,0
ACC-003413,Mathis-Bishop,Healthcare,1-50,0.677,leadership_change,75,True,1.0,0.5052,1
ACC-003414,"Wong, Grant and Clay",Manufacturing,51-200,0.521,none,25,True,1.0,0.702,1
ACC-003415,Thompson PLC,Retail,51-200,0.328,leadership_change,30,False,1.0,0.4885,0
ACC-003416,"Curtis, Long and Wilson",Healthcare,51-200,0.605,none,5,False,1.0,0.3283,1
ACC-003417,Chapman-Little,Healthcare,1-50,0.627,compliance_mandate,3,False,1.0,0.6864,1
ACC-003418,Graham-Morris,Real Estate,51-200,0.729,none,26,False,0.0,0.5155,0
ACC-003419,Velazquez-Gutierrez,Real Estate,1-50,0.679,none,8,False,1.0,0.5315,1
ACC-003420,"Buchanan, White and Lewis",Real Estate,201-1000,0.866,none,58,False,1.0,0.4939,1
ACC-003421,Matthews-Mitchell,Technology,51-200,0.583,funding_round,0,False,0.0,0.6504,0
ACC-003422,"Lutz, Andrade and Flores",Manufacturing,1-50,0.387,leadership_change,37,False,1.0,0.3343,0
ACC-003423,Sims PLC,Insurance,1-50,0.678,none,37,False,0.0,,0
ACC-003424,Smith Group,Real Estate,1-50,0.624,funding_round,10,True,1.0,0.8393,1
ACC-003425,Green Ltd,Manufacturing,1-50,0.613,none,18,False,0.0,0.6005,0
ACC-003426,"Patterson, Kim and Yoder",Technology,51-200,0.635,none,0,False,0.0,0.0999,0
ACC-003427,Shaw-Roman,Government,201-1000,0.591,leadership_change,26,False,1.0,0.4899,1
ACC-003428,"Murillo, Robertson and Spears",Government,1-50,0.735,funding_round,42,False,1.0,0.811,1
ACC-003429,"Fry, Holden and Jones",Manufacturing,51-200,0.301,none,12,False,0.0,0.4407,0
ACC-003430,"Ruiz, Murphy and Cervantes",Real Estate,1-50,0.668,funding_round,25,True,1.0,0.6882,1
ACC-003431,"Obrien, Ho and Campbell",Manufacturing,201-1000,0.407,none,43,False,0.0,0.1362,0
ACC-003432,Bradley-Jimenez,Financial Services,51-200,0.775,none,27,False,0.0,0.438,0
ACC-003433,"Hayes, Thomas and Ramirez",Legal,5000+,0.902,leadership_change,32,False,0.0,0.1424,0
ACC-003434,Henry-Blevins,Government,51-200,0.505,tech_refresh,123,False,1.0,0.6705,1
ACC-003435,Russell Ltd,Government,1-50,0.595,none,40,True,1.0,0.5788,1
ACC-003436,Mejia-Sanchez,Insurance,51-200,0.578,leadership_change,13,False,1.0,0.7059,1
ACC-003437,"Grant, Haney and Macdonald",Real Estate,51-200,0.56,none,3,False,1.0,0.3933,1
ACC-003438,Woods Ltd,Insurance,51-200,0.68,leadership_change,9,False,1.0,0.5321,1
ACC-003439,Garcia-King,Government,51-200,0.395,none,9,True,1.0,0.7314,0
ACC-003440,"Holland, Gay and Bishop",Financial Services,201-1000,0.786,none,6,False,1.0,0.4247,1
ACC-003441,"Carey, Kirk and Watkins",Real Estate,51-200,0.645,none,9,False,0.0,0.5329,0
ACC-003442,Peterson and Sons,Healthcare,51-200,0.564,none,48,False,1.0,0.4401,1
ACC-003443,Ramirez and Sons,Manufacturing,201-1000,0.352,none,18,False,1.0,0.6454,0
ACC-003444,Higgins-Franco,Real Estate,1-50,0.665,none,8,False,1.0,0.6359,1
ACC-003445,"Ritter, Johnson and Blanchard",Financial Services,201-1000,0.887,compliance_mandate,23,False,1.0,0.7884,1
ACC-003446,Lester LLC,Insurance,201-1000,0.987,compliance_mandate,0,False,1.0,0.7149,1
ACC-003447,"Hodges, Barker and Stone",Legal,5000+,0.917,leadership_change,64,False,1.0,0.8142,1
ACC-003448,Cantu PLC,Legal,1001-5000,1.0,none,19,False,1.0,0.871,1
ACC-003449,"Medina, Gutierrez and Jones",Retail,1-50,0.38,tech_refresh,129,False,1.0,0.5344,0
ACC-003450,Anderson-Bishop,Technology,1-50,0.403,none,29,False,1.0,0.7626,0
ACC-003451,Miller LLC,Government,1-50,0.462,none,24,False,1.0,0.7524,0
ACC-003452,"Brooks, Brennan and Martin",Healthcare,51-200,0.581,leadership_change,7,False,1.0,0.7729,1
ACC-003453,Jennings-Pacheco,Government,1001-5000,0.77,leadership_change,12,False,1.0,0.6348,1
ACC-003454,Kelly Ltd,Technology,51-200,0.674,none,13,False,1.0,0.6055,1
ACC-003455,Whitehead Inc,Legal,201-1000,0.982,leadership_change,86,False,1.0,0.8034,1
ACC-003456,Lee Ltd,Financial Services,51-200,0.873,compliance_mandate,31,False,0.0,,0
ACC-003457,Nguyen PLC,Insurance,1-50,0.929,leadership_change,13,False,1.0,0.4229,1
ACC-003458,Jones LLC,Healthcare,51-200,0.645,none,59,True,1.0,0.798,1
ACC-003459,Collins and Sons,Technology,1001-5000,0.6,tech_refresh,7,False,0.0,0.4353,0
ACC-003460,"Hall, Rodriguez and Gordon",Financial Services,51-200,0.902,tech_refresh,47,False,1.0,0.7303,1
ACC-003461,Taylor-Brewer,Insurance,5000+,0.66,none,1,False,1.0,0.6009,1
ACC-003462,Jones Inc,Financial Services,51-200,0.962,none,62,False,1.0,0.7428,1
ACC-003463,Arellano LLC,Manufacturing,1-50,0.635,leadership_change,14,False,0.0,0.3178,0
ACC-003464,"Williams, Garcia and Lewis",Insurance,1-50,0.633,none,36,False,1.0,0.8549,1
ACC-003465,Rodriguez-Johnson,Insurance,201-1000,0.625,leadership_change,28,False,1.0,0.687,1
ACC-003466,"Lopez, Summers and Schaefer",Legal,1-50,0.842,leadership_change,4,False,1.0,0.5003,1
ACC-003467,Myers LLC,Healthcare,1-50,0.771,none,2,True,1.0,0.9022,1
ACC-003468,Neal and Sons,Technology,51-200,0.633,none,36,False,1.0,0.5293,1
ACC-003469,"Thompson, Sullivan and Glenn",Legal,201-1000,0.957,none,22,False,0.0,,0
ACC-003470,Johnson-Carter,Government,51-200,0.546,none,3,False,0.0,0.3115,0
ACC-003471,Neal-Jacobs,Real Estate,1-50,0.904,none,0,False,0.0,,0
ACC-003472,West-Hernandez,Legal,51-200,0.831,none,65,False,1.0,0.7105,1
ACC-003473,"Moore, Gates and Clark",Technology,1-50,0.774,leadership_change,7,False,1.0,0.6354,1
ACC-003474,Meadows Group,Legal,1-50,1.0,funding_round,3,True,1.0,0.9503,1
ACC-003475,"Arroyo, Moore and Jackson",Healthcare,1-50,0.668,none,2,False,1.0,0.7576,1
ACC-003476,Mendez-Reese,Technology,1001-5000,0.636,tech_refresh,15,False,1.0,0.4335,1
ACC-003477,"Garcia, Foster and Wheeler",Retail,1-50,0.404,leadership_change,1,False,1.0,0.8527,0
ACC-003478,Brown-Alexander,Healthcare,201-1000,0.719,none,12,True,0.0,0.6354,0
ACC-003479,Ochoa Inc,Government,201-1000,0.471,none,21,False,1.0,0.6957,0
ACC-003480,Owen Ltd,Financial Services,5000+,0.841,tech_refresh,0,False,0.0,0.2608,0
ACC-003481,Williams Ltd,Real Estate,5000+,0.965,funding_round,85,False,1.0,0.5852,1
ACC-003482,Alvarez-Ray,Legal,1-50,0.937,tech_refresh,119,False,0.0,0.6008,0
ACC-003483,"Fitzgerald, Carroll and Carr",Government,201-1000,0.655,none,20,False,1.0,0.6653,1
ACC-003484,Russo LLC,Legal,201-1000,1.0,compliance_mandate,48,False,1.0,0.857,1
ACC-003485,"Howell, Patel and Hooper",Real Estate,1-50,0.932,none,25,False,0.0,,0
ACC-003486,Sloan Group,Retail,201-1000,0.473,compliance_mandate,91,False,1.0,0.8121,0
ACC-003487,Gill and Sons,Financial Services,1-50,0.706,compliance_mandate,7,False,1.0,0.7295,1
ACC-003488,Smith-Ford,Government,201-1000,0.368,tech_refresh,36,False,1.0,0.3022,0
ACC-003489,Hays Ltd,Government,51-200,0.907,none,48,True,0.0,0.6404,0
ACC-003490,Butler Ltd,Insurance,51-200,0.596,none,106,False,0.0,0.3764,0
ACC-003491,"Bowman, Christensen and Sanford",Government,51-200,0.676,none,8,True,1.0,0.7645,1
ACC-003492,Pierce Ltd,Real Estate,51-200,0.859,leadership_change,21,True,1.0,0.9206,1
ACC-003493,"Green, Olson and Howard",Technology,1001-5000,0.611,funding_round,14,False,1.0,0.6534,1
ACC-003494,"Romero, White and Hicks",Government,51-200,0.733,compliance_mandate,6,False,1.0,0.683,1
ACC-003495,"Gonzales, Mitchell and Johnson",Technology,1001-5000,0.456,none,7,False,1.0,0.209,0
ACC-003496,Dunn LLC,Real Estate,201-1000,0.674,none,65,False,1.0,0.4528,1
ACC-003497,Perkins-Hutchinson,Legal,1001-5000,0.999,tech_refresh,48,False,1.0,0.7233,1
ACC-003498,Silva Group,Real Estate,1001-5000,0.808,none,33,False,1.0,0.7621,1
ACC-003499,Obrien-Alvarado,Financial Services,1001-5000,0.95,none,24,False,1.0,0.7872,1
ACC-003500,Harvey Inc,Manufacturing,201-1000,0.634,none,3,True,0.0,,0
ACC-003501,Collins and Sons,Manufacturing,51-200,0.479,none,12,False,1.0,0.8427,0
ACC-003502,Mccormick-King,Financial Services,5000+,0.689,compliance_mandate,3,False,1.0,0.6468,1
ACC-003503,"Gardner, Bauer and Cox",Legal,1-50,0.829,compliance_mandate,67,False,0.0,0.5233,0
ACC-003504,"Schmidt, Nelson and Williams",Government,51-200,0.759,compliance_mandate,22,True,1.0,0.6581,1
ACC-003505,"Alvarez, Reilly and Gordon",Retail,1-50,0.144,none,58,False,0.0,0.1971,0
ACC-003506,Morris-Hendricks,Financial Services,51-200,0.888,none,4,False,0.0,0.1231,0
ACC-003507,"Long, Fischer and Jordan",Legal,1001-5000,1.0,none,26,False,1.0,0.5744,1
ACC-003508,"Williams, Everett and Dillon",Manufacturing,1-50,0.266,compliance_mandate,45,False,1.0,0.5052,0
ACC-003509,Lowery Group,Government,201-1000,0.526,none,37,False,1.0,0.78,1
ACC-003510,"Mccoy, Chan and Pace",Legal,1-50,0.936,tech_refresh,46,True,1.0,0.9137,1
ACC-003511,Reese and Sons,Government,1001-5000,0.702,compliance_mandate,7,True,1.0,0.8615,1
ACC-003512,Herman LLC,Manufacturing,5000+,0.298,none,49,False,1.0,0.5438,0
ACC-003513,Wong-Brown,Manufacturing,1-50,0.484,none,43,False,1.0,0.8424,0
ACC-003514,Smith-Gilbert,Real Estate,1-50,0.801,none,5,False,1.0,0.6322,1
ACC-003515,Adams and Sons,Government,51-200,0.497,tech_refresh,0,False,1.0,0.6697,0
ACC-003516,Pittman-Wright,Government,201-1000,0.521,leadership_change,47,False,1.0,0.6486,1
ACC-003517,"Johnson, Fritz and Ellis",Government,1-50,0.47,funding_round,42,False,0.0,0.3939,0
ACC-003518,Mills-Burton,Government,201-1000,0.649,none,39,True,1.0,0.7859,1
ACC-003519,Wu PLC,Government,201-1000,0.742,funding_round,5,False,1.0,0.8335,1
ACC-003520,"Wright, Lamb and Owens",Technology,51-200,0.398,none,25,True,1.0,0.8036,0
ACC-003521,"Adams, Moore and Waller",Manufacturing,51-200,0.577,none,5,True,0.0,0.5537,0
ACC-003522,Wright-Villarreal,Insurance,1001-5000,0.796,none,20,True,1.0,0.6508,1
ACC-003523,"Clark, Freeman and Ashley",Insurance,51-200,0.503,funding_round,64,False,0.0,0.7804,0
ACC-003524,Long Inc,Retail,201-1000,0.681,funding_round,55,True,1.0,0.9275,1
ACC-003525,"Fox, Cook and Hernandez",Insurance,201-1000,0.754,none,18,False,1.0,0.6902,1
ACC-003526,Rojas-Black,Legal,1-50,0.857,none,90,True,1.0,0.8152,1
ACC-003527,Ramirez-Reynolds,Real Estate,1-50,0.91,none,0,False,0.0,0.6852,0
ACC-003528,Bush-Orr,Insurance,1-50,0.82,compliance_mandate,26,False,1.0,0.7503,1
ACC-003529,"White, Farmer and Richards",Legal,51-200,0.495,none,69,False,1.0,0.625,0
ACC-003530,"Hill, Lee and Bennett",Real Estate,1-50,0.656,tech_refresh,59,False,1.0,0.7961,1
ACC-003531,Price Group,Manufacturing,1-50,0.511,compliance_mandate,16,False,1.0,0.6616,1
ACC-003532,Carrillo Group,Retail,1-50,0.394,none,13,False,1.0,0.2129,0
ACC-003533,Carter-Ford,Legal,201-1000,0.677,compliance_mandate,4,True,1.0,0.883,1
ACC-003534,Murphy-Larson,Financial Services,201-1000,0.895,none,32,False,1.0,0.659,1
ACC-003535,"Miller, Burns and Simon",Financial Services,5000+,0.954,none,27,False,1.0,0.9149,1
ACC-003536,Powers Group,Manufacturing,1001-5000,0.118,leadership_change,4,False,0.0,,0
ACC-003537,"Choi, Lopez and Schmidt",Retail,1-50,0.368,none,17,False,1.0,0.556,0
ACC-003538,Thomas and Sons,Manufacturing,51-200,0.455,none,12,False,1.0,0.4774,0
ACC-003539,Walton Group,Legal,1001-5000,0.893,leadership_change,17,True,1.0,0.6418,1
ACC-003540,White Inc,Legal,1-50,0.972,compliance_mandate,7,False,0.0,0.9139,0
ACC-003541,Ward Group,Real Estate,1-50,0.888,tech_refresh,12,False,0.0,0.3911,0
ACC-003542,"Lloyd, Watkins and White",Manufacturing,1-50,0.268,tech_refresh,4,False,1.0,0.8527,0
ACC-003543,Jensen-Price,Financial Services,1-50,1.0,funding_round,52,False,1.0,0.913,1
ACC-003544,"Campbell, Green and White",Technology,1001-5000,0.417,none,31,True,1.0,0.3682,0
ACC-003545,Bonilla-Jones,Healthcare,51-200,0.52,none,8,False,1.0,0.6689,1
ACC-003546,Mason and Sons,Government,201-1000,0.598,leadership_change,23,False,1.0,0.5424,1
ACC-003547,Dillon and Sons,Insurance,1-50,0.877,funding_round,9,False,1.0,0.8568,1
ACC-003548,"Arias, Morse and Lee",Manufacturing,1-50,0.493,funding_round,5,False,1.0,0.6546,0
ACC-003549,Ayers-Pitts,Manufacturing,51-200,0.381,none,0,False,1.0,0.6047,0
ACC-003550,"Bennett, Evans and Gallagher",Legal,1-50,0.917,compliance_mandate,7,False,1.0,0.823,1
ACC-003551,"Brock, Buchanan and Lawson",Legal,51-200,1.0,compliance_mandate,7,False,1.0,0.7713,1
ACC-003552,"Reese, Carter and Beard",Real Estate,51-200,0.817,none,0,False,1.0,0.7164,1
ACC-003553,"Brown, Smith and Cole",Legal,201-1000,0.765,none,39,False,1.0,0.8809,1
ACC-003554,"Wilson, Steele and Sullivan",Government,51-200,0.669,none,17,True,1.0,0.5955,1
ACC-003555,Vargas-Marsh,Insurance,1-50,0.565,funding_round,29,False,1.0,0.4418,1
ACC-003556,"Tran, Zimmerman and Craig",Financial Services,201-1000,0.91,leadership_change,8,False,0.0,,0
ACC-003557,"Spence, Harper and Wright",Legal,51-200,0.924,none,10,False,1.0,0.8453,1
ACC-003558,Perry Ltd,Real Estate,201-1000,0.878,funding_round,80,False,1.0,0.895,1
ACC-003559,Jones-Elliott,Technology,1001-5000,0.272,none,79,True,1.0,0.6855,0
ACC-003560,Li-Bradford,Real Estate,1-50,0.769,funding_round,0,True,1.0,0.8973,1
ACC-003561,Tucker PLC,Healthcare,51-200,0.718,none,25,False,1.0,0.6619,1
ACC-003562,Davis-Mcknight,Real Estate,1-50,0.812,none,12,False,1.0,0.4874,1
ACC-003563,Joseph-Summers,Retail,1001-5000,0.521,none,8,False,1.0,0.622,1
ACC-003564,Hunt-Choi,Financial Services,1-50,0.66,none,71,True,1.0,0.8637,1
ACC-003565,Cooper-Fowler,Insurance,201-1000,0.882,none,16,False,1.0,0.7078,1
ACC-003566,Nunez-Tucker,Insurance,1-50,0.888,none,21,True,1.0,0.4631,1
ACC-003567,"Buchanan, Little and Benson",Retail,51-200,0.429,tech_refresh,23,True,1.0,0.8255,0
ACC-003568,Hale-Silva,Financial Services,1-50,0.815,none,43,False,1.0,0.7071,1
ACC-003569,Black-Gould,Retail,5000+,0.3,none,27,False,1.0,0.5967,0
ACC-003570,Moreno LLC,Healthcare,5000+,0.755,none,13,False,0.0,0.3102,0
ACC-003571,Duffy PLC,Manufacturing,5000+,0.46,none,61,False,1.0,0.7053,0
ACC-003572,Leon-Luna,Government,51-200,0.603,none,6,False,1.0,0.7031,1
ACC-003573,Scott Group,Insurance,5000+,0.689,tech_refresh,5,False,1.0,0.9074,1
ACC-003574,Thompson and Sons,Healthcare,201-1000,0.494,funding_round,52,False,1.0,0.6798,0
ACC-003575,"Stafford, Crosby and Miller",Manufacturing,1001-5000,0.544,none,68,False,1.0,0.4016,1
ACC-003576,Eaton-Poole,Retail,1-50,0.282,none,39,False,0.0,0.2194,0
ACC-003577,Brown and Sons,Insurance,1001-5000,1.0,compliance_mandate,15,False,1.0,0.8275,1
ACC-003578,Robinson Group,Real Estate,51-200,0.624,leadership_change,5,True,1.0,0.4063,1
ACC-003579,Griffin-Tucker,Manufacturing,201-1000,0.408,funding_round,2,False,0.0,0.2618,0
ACC-003580,Stevens-Ford,Retail,51-200,0.44,none,4,True,1.0,0.8343,0
ACC-003581,"Osborne, Baldwin and Campbell",Healthcare,51-200,0.707,none,1,False,1.0,0.6342,1
ACC-003582,Perry-Herring,Manufacturing,1001-5000,0.346,leadership_change,41,False,1.0,0.7668,0
ACC-003583,Martin Group,Retail,51-200,0.477,none,19,False,1.0,0.7584,0
ACC-003584,Green and Sons,Retail,1-50,0.415,tech_refresh,36,False,1.0,0.6957,0
ACC-003585,Hamilton-Orozco,Insurance,5000+,0.957,none,65,False,1.0,0.9329,1
ACC-003586,Miller-Brown,Legal,1-50,0.801,none,115,True,1.0,0.7591,1
ACC-003587,"Marquez, Rojas and Taylor",Government,5000+,0.415,compliance_mandate,85,False,1.0,0.7442,0
ACC-003588,"Williams, Prince and Wood",Healthcare,201-1000,0.486,funding_round,26,False,1.0,0.5411,0
ACC-003589,Jones-Rodriguez,Financial Services,5000+,0.819,none,5,False,1.0,0.6451,1
ACC-003590,Roberson-Hernandez,Insurance,51-200,0.849,none,1,False,1.0,0.4931,1
ACC-003591,Jordan-Cook,Insurance,201-1000,0.844,none,1,False,1.0,0.8109,1
ACC-003592,"Harris, Richardson and Adams",Manufacturing,1-50,0.575,tech_refresh,22,False,1.0,0.786,1
ACC-003593,Long LLC,Retail,51-200,0.232,leadership_change,31,True,0.0,,0
ACC-003594,"Hartman, Miller and Hoover",Real Estate,1-50,0.897,leadership_change,6,False,1.0,0.8971,1
ACC-003595,"Oneal, Anderson and Levy",Healthcare,5000+,0.793,funding_round,45,True,0.0,0.6731,0
ACC-003596,"Perez, Rivera and Mitchell",Insurance,1-50,0.658,compliance_mandate,5,True,1.0,0.7511,1
ACC-003597,Proctor Group,Retail,51-200,0.275,none,22,False,1.0,0.6292,0
ACC-003598,"Jones, Reed and Vargas",Insurance,51-200,0.657,none,54,False,1.0,0.6093,1
ACC-003599,"Ellis, Ramirez and Burton",Healthcare,201-1000,0.683,funding_round,12,False,0.0,0.7446,0
ACC-003600,Ellis and Sons,Real Estate,201-1000,0.91,compliance_mandate,92,False,1.0,0.7793,1
ACC-003601,Ramos-Coleman,Financial Services,1001-5000,0.815,none,115,False,1.0,0.8611,1
ACC-003602,"Hopkins, Lopez and Brown",Insurance,1-50,0.995,none,55,False,1.0,0.7223,1
ACC-003603,"Bell, Miller and Reed",Financial Services,201-1000,0.967,none,9,False,1.0,0.6636,1
ACC-003604,Wallace Ltd,Retail,1-50,0.028,none,15,False,1.0,0.5744,0
ACC-003605,Garrison-Miller,Technology,201-1000,0.541,compliance_mandate,20,True,1.0,0.9629,1
ACC-003606,"Smith, Hale and Nichols",Legal,51-200,0.723,none,88,False,1.0,0.9547,1
ACC-003607,"Kim, Parker and Phillips",Government,1-50,0.596,leadership_change,13,False,1.0,0.7739,1
ACC-003608,"Chambers, Rogers and Maddox",Manufacturing,51-200,0.349,none,12,False,1.0,0.3753,0
ACC-003609,"Soto, Olson and Martinez",Technology,1-50,0.455,none,20,False,0.0,0.0626,0
ACC-003610,"Garcia, Rivers and Watson",Retail,1-50,0.446,funding_round,21,False,1.0,0.6615,0
ACC-003611,Moore-Curry,Government,1001-5000,0.463,compliance_mandate,1,False,1.0,0.5489,0
ACC-003612,Rojas Ltd,Manufacturing,201-1000,0.731,compliance_mandate,1,True,0.0,0.2844,0
ACC-003613,"Smith, Moreno and Townsend",Insurance,1-50,0.916,funding_round,21,False,0.0,,0
ACC-003614,Liu PLC,Retail,1-50,0.149,tech_refresh,21,False,1.0,0.8873,0
ACC-003615,Hall-Allen,Technology,1-50,0.319,none,46,True,0.0,0.6229,0
ACC-003616,Davis Inc,Retail,201-1000,0.41,leadership_change,31,False,1.0,0.6609,0
ACC-003617,"Tran, Avery and Smith",Financial Services,51-200,0.94,none,6,False,1.0,0.8273,1
ACC-003618,Rice-Carlson,Legal,201-1000,0.813,none,7,True,1.0,0.7528,1
ACC-003619,Ray-Benton,Retail,1001-5000,0.361,none,29,True,1.0,0.515,0
ACC-003620,Carlson-Jones,Government,51-200,0.701,leadership_change,4,False,1.0,0.5831,1
ACC-003621,Duncan-Gray,Insurance,201-1000,0.726,none,112,False,1.0,0.5351,1
ACC-003622,Roth-Carey,Manufacturing,51-200,0.559,none,14,True,0.0,0.7009,0
ACC-003623,Fernandez Ltd,Real Estate,51-200,0.853,compliance_mandate,11,False,1.0,0.6868,1
ACC-003624,"Miller, Graham and Johnson",Healthcare,201-1000,0.85,none,76,True,1.0,0.8283,1
ACC-003625,Peterson-Dean,Retail,1-50,0.583,leadership_change,49,False,1.0,0.6687,1
ACC-003626,"Welch, Walters and Lee",Retail,1-50,0.416,none,7,False,1.0,0.5017,0
ACC-003627,"Carpenter, Watkins and Peterson",Retail,1-50,0.388,funding_round,38,True,1.0,0.5574,0
ACC-003628,"Ortega, Anderson and Richards",Government,201-1000,0.499,none,15,False,0.0,0.6238,0
ACC-003629,Mitchell PLC,Retail,51-200,0.695,compliance_mandate,21,False,1.0,0.7637,1
ACC-003630,Lewis Inc,Government,201-1000,0.711,compliance_mandate,25,True,1.0,0.7635,1
ACC-003631,"Smith, Henderson and Ramsey",Healthcare,51-200,0.662,none,45,True,1.0,0.7798,1
ACC-003632,"Nielsen, Lee and Brown",Technology,51-200,0.529,leadership_change,38,False,1.0,0.6475,1
ACC-003633,"Huffman, Young and Mccarthy",Healthcare,51-200,0.764,tech_refresh,11,False,1.0,0.6648,1
ACC-003634,Welch-Jones,Legal,201-1000,0.916,leadership_change,183,False,1.0,0.8232,1
ACC-003635,"Strickland, Mueller and Lopez",Legal,1-50,0.979,none,44,False,1.0,0.7407,1
ACC-003636,Mcguire-Price,Financial Services,51-200,0.888,funding_round,46,False,0.0,0.659,0
ACC-003637,Miller-Burns,Technology,201-1000,0.515,none,13,False,1.0,0.7986,1
ACC-003638,"Morrison, Rodriguez and Trujillo",Technology,1-50,0.501,compliance_mandate,26,False,1.0,0.766,1
ACC-003639,Collins-Brown,Legal,5000+,0.752,none,48,False,1.0,0.78,1
ACC-003640,"Riddle, Lopez and Odonnell",Real Estate,1-50,0.743,leadership_change,43,False,0.0,0.1131,0
ACC-003641,"Noble, Smith and Knight",Retail,201-1000,0.578,tech_refresh,0,False,1.0,0.7543,1
ACC-003642,"Fox, Benson and Ortiz",Government,1001-5000,0.59,compliance_mandate,16,False,0.0,,0
ACC-003643,Foster Inc,Real Estate,1-50,0.74,none,44,False,1.0,0.6143,1
ACC-003644,Chase PLC,Healthcare,1-50,0.815,none,8,False,1.0,0.5611,1
ACC-003645,Parks LLC,Manufacturing,1-50,0.403,funding_round,68,True,1.0,0.8733,0
ACC-003646,Jackson-Meyer,Financial Services,51-200,0.936,none,39,False,1.0,0.779,1
ACC-003647,Perez LLC,Healthcare,51-200,0.692,none,4,False,0.0,0.2227,0
ACC-003648,"Taylor, Andrews and Chan",Technology,1-50,0.65,leadership_change,2,False,1.0,0.6492,1
ACC-003649,"Vasquez, Wagner and Powers",Technology,1001-5000,0.603,tech_refresh,2,False,0.0,,0
ACC-003650,Sullivan-Cline,Financial Services,51-200,0.849,leadership_change,0,False,0.0,0.7825,0
ACC-003651,Houston-Christensen,Financial Services,201-1000,0.851,none,3,True,1.0,0.8577,1
ACC-003652,"Baker, Jackson and Brown",Healthcare,1-50,0.592,leadership_change,1,False,0.0,,0
ACC-003653,"Miller, Rodriguez and Rivera",Government,51-200,0.826,leadership_change,25,False,1.0,0.6325,1
ACC-003654,Hogan Group,Real Estate,201-1000,0.796,none,0,False,1.0,0.6132,1
ACC-003655,"Hickman, Burke and Watkins",Government,1-50,0.71,tech_refresh,5,False,1.0,0.7653,1
ACC-003656,Petty Inc,Technology,51-200,0.782,leadership_change,1,False,1.0,0.6116,1
ACC-003657,Hernandez Group,Retail,1-50,0.361,none,1,False,0.0,0.2966,0
ACC-003658,Fitzpatrick Group,Manufacturing,51-200,0.321,none,42,False,0.0,0.8785,0
ACC-003659,"Washington, Flores and Jones",Technology,51-200,0.602,none,39,False,1.0,0.6832,1
ACC-003660,Perez-Powers,Retail,1001-5000,0.365,none,17,False,1.0,0.344,0
ACC-003661,Marshall-Harvey,Technology,1001-5000,0.517,none,23,False,1.0,0.7099,1
ACC-003662,Padilla Group,Real Estate,201-1000,0.795,none,23,True,1.0,0.7575,1
ACC-003663,Lopez and Sons,Financial Services,51-200,0.74,compliance_mandate,3,False,1.0,0.8528,1
ACC-003664,Crawford-Copeland,Manufacturing,201-1000,0.351,none,2,False,1.0,0.6946,0
ACC-003665,Reynolds-Diaz,Insurance,51-200,0.54,none,1,True,1.0,0.8064,1
ACC-003666,Bailey-Carroll,Insurance,5000+,0.81,compliance_mandate,0,False,1.0,0.6133,1
ACC-003667,"Howard, Hart and Anderson",Healthcare,1001-5000,0.607,none,64,True,1.0,0.5263,1
ACC-003668,"Padilla, Mendez and Le",Financial Services,5000+,0.899,funding_round,9,False,1.0,0.6759,1
ACC-003669,Scott Inc,Financial Services,51-200,0.766,none,62,False,1.0,0.9304,1
ACC-003670,"Woodard, Rodriguez and Richardson",Financial Services,51-200,1.0,leadership_change,8,False,1.0,0.7606,1
ACC-003671,Chambers Group,Technology,51-200,0.431,tech_refresh,2,False,1.0,0.4578,0
ACC-003672,Romero-Jacobson,Legal,51-200,0.951,none,65,False,0.0,0.6624,0
ACC-003673,Vaughn-Gross,Technology,5000+,0.575,tech_refresh,9,False,0.0,0.4863,0
ACC-003674,Taylor Ltd,Manufacturing,201-1000,0.428,none,3,False,1.0,0.5998,0
ACC-003675,"Williamson, Lopez and Mccoy",Legal,51-200,1.0,leadership_change,30,True,1.0,0.8437,1
ACC-003676,Patton Group,Healthcare,51-200,0.685,none,67,False,1.0,0.3801,1
ACC-003677,"Washington, Mcneil and Hoffman",Financial Services,1001-5000,0.941,tech_refresh,21,False,1.0,0.6287,1
ACC-003678,"Harris, Wilkerson and Brandt",Legal,1-50,0.824,funding_round,19,False,1.0,0.8793,1
ACC-003679,Miller and Sons,Government,201-1000,0.587,none,70,False,1.0,0.5982,1
ACC-003680,"Caldwell, Clark and Fernandez",Financial Services,51-200,0.845,compliance_mandate,29,False,1.0,0.7295,1
ACC-003681,Patton-Garrett,Insurance,1-50,0.741,leadership_change,14,False,0.0,0.5975,0
ACC-003682,"Flynn, Watkins and Marshall",Retail,51-200,0.376,none,23,False,0.0,0.4491,0
ACC-003683,"Harris, Powell and Bowman",Healthcare,1001-5000,0.912,none,44,True,1.0,0.8876,1
ACC-003684,"Copeland, Powell and Roman",Financial Services,1001-5000,0.872,leadership_change,62,False,1.0,0.9158,1
ACC-003685,Mcgee Inc,Retail,51-200,0.235,none,5,False,1.0,0.4342,0
ACC-003686,Stewart-Turner,Manufacturing,1-50,0.528,none,45,False,0.0,0.1432,0
ACC-003687,"Guerrero, Tucker and Ellis",Retail,51-200,0.36,compliance_mandate,14,False,0.0,0.4021,0
ACC-003688,"Olsen, Stafford and Huynh",Financial Services,51-200,0.917,none,3,True,0.0,,0
ACC-003689,Davis-Hall,Manufacturing,51-200,0.514,tech_refresh,40,False,1.0,0.7126,1
ACC-003690,Lopez and Sons,Manufacturing,51-200,0.514,funding_round,53,False,0.0,0.0673,0
ACC-003691,"Clark, Wise and Knox",Manufacturing,1-50,0.378,compliance_mandate,6,False,1.0,0.7537,0
ACC-003692,Morris-Ross,Technology,5000+,0.422,none,69,False,0.0,0.3541,0
ACC-003693,Bailey LLC,Legal,201-1000,0.955,none,36,False,1.0,0.7013,1
ACC-003694,Keith Inc,Technology,1-50,0.691,none,24,False,1.0,0.6501,1
ACC-003695,Riddle Inc,Healthcare,1-50,0.555,tech_refresh,59,False,1.0,0.5885,1
ACC-003696,Roberts and Sons,Government,51-200,0.762,none,53,False,1.0,0.8264,1
ACC-003697,Lewis-Bradley,Healthcare,1-50,0.684,tech_refresh,83,False,1.0,0.5283,1
ACC-003698,Mcintosh-Jones,Healthcare,51-200,0.784,none,32,False,1.0,0.8016,1
ACC-003699,Kirby and Sons,Real Estate,51-200,0.881,none,5,False,0.0,,0
ACC-003700,Anderson Ltd,Retail,1-50,0.577,funding_round,10,False,1.0,0.7222,1
ACC-003701,Dixon-Leonard,Government,5000+,0.409,none,3,False,0.0,0.6823,0
ACC-003702,Bates-Bryant,Insurance,201-1000,0.692,leadership_change,6,False,1.0,0.5481,1
ACC-003703,Richardson-Brooks,Healthcare,5000+,0.474,none,35,False,1.0,0.4226,0
ACC-003704,"Haas, Parks and Sullivan",Government,51-200,0.514,funding_round,18,False,1.0,0.5258,1
ACC-003705,Thompson Inc,Healthcare,1-50,0.424,leadership_change,29,True,1.0,0.7492,0
ACC-003706,"Harper, Garcia and Cross",Government,201-1000,0.685,none,10,False,0.0,0.7147,0
ACC-003707,"Johnson, Adams and Kelley",Legal,1-50,1.0,leadership_change,3,True,1.0,0.7588,1
ACC-003708,Harper LLC,Government,1-50,0.5,none,6,False,0.0,,0
ACC-003709,Roberts Group,Manufacturing,5000+,0.509,funding_round,70,False,1.0,0.7488,1
ACC-003710,Stephens Group,Manufacturing,51-200,0.426,tech_refresh,0,False,1.0,0.5555,0
ACC-003711,"Moreno, Roth and Donovan",Government,51-200,0.465,none,10,True,1.0,0.6316,0
ACC-003712,Thomas-Ochoa,Government,201-1000,0.316,none,5,False,1.0,0.4094,0
ACC-003713,Allen Inc,Insurance,1-50,0.982,tech_refresh,14,False,1.0,0.7873,1
ACC-003714,Moore-Stevens,Government,201-1000,0.458,leadership_change,8,True,1.0,0.8146,0
ACC-003715,Allen Ltd,Real Estate,1-50,0.604,leadership_change,11,False,1.0,0.8785,1
ACC-003716,Smith Ltd,Retail,51-200,0.307,none,17,True,1.0,0.8332,0
ACC-003717,"Waters, Cuevas and Mclaughlin",Technology,1-50,0.476,none,34,False,1.0,0.9192,0
ACC-003718,Gomez-Gonzales,Financial Services,51-200,0.89,none,50,False,1.0,0.7983,1
ACC-003719,Owen-Smith,Manufacturing,51-200,0.398,none,18,False,1.0,0.6412,0
ACC-003720,"Macias, Moore and Powell",Retail,51-200,0.701,leadership_change,30,True,1.0,0.705,1
ACC-003721,Cooke Ltd,Manufacturing,201-1000,0.369,none,24,False,0.0,0.26,0
ACC-003722,Moore-Ray,Healthcare,1001-5000,0.961,tech_refresh,8,False,1.0,0.6663,1
ACC-003723,"Buchanan, Stone and Valencia",Insurance,201-1000,0.72,tech_refresh,1,False,1.0,0.6002,1
ACC-003724,Faulkner LLC,Real Estate,1001-5000,0.825,funding_round,12,False,1.0,0.8078,1
ACC-003725,"Williams, Smith and Wells",Retail,201-1000,0.381,leadership_change,1,False,1.0,0.5417,0
ACC-003726,"Graham, Mendoza and Mcdaniel",Financial Services,51-200,0.698,none,26,True,1.0,0.8001,1
ACC-003727,Hayes-Roy,Insurance,1-50,0.869,funding_round,58,False,1.0,0.6137,1
ACC-003728,"Pearson, Weiss and Mason",Healthcare,5000+,0.759,tech_refresh,79,False,0.0,0.4822,0
ACC-003729,"Martin, Hansen and Williams",Real Estate,201-1000,0.853,compliance_mandate,35,True,1.0,0.9035,1
ACC-003730,Gomez LLC,Legal,201-1000,1.0,none,32,False,1.0,0.9163,1
ACC-003731,"Singh, Lopez and Bradley",Insurance,201-1000,0.845,none,68,False,0.0,0.4044,0
ACC-003732,Gonzales-Barker,Healthcare,1-50,0.451,none,2,False,1.0,0.5766,0
ACC-003733,Brown LLC,Financial Services,201-1000,0.901,none,84,False,1.0,0.496,1
ACC-003734,Khan-Downs,Manufacturing,1-50,0.638,compliance_mandate,22,False,0.0,0.2352,0
ACC-003735,Krueger Ltd,Government,201-1000,0.742,leadership_change,18,False,1.0,0.8234,1
ACC-003736,Nguyen Group,Manufacturing,1-50,0.469,none,70,True,1.0,0.7953,0
ACC-003737,Stanton-Heath,Insurance,201-1000,0.737,none,44,True,0.0,,0
ACC-003738,Welch PLC,Legal,201-1000,0.974,compliance_mandate,62,False,1.0,0.7572,1
ACC-003739,"Terry, Escobar and Coleman",Manufacturing,1-50,0.156,compliance_mandate,11,False,1.0,0.3942,0
ACC-003740,White and Sons,Insurance,5000+,0.874,none,3,False,0.0,0.6044,0
ACC-003741,"Elliott, Barnes and Ellis",Healthcare,1-50,0.654,compliance_mandate,160,False,1.0,0.918,1
ACC-003742,Fleming Ltd,Financial Services,51-200,0.818,none,49,False,1.0,0.8857,1
ACC-003743,Mercado-Bailey,Insurance,51-200,0.583,none,42,False,0.0,0.4048,0
ACC-003744,"Garcia, Harper and Mora",Retail,51-200,0.187,none,96,False,0.0,0.2296,0
ACC-003745,Gross-Lucas,Legal,1001-5000,0.89,none,5,False,0.0,0.7959,0
ACC-003746,Francis-Thomas,Real Estate,51-200,0.77,none,49,False,0.0,,0
ACC-003747,Hicks LLC,Healthcare,5000+,0.644,tech_refresh,4,True,0.0,0.3835,0
ACC-003748,Rose-Torres,Legal,1001-5000,0.84,none,87,False,1.0,0.8718,1
ACC-003749,Gardner-Hansen,Retail,201-1000,0.316,leadership_change,40,False,0.0,0.3822,0
ACC-003750,Tyler-Fisher,Manufacturing,201-1000,0.368,none,22,False,0.0,0.5089,0
ACC-003751,"Young, Sanchez and Nelson",Healthcare,1001-5000,0.911,tech_refresh,11,True,1.0,0.7372,1
ACC-003752,Hicks Ltd,Legal,51-200,0.843,leadership_change,36,False,1.0,0.7751,1
ACC-003753,"King, Frederick and Hawkins",Healthcare,1001-5000,0.498,none,1,False,1.0,0.8698,0
ACC-003754,Clark-Martinez,Financial Services,51-200,0.952,funding_round,34,True,1.0,0.8679,1
ACC-003755,Lopez-Barr,Manufacturing,1-50,0.443,compliance_mandate,20,False,1.0,0.8351,0
ACC-003756,Hatfield-Hartman,Insurance,51-200,0.805,none,2,True,1.0,0.7698,1
ACC-003757,Kelly-Stewart,Retail,51-200,0.463,none,7,True,1.0,0.6966,0
ACC-003758,"Cox, Hughes and Garcia",Retail,1-50,0.378,none,41,False,0.0,0.0883,0
ACC-003759,"Haynes, Allen and Rich",Legal,51-200,1.0,funding_round,20,False,1.0,0.5572,1
ACC-003760,Davis Group,Technology,201-1000,0.664,leadership_change,1,False,1.0,0.4475,1
ACC-003761,Perez Ltd,Insurance,51-200,1.0,none,9,False,1.0,0.5295,1
ACC-003762,Farley LLC,Financial Services,1-50,0.939,compliance_mandate,6,False,1.0,0.4596,1
ACC-003763,Sanders-Wright,Manufacturing,51-200,0.296,funding_round,0,False,1.0,0.6147,0
ACC-003764,Perez-Rodriguez,Technology,1-50,0.459,none,1,False,1.0,0.5698,0
ACC-003765,Bryan LLC,Technology,1001-5000,0.346,leadership_change,0,False,1.0,0.5338,0
ACC-003766,Palmer-Lang,Financial Services,201-1000,0.829,none,58,True,1.0,0.7895,1
ACC-003767,"Davis, Phelps and Hodge",Technology,1-50,0.51,funding_round,0,False,1.0,0.7727,1
ACC-003768,Turner and Sons,Technology,201-1000,0.511,none,14,False,0.0,0.2468,0
ACC-003769,Barker and Sons,Real Estate,1-50,0.855,compliance_mandate,65,False,1.0,0.8221,1
ACC-003770,Johnson Group,Technology,201-1000,0.493,tech_refresh,6,False,1.0,0.6009,0
ACC-003771,Underwood Ltd,Technology,1001-5000,0.699,tech_refresh,53,False,1.0,0.7818,1
ACC-003772,"Burns, Perry and Taylor",Technology,51-200,0.538,none,2,False,1.0,0.8931,1
ACC-003773,Odom-Tran,Technology,1001-5000,0.329,none,16,False,1.0,0.7088,0
ACC-003774,Sanchez LLC,Real Estate,51-200,0.962,compliance_mandate,49,False,1.0,0.8943,1
ACC-003775,"Guerrero, Hudson and Robertson",Financial Services,51-200,0.707,leadership_change,19,False,1.0,0.7295,1
ACC-003776,Bowers-Duncan,Insurance,1-50,0.709,tech_refresh,8,False,0.0,,0
ACC-003777,Moore Ltd,Real Estate,51-200,1.0,leadership_change,2,False,1.0,0.7782,1
ACC-003778,Howell-Lee,Real Estate,201-1000,0.878,leadership_change,134,False,1.0,0.4664,1
ACC-003779,Salinas and Sons,Technology,51-200,0.597,leadership_change,7,False,1.0,0.6947,1
ACC-003780,Oconnor-Moreno,Government,1-50,0.59,none,23,False,0.0,0.7431,0
ACC-003781,"Whitaker, Warner and Olson",Healthcare,201-1000,0.736,leadership_change,17,False,1.0,0.7699,1
ACC-003782,"Mitchell, Ali and Castillo",Government,201-1000,0.763,none,8,False,0.0,0.5398,0
ACC-003783,Phillips-Miranda,Retail,51-200,0.39,funding_round,22,False,1.0,0.8706,0
ACC-003784,Morris-Wilson,Government,1001-5000,0.678,none,196,False,1.0,0.7071,1
ACC-003785,Reed-Cardenas,Legal,1-50,0.827,tech_refresh,12,False,1.0,0.8768,1
ACC-003786,Mason LLC,Technology,51-200,0.586,leadership_change,40,False,1.0,0.4918,1
ACC-003787,Rose-Liu,Technology,1-50,0.517,funding_round,2,False,1.0,0.6203,1
ACC-003788,Butler-Banks,Healthcare,1-50,0.539,none,13,False,1.0,0.7149,1
ACC-003789,Carlson and Sons,Retail,1-50,0.411,leadership_change,33,False,1.0,0.6531,0
ACC-003790,"Jones, Benjamin and Kline",Retail,1-50,0.47,none,35,False,1.0,0.7201,0
ACC-003791,Long-Wiggins,Healthcare,1-50,0.449,compliance_mandate,13,False,0.0,0.5623,0
ACC-003792,"Flores, Wood and Johnson",Financial Services,5000+,0.767,none,15,False,1.0,0.9118,1
ACC-003793,Davis Ltd,Financial Services,201-1000,0.837,none,10,False,0.0,0.2323,0
ACC-003794,"Davis, Morgan and Davis",Real Estate,1-50,0.6,compliance_mandate,1,True,0.0,0.7168,0
ACC-003795,Ramirez-Edwards,Insurance,51-200,0.696,leadership_change,34,False,0.0,0.6734,0
ACC-003796,Spencer-Harris,Government,1-50,0.749,funding_round,20,False,1.0,0.4676,1
ACC-003797,Thomas-Gay,Retail,1-50,0.549,none,8,False,0.0,0.5733,0
ACC-003798,Weaver-Jackson,Financial Services,201-1000,0.976,none,72,False,1.0,0.838,1
ACC-003799,White and Sons,Technology,1001-5000,0.642,none,66,True,0.0,,0
ACC-003800,"Bailey, Reynolds and Brown",Government,201-1000,0.547,tech_refresh,15,False,1.0,0.8759,1
ACC-003801,Bridges Ltd,Healthcare,1-50,0.577,funding_round,6,False,1.0,0.6627,1
ACC-003802,"Hughes, Peterson and Martinez",Manufacturing,1-50,0.269,none,4,False,1.0,0.5797,0
ACC-003803,Phillips-Trujillo,Manufacturing,1-50,0.424,none,52,False,0.0,0.4615,0
ACC-003804,Moore-Arnold,Financial Services,201-1000,0.835,none,0,False,1.0,0.7324,1
ACC-003805,Ramirez-Hayes,Government,51-200,0.51,funding_round,26,False,1.0,0.5848,1
ACC-003806,Roberts-Pope,Retail,5000+,0.072,tech_refresh,6,False,1.0,0.7351,0
ACC-003807,Garcia-Sandoval,Healthcare,1001-5000,0.711,compliance_mandate,5,True,1.0,0.946,1
ACC-003808,Montoya Inc,Government,201-1000,0.619,none,49,False,1.0,0.9002,1
ACC-003809,"Rogers, Howard and Wilson",Real Estate,1-50,0.758,none,34,False,1.0,0.626,1
ACC-003810,"Burch, Daugherty and George",Technology,1-50,0.468,none,14,True,1.0,0.6559,0
ACC-003811,"Lee, Mendoza and Wright",Insurance,1-50,0.85,none,11,False,0.0,0.6521,0
ACC-003812,Gibson PLC,Healthcare,1-50,0.643,none,31,True,1.0,0.8551,1
ACC-003813,"Summers, Jones and Dean",Government,1001-5000,0.568,compliance_mandate,77,True,1.0,0.8779,1
ACC-003814,"Neal, Mccormick and Figueroa",Real Estate,1-50,0.765,none,8,False,1.0,0.7141,1
ACC-003815,Wagner-Green,Retail,51-200,0.389,tech_refresh,70,False,0.0,0.5001,0
ACC-003816,Wong Group,Technology,1-50,0.707,none,186,False,1.0,0.6534,1
ACC-003817,Jackson Inc,Technology,201-1000,0.488,none,85,False,1.0,0.7196,0
ACC-003818,"Anderson, Griffin and Dunlap",Real Estate,51-200,0.666,leadership_change,55,True,1.0,0.8381,1
ACC-003819,Holmes and Sons,Insurance,201-1000,0.863,none,1,False,1.0,0.6454,1
ACC-003820,Ramsey-Cruz,Technology,1-50,0.512,leadership_change,26,True,1.0,0.522,1
ACC-003821,"Kim, Chan and Smith",Retail,1-50,0.361,tech_refresh,7,True,1.0,0.8528,0
ACC-003822,"Lynn, Palmer and Harrington",Real Estate,1-50,0.851,none,16,False,1.0,0.8893,1
ACC-003823,Davidson-Martin,Technology,51-200,0.473,none,2,False,1.0,0.7027,0
ACC-003824,Cameron Group,Healthcare,51-200,0.723,none,83,True,1.0,0.6639,1
ACC-003825,Weber-Walsh,Technology,51-200,0.621,leadership_change,251,False,1.0,0.7705,1
ACC-003826,"Gonzalez, Jensen and Richardson",Healthcare,1-50,0.634,compliance_mandate,42,False,1.0,0.8025,1
ACC-003827,Wise-Williams,Government,1-50,0.686,tech_refresh,12,False,1.0,0.8498,1
ACC-003828,Johnson and Sons,Healthcare,51-200,0.829,none,30,False,1.0,0.7551,1
ACC-003829,"Cox, Morrison and Frazier",Technology,201-1000,0.651,tech_refresh,10,False,1.0,0.605,1
ACC-003830,Howe LLC,Government,1001-5000,0.504,none,17,True,0.0,0.2479,0
ACC-003831,"Williams, Jones and Riley",Insurance,1-50,0.724,compliance_mandate,8,False,1.0,0.6484,1
ACC-003832,Carpenter Ltd,Legal,1-50,0.846,none,46,False,0.0,0.5311,0
ACC-003833,"Lane, Duarte and Rodriguez",Insurance,1-50,0.7,compliance_mandate,22,True,1.0,0.5469,1
ACC-003834,Romero-Bryant,Real Estate,201-1000,0.914,none,26,False,1.0,0.872,1
ACC-003835,"Davis, Brown and Miller",Financial Services,51-200,1.0,none,39,False,1.0,0.8381,1
ACC-003836,Welch Inc,Manufacturing,1-50,0.541,none,66,False,0.0,0.516,0
ACC-003837,Powell-Dunn,Manufacturing,1001-5000,0.44,compliance_mandate,2,False,0.0,0.5533,0
ACC-003838,"Butler, Andrews and Price",Technology,51-200,0.34,funding_round,39,False,1.0,0.8704,0
ACC-003839,Callahan and Sons,Retail,51-200,0.439,none,19,False,1.0,0.6578,0
ACC-003840,Wright and Sons,Government,201-1000,0.616,none,59,True,1.0,0.6386,1
ACC-003841,"Roberts, Gonzales and Beard",Manufacturing,5000+,0.526,compliance_mandate,56,False,1.0,0.5826,1
ACC-003842,"Hernandez, Turner and Lin",Technology,1001-5000,0.615,compliance_mandate,11,False,1.0,0.6606,1
ACC-003843,Ortiz-Burns,Technology,51-200,0.626,none,11,False,0.0,0.2912,0
ACC-003844,"Holden, Wang and Rose",Technology,1-50,0.754,funding_round,32,False,1.0,0.8042,1
ACC-003845,"Faulkner, Stevens and Sanchez",Real Estate,1-50,0.761,compliance_mandate,8,True,1.0,0.9082,1
ACC-003846,"Hicks, Perry and Nichols",Healthcare,1-50,0.729,leadership_change,48,False,1.0,0.5191,1
ACC-003847,Mitchell-Carr,Financial Services,1001-5000,0.557,none,21,False,1.0,0.5807,1
ACC-003848,"Wilkinson, Gibson and Kelly",Financial Services,51-200,0.775,none,37,False,1.0,0.758,1
ACC-003849,Bell-Greene,Technology,5000+,0.596,none,22,False,1.0,0.5122,1
ACC-003850,Flores and Sons,Retail,1-50,0.46,none,5,False,1.0,0.8128,0
ACC-003851,Wilcox Group,Manufacturing,201-1000,0.391,none,25,False,1.0,0.3797,0
ACC-003852,"Flores, Turner and Nelson",Real Estate,1-50,0.783,none,2,False,1.0,0.3037,1
ACC-003853,Ferguson-Hooper,Healthcare,1001-5000,0.438,funding_round,21,False,0.0,0.856,0
ACC-003854,Medina LLC,Healthcare,1-50,0.604,none,39,False,1.0,0.5386,1
ACC-003855,"Morris, Torres and Chapman",Technology,51-200,0.621,leadership_change,149,False,1.0,0.6745,1
ACC-003856,"Cortez, Rodriguez and Hernandez",Healthcare,51-200,0.597,leadership_change,20,False,1.0,0.9177,1
ACC-003857,"Bryan, Daniels and Brown",Insurance,5000+,0.88,none,43,False,1.0,0.7454,1
ACC-003858,Novak-Miles,Retail,1-50,0.328,tech_refresh,3,False,0.0,0.1039,0
ACC-003859,Campbell Inc,Manufacturing,1001-5000,0.318,none,14,False,1.0,0.7888,0
ACC-003860,"Garrett, Owens and Roman",Healthcare,1-50,0.652,none,1,False,1.0,0.7175,1
ACC-003861,Carter LLC,Technology,1-50,0.51,leadership_change,32,True,0.0,,0
ACC-003862,"Mejia, Diaz and Jackson",Healthcare,201-1000,0.673,none,0,False,1.0,0.9283,1
ACC-003863,Ortiz Inc,Manufacturing,51-200,0.389,compliance_mandate,46,False,0.0,0.6005,0
ACC-003864,"Maynard, Huerta and Parker",Healthcare,1-50,0.88,compliance_mandate,16,False,1.0,0.4347,1
ACC-003865,Norton Inc,Retail,1-50,0.23,leadership_change,195,False,0.0,0.6865,0
ACC-003866,"Boyd, Small and Howard",Financial Services,51-200,0.805,tech_refresh,18,False,1.0,0.4517,1
ACC-003867,Roberts-Snyder,Financial Services,1-50,0.667,none,21,False,1.0,0.5943,1
ACC-003868,Cohen Ltd,Manufacturing,1-50,0.365,funding_round,60,False,1.0,0.7439,0
ACC-003869,Sherman-Greer,Legal,1-50,0.819,none,47,False,1.0,0.7803,1
ACC-003870,Hernandez-Reilly,Technology,1-50,0.715,funding_round,5,False,0.0,0.2338,0
ACC-003871,"Martinez, Flynn and Johnson",Insurance,51-200,0.721,none,84,False,0.0,0.7421,0
ACC-003872,White LLC,Technology,1-50,0.83,funding_round,12,False,0.0,,0
ACC-003873,Fuentes Inc,Real Estate,5000+,0.763,compliance_mandate,12,False,0.0,0.6709,0
ACC-003874,Thomas LLC,Technology,201-1000,0.597,none,22,False,1.0,0.7327,1
ACC-003875,Horne Group,Technology,5000+,0.437,tech_refresh,11,False,1.0,0.6987,0
ACC-003876,Schmidt and Sons,Insurance,1001-5000,0.733,funding_round,98,False,1.0,0.7301,1
ACC-003877,"Dixon, Greene and White",Real Estate,51-200,0.832,none,10,False,0.0,0.4499,0
ACC-003878,Stewart-Hughes,Legal,1-50,0.707,none,0,True,1.0,0.6702,1
ACC-003879,Clarke-Cooper,Financial Services,1-50,0.762,tech_refresh,30,False,1.0,0.8709,1
ACC-003880,Reed-Martinez,Manufacturing,1-50,0.382,tech_refresh,13,True,1.0,0.5068,0
ACC-003881,Jones Inc,Technology,201-1000,0.591,none,40,False,1.0,0.4608,1
ACC-003882,Jennings LLC,Technology,1001-5000,0.756,none,72,False,0.0,0.2733,0
ACC-003883,"Bryan, Elliott and Jennings",Healthcare,201-1000,0.633,funding_round,48,False,1.0,0.8144,1
ACC-003884,Mclaughlin-Atkinson,Healthcare,201-1000,0.662,leadership_change,15,False,1.0,0.4639,1
ACC-003885,"Williams, Cardenas and James",Real Estate,201-1000,0.804,none,16,False,1.0,0.7126,1
ACC-003886,Beard-Clements,Healthcare,51-200,0.829,none,23,True,1.0,0.8833,1
ACC-003887,Rogers LLC,Insurance,1001-5000,0.792,none,29,True,1.0,0.7137,1
ACC-003888,Gentry-Hicks,Manufacturing,51-200,0.556,funding_round,7,False,0.0,0.3425,0
ACC-003889,Collier and Sons,Technology,1001-5000,0.71,none,9,False,1.0,0.6016,1
ACC-003890,Hampton Inc,Manufacturing,1001-5000,0.347,tech_refresh,25,False,0.0,0.6249,0
ACC-003891,Schwartz and Sons,Real Estate,1-50,0.871,none,13,False,1.0,0.8465,1
ACC-003892,Flores-Miller,Financial Services,1-50,0.946,funding_round,23,False,1.0,0.4934,1
ACC-003893,"Nolan, Alexander and Harrington",Legal,1-50,0.788,tech_refresh,31,False,1.0,0.5179,1
ACC-003894,"Payne, Rocha and Davis",Retail,1001-5000,0.421,none,13,True,0.0,0.6391,0
ACC-003895,Lang Ltd,Real Estate,201-1000,0.605,none,19,True,1.0,0.7299,1
ACC-003896,"Acosta, Davis and Austin",Insurance,1001-5000,0.779,leadership_change,1,False,0.0,0.2404,0
ACC-003897,Armstrong and Sons,Retail,51-200,0.572,none,72,True,0.0,,0
ACC-003898,"Bowers, Johnson and Parsons",Government,1001-5000,0.563,none,11,False,1.0,0.6809,1
ACC-003899,Anderson-Contreras,Technology,1-50,0.593,none,1,False,1.0,0.6571,1
ACC-003900,Howe Ltd,Manufacturing,51-200,0.604,funding_round,46,True,1.0,0.6717,1
ACC-003901,Escobar PLC,Government,1-50,0.692,leadership_change,14,False,1.0,0.6909,1
ACC-003902,Garza LLC,Healthcare,51-200,0.398,none,10,False,1.0,0.9297,0
ACC-003903,Phillips-Sanchez,Real Estate,1001-5000,0.928,none,46,False,0.0,0.4395,0
ACC-003904,Medina-Riggs,Legal,51-200,0.69,none,118,False,1.0,0.4252,1
ACC-003905,Frederick-Rodriguez,Government,201-1000,0.693,none,4,False,1.0,0.774,1
ACC-003906,Hall LLC,Healthcare,1001-5000,0.432,leadership_change,12,False,1.0,0.8819,0
ACC-003907,Myers-Bryant,Government,51-200,0.685,none,82,False,1.0,0.6552,1
ACC-003908,"Lopez, Dodson and Collins",Real Estate,1-50,1.0,leadership_change,15,True,1.0,0.863,1
ACC-003909,Brooks Inc,Technology,1001-5000,0.505,compliance_mandate,18,False,1.0,0.7326,1
ACC-003910,Bell-Garcia,Government,51-200,0.638,none,4,False,1.0,0.5927,1
ACC-003911,Sanchez-Hogan,Retail,1001-5000,0.458,none,30,False,0.0,0.6133,0
ACC-003912,Wiggins-Bailey,Healthcare,1001-5000,0.717,leadership_change,27,False,1.0,0.8074,1
ACC-003913,Best Group,Financial Services,1001-5000,0.834,none,83,False,1.0,0.6327,1
ACC-003914,"Reilly, Butler and Palmer",Government,1-50,0.629,tech_refresh,19,False,1.0,0.8069,1
ACC-003915,Bass Ltd,Financial Services,1-50,0.906,none,38,False,0.0,0.1378,0
ACC-003916,Potter-Black,Insurance,201-1000,0.779,tech_refresh,56,False,1.0,0.5648,1
ACC-003917,Hernandez-Wyatt,Government,1-50,0.628,tech_refresh,110,False,1.0,0.4574,1
ACC-003918,"Kennedy, English and Parsons",Real Estate,1001-5000,0.677,tech_refresh,2,True,1.0,0.5841,1
ACC-003919,Bryant PLC,Technology,201-1000,0.597,none,13,False,1.0,0.7981,1
ACC-003920,"Reed, Phillips and David",Government,5000+,0.403,none,6,False,1.0,0.5916,0
ACC-003921,Jackson Inc,Manufacturing,1-50,0.449,none,14,False,1.0,0.8467,0
ACC-003922,"Davis, Robbins and Green",Manufacturing,51-200,0.429,leadership_change,71,False,0.0,0.6734,0
ACC-003923,Martinez-Gomez,Technology,1-50,0.488,compliance_mandate,77,False,1.0,0.7432,0
ACC-003924,Pierce PLC,Technology,201-1000,0.422,none,2,False,1.0,0.7638,0
ACC-003925,Dodson Group,Technology,201-1000,0.592,none,7,False,1.0,0.7515,1
ACC-003926,Blanchard-Black,Financial Services,1-50,0.573,leadership_change,1,False,1.0,0.5389,1
ACC-003927,Bonilla LLC,Government,51-200,0.469,leadership_change,3,False,1.0,0.9145,0
ACC-003928,Jackson and Sons,Healthcare,51-200,0.773,none,34,True,0.0,0.4572,0
ACC-003929,"Gardner, Collins and Fitzpatrick",Manufacturing,5000+,0.408,funding_round,1,False,1.0,0.3126,0
ACC-003930,Wright-Crawford,Insurance,1-50,0.798,none,73,False,1.0,0.4848,1
ACC-003931,"Castaneda, Johnson and Martin",Healthcare,1-50,0.605,funding_round,3,False,0.0,0.2645,0
ACC-003932,Tucker PLC,Financial Services,51-200,0.992,funding_round,16,False,1.0,0.8378,1
ACC-003933,Moody-Walker,Technology,51-200,0.525,leadership_change,196,True,1.0,0.6485,1
ACC-003934,Patton-Herrera,Manufacturing,1-50,0.416,tech_refresh,49,True,0.0,0.8485,0
ACC-003935,Herring-Taylor,Healthcare,51-200,0.784,compliance_mandate,109,True,1.0,0.7143,1
ACC-003936,"Smith, Adams and Gill",Financial Services,5000+,0.914,compliance_mandate,17,False,0.0,0.6466,0
ACC-003937,Johnson-Lee,Real Estate,201-1000,0.772,compliance_mandate,53,False,1.0,0.7936,1
ACC-003938,"Rodriguez, Clark and Petty",Legal,201-1000,0.805,none,27,True,1.0,0.9682,1
ACC-003939,Adams LLC,Technology,1001-5000,0.622,none,6,False,1.0,0.587,1
ACC-003940,Anderson PLC,Real Estate,51-200,1.0,compliance_mandate,24,False,1.0,0.8255,1
ACC-003941,"Smith, Thomas and Clark",Retail,1001-5000,0.263,none,37,True,0.0,0.5487,0
ACC-003942,Montoya Ltd,Government,51-200,0.543,tech_refresh,26,False,1.0,0.4558,1
ACC-003943,Phillips and Sons,Government,5000+,0.702,compliance_mandate,6,True,1.0,0.7677,1
ACC-003944,"Baker, White and Robles",Technology,1001-5000,0.623,none,11,False,1.0,0.7272,1
ACC-003945,Walters-Collins,Retail,201-1000,0.436,funding_round,80,False,0.0,,0
ACC-003946,Foster-Gonzalez,Manufacturing,1-50,0.357,none,4,False,1.0,0.6111,0
ACC-003947,Payne-Holmes,Insurance,5000+,0.745,none,100,False,1.0,0.5562,1
ACC-003948,Woods Group,Healthcare,1-50,0.579,none,35,False,1.0,0.8601,1
ACC-003949,Fowler and Sons,Technology,51-200,0.522,leadership_change,2,True,0.0,0.1596,0
ACC-003950,Santos-Kramer,Healthcare,1-50,0.631,none,66,False,1.0,0.5212,1
ACC-003951,Mays-Shields,Government,51-200,0.642,none,6,False,0.0,0.2903,0
ACC-003952,"Garcia, Jensen and Villanueva",Retail,51-200,0.215,leadership_change,8,False,1.0,0.5253,0
ACC-003953,Johnson-Brown,Insurance,5000+,0.639,none,30,False,1.0,0.6285,1
ACC-003954,"Roy, Strong and Perez",Technology,1-50,0.286,none,91,False,0.0,,0
ACC-003955,Martinez Group,Manufacturing,1-50,0.3,none,64,False,1.0,0.2394,0
ACC-003956,Ware-Willis,Healthcare,1-50,0.697,none,7,True,0.0,0.2411,0
ACC-003957,"Avila, Cisneros and Burnett",Real Estate,1001-5000,0.68,none,2,True,1.0,0.8744,1
ACC-003958,"Underwood, Watkins and Roberts",Legal,51-200,0.95,tech_refresh,52,True,0.0,0.3121,0
ACC-003959,"Hall, Holder and Cordova",Legal,1-50,0.855,none,21,True,0.0,0.7253,0
ACC-003960,Jones PLC,Retail,1-50,0.31,none,31,False,1.0,0.7244,0
ACC-003961,"Booker, Moyer and Palmer",Financial Services,51-200,1.0,none,18,False,0.0,,0
ACC-003962,Lopez-Weaver,Financial Services,51-200,0.808,leadership_change,4,False,1.0,0.5636,1
ACC-003963,"Oneal, Moody and Williams",Real Estate,5000+,1.0,compliance_mandate,18,False,1.0,0.7963,1
ACC-003964,Lynn-Rasmussen,Technology,1-50,0.632,none,2,False,1.0,0.7087,1
ACC-003965,Smith-Brown,Manufacturing,201-1000,0.783,none,0,False,1.0,0.8562,1
ACC-003966,"Rivera, Rios and Williams",Financial Services,201-1000,0.905,none,30,False,1.0,0.5082,1
ACC-003967,"Wallace, Lopez and Stanley",Insurance,51-200,0.773,none,26,False,1.0,0.5815,1
ACC-003968,"Collins, Washington and Anderson",Insurance,51-200,0.933,compliance_mandate,38,False,1.0,0.7666,1
ACC-003969,Ross Ltd,Real Estate,51-200,0.671,none,1,False,1.0,0.8641,1
ACC-003970,"Zimmerman, Miller and Nelson",Real Estate,51-200,0.799,leadership_change,36,False,0.0,,0
ACC-003971,"Sawyer, Morales and Wood",Financial Services,51-200,1.0,none,43,True,1.0,0.7111,1
ACC-003972,Bell LLC,Legal,1001-5000,1.0,leadership_change,18,False,1.0,0.7638,1
ACC-003973,"Hines, Morris and Stanley",Insurance,51-200,0.902,leadership_change,22,False,1.0,0.8607,1
ACC-003974,Williams Group,Retail,1-50,0.518,none,7,False,0.0,0.2146,0
ACC-003975,Joyce LLC,Government,201-1000,0.456,none,55,False,1.0,0.6565,0
ACC-003976,"Martin, Curtis and Robertson",Manufacturing,1001-5000,0.315,none,90,False,1.0,0.8039,0
ACC-003977,Fitzgerald-Reed,Insurance,51-200,0.613,none,2,True,1.0,0.8189,1
ACC-003978,"Williams, Beck and Madden",Healthcare,201-1000,0.555,compliance_mandate,24,False,1.0,0.529,1
ACC-003979,"Reese, Conley and Nguyen",Government,51-200,0.553,tech_refresh,13,True,1.0,0.3939,1
ACC-003980,Coleman Ltd,Legal,1-50,0.814,funding_round,7,False,1.0,0.401,1
ACC-003981,"Hunter, Brown and Logan",Government,51-200,0.646,leadership_change,32,False,1.0,0.6286,1
ACC-003982,Jones Group,Real Estate,1-50,0.674,leadership_change,20,False,0.0,0.6273,0
ACC-003983,West and Sons,Retail,5000+,0.206,funding_round,34,False,1.0,0.1398,0
ACC-003984,Martinez PLC,Financial Services,1-50,0.932,none,4,False,1.0,0.8225,1
ACC-003985,Brown and Sons,Government,201-1000,0.66,tech_refresh,29,False,1.0,0.7719,1
ACC-003986,"Stout, Riley and Bullock",Financial Services,1-50,1.0,tech_refresh,7,False,0.0,0.1432,0
ACC-003987,Garcia-Kent,Healthcare,51-200,0.703,compliance_mandate,90,False,1.0,0.6925,1
ACC-003988,Swanson-Johnson,Legal,1-50,0.808,none,4,False,0.0,0.6483,0
ACC-003989,Hardin Group,Insurance,1001-5000,0.833,none,116,False,1.0,0.4319,1
ACC-003990,"Cook, Smith and Miller",Retail,1-50,0.217,none,59,True,1.0,0.7901,0
ACC-003991,Lin-Walker,Legal,51-200,0.902,leadership_change,3,False,1.0,0.9388,1
ACC-003992,Hill-Gonzales,Legal,5000+,1.0,none,108,False,1.0,0.7605,1
ACC-003993,"Leonard, Smith and Branch",Manufacturing,1001-5000,0.391,none,3,False,1.0,0.5729,0
ACC-003994,Palmer Ltd,Healthcare,1-50,0.95,tech_refresh,43,False,0.0,0.3249,0
ACC-003995,Hernandez-Martin,Healthcare,1-50,0.602,none,14,False,1.0,0.4034,1
ACC-003996,"Walker, Lester and Cook",Insurance,201-1000,0.803,none,0,True,0.0,0.2872,0
ACC-003997,Garcia and Sons,Legal,1-50,0.944,funding_round,2,True,1.0,0.8898,1
ACC-003998,Cannon-Aguilar,Legal,1001-5000,0.993,none,26,True,0.0,0.4199,0
ACC-003999,Nguyen Ltd,Government,201-1000,0.696,leadership_change,0,False,0.0,0.5971,0
ACC-004000,"Mathis, Hernandez and Murray",Government,1001-5000,0.642,leadership_change,19,False,1.0,0.7089,1
ACC-004001,Morgan Inc,Legal,201-1000,0.881,none,13,False,1.0,0.8437,1
ACC-004002,Mccarty-Cherry,Manufacturing,1-50,0.356,none,32,True,1.0,0.589,0
ACC-004003,"Holmes, Thompson and Weaver",Manufacturing,201-1000,0.412,tech_refresh,28,False,0.0,0.4694,0
ACC-004004,Morales LLC,Financial Services,201-1000,0.74,none,53,True,1.0,0.927,1
ACC-004005,Stewart-Ware,Government,51-200,0.518,none,36,True,1.0,0.8361,1
ACC-004006,Fischer Inc,Retail,1001-5000,0.41,none,9,False,1.0,0.4565,0
ACC-004007,Mills-Taylor,Healthcare,201-1000,0.804,compliance_mandate,19,False,1.0,0.7568,1
ACC-004008,Stone-Warren,Retail,1001-5000,0.216,none,3,True,0.0,0.8606,0
ACC-004009,Merritt-Dixon,Manufacturing,51-200,0.287,leadership_change,99,False,1.0,0.5335,0
ACC-004010,Thompson-Lowery,Financial Services,201-1000,0.866,none,24,True,1.0,0.6969,1
ACC-004011,Chapman-Williams,Insurance,1-50,0.787,none,3,False,1.0,0.8037,1
ACC-004012,"Rice, Lopez and Shaw",Insurance,1001-5000,0.702,tech_refresh,18,False,0.0,,0
ACC-004013,"Benson, Ball and Cohen",Real Estate,51-200,0.814,none,15,False,1.0,0.6924,1
ACC-004014,Anderson-Hernandez,Manufacturing,1-50,0.553,none,12,False,1.0,0.6213,1
ACC-004015,Murphy-Cooley,Financial Services,51-200,1.0,compliance_mandate,8,False,1.0,0.8253,1
ACC-004016,"Olson, Lambert and Sullivan",Retail,1-50,0.331,none,90,False,1.0,0.7603,0
ACC-004017,"Brandt, Crosby and Ryan",Government,1-50,0.633,leadership_change,8,False,1.0,0.6511,1
ACC-004018,Martin Inc,Manufacturing,51-200,0.561,compliance_mandate,25,False,1.0,0.7655,1
ACC-004019,"Arnold, Weaver and Hicks",Government,201-1000,0.453,none,14,True,0.0,0.5842,0
ACC-004020,Franco and Sons,Real Estate,5000+,0.501,compliance_mandate,125,False,1.0,0.7147,1
ACC-004021,Love PLC,Manufacturing,201-1000,0.327,funding_round,43,False,1.0,0.3152,0
ACC-004022,Armstrong-Palmer,Real Estate,51-200,0.647,none,35,True,1.0,0.8352,1
ACC-004023,Roberts-Stevens,Real Estate,1001-5000,0.683,compliance_mandate,12,False,1.0,0.8293,1
ACC-004024,Jones-Rodriguez,Government,5000+,0.705,leadership_change,13,False,1.0,0.8319,1
ACC-004025,"Ortiz, Johnson and Burnett",Retail,51-200,0.42,compliance_mandate,38,False,1.0,0.6585,0
ACC-004026,Navarro-Brooks,Insurance,201-1000,0.829,none,182,False,1.0,0.69,1
ACC-004027,"Wilson, Perry and Wilson",Real Estate,201-1000,0.704,none,26,True,0.0,0.5635,0
ACC-004028,Phillips and Sons,Retail,1001-5000,0.282,none,31,False,0.0,0.606,0
ACC-004029,Gonzalez LLC,Manufacturing,1-50,0.438,none,34,False,1.0,0.7324,0
ACC-004030,Neal-Jacobs,Retail,51-200,0.389,none,52,False,1.0,0.636,0
ACC-004031,"Lewis, Hill and Ewing",Manufacturing,1-50,0.403,funding_round,9,False,1.0,0.4795,0
ACC-004032,"Lam, Campbell and Carroll",Technology,1001-5000,0.479,none,31,True,1.0,0.5338,0
ACC-004033,Roman-Wagner,Legal,201-1000,0.821,funding_round,5,False,1.0,0.8366,1
ACC-004034,"Webb, Ross and Hernandez",Retail,201-1000,0.413,none,23,False,0.0,0.5454,0
ACC-004035,"Smith, Johnson and Phillips",Technology,201-1000,0.563,none,3,False,1.0,0.793,1
ACC-004036,"Brady, Sweeney and Faulkner",Real Estate,1001-5000,1.0,leadership_change,106,True,1.0,0.7322,1
ACC-004037,"Phillips, Castillo and Morgan",Government,1-50,0.566,funding_round,20,True,1.0,0.8457,1
ACC-004038,Watkins and Sons,Financial Services,201-1000,0.618,leadership_change,38,False,1.0,0.425,1
ACC-004039,Russell-Ward,Technology,1001-5000,0.473,compliance_mandate,31,False,1.0,0.7251,0
ACC-004040,Frank Group,Technology,1-50,0.769,none,2,False,0.0,,0
ACC-004041,Garcia-Wood,Real Estate,1-50,0.787,funding_round,100,False,1.0,0.8364,1
ACC-004042,"Reeves, Carroll and Butler",Insurance,1-50,0.867,none,50,False,0.0,,0
ACC-004043,Weber Group,Legal,51-200,0.897,none,5,False,1.0,0.7556,1
ACC-004044,Daniels-Murray,Financial Services,1-50,0.834,tech_refresh,17,False,1.0,0.7886,1
ACC-004045,Greene-Reyes,Financial Services,51-200,1.0,none,46,False,0.0,0.404,0
ACC-004046,Ellis LLC,Insurance,1-50,0.74,none,5,True,1.0,0.6661,1
ACC-004047,"Joseph, Joseph and Romero",Financial Services,201-1000,0.729,funding_round,28,False,0.0,,0
ACC-004048,King Inc,Manufacturing,1001-5000,0.443,funding_round,52,False,1.0,0.6826,0
ACC-004049,"Valdez, Bradford and Larsen",Technology,1-50,0.813,funding_round,69,True,1.0,0.8077,1
ACC-004050,Martin-Hinton,Retail,201-1000,0.336,leadership_change,6,False,1.0,0.8266,0
ACC-004051,Wilson Inc,Retail,201-1000,0.223,none,13,True,0.0,0.3227,0
ACC-004052,"Garcia, Donaldson and Shannon",Retail,51-200,0.396,none,21,False,0.0,0.1399,0
ACC-004053,Harmon-Mccoy,Retail,201-1000,0.463,tech_refresh,9,False,1.0,0.5973,0
ACC-004054,Williams Ltd,Retail,1-50,0.393,none,4,False,0.0,0.593,0
ACC-004055,"Ewing, Flynn and Mcdaniel",Technology,1-50,0.366,funding_round,6,False,1.0,0.7494,0
ACC-004056,Nelson-Freeman,Government,201-1000,0.472,none,18,False,1.0,0.4824,0
ACC-004057,"Ford, Morris and French",Manufacturing,201-1000,0.446,none,34,False,1.0,0.3233,0
ACC-004058,Black LLC,Financial Services,1-50,0.813,tech_refresh,27,False,1.0,0.626,1
ACC-004059,"Sullivan, Schroeder and Johnson",Retail,201-1000,0.358,none,24,False,1.0,0.7706,0
ACC-004060,Mcdowell-Long,Financial Services,1001-5000,0.775,leadership_change,8,False,1.0,0.6305,1
ACC-004061,Gonzales-Kelley,Financial Services,201-1000,0.801,none,16,False,1.0,0.7025,1
ACC-004062,Contreras-Green,Government,5000+,0.613,none,3,True,1.0,0.7992,1
ACC-004063,"Fuller, Vaughan and Thompson",Real Estate,201-1000,0.741,none,21,False,1.0,0.6378,1
ACC-004064,Mcintyre-Smith,Financial Services,51-200,0.849,none,14,False,0.0,0.7135,0
ACC-004065,Trujillo Inc,Real Estate,201-1000,0.831,compliance_mandate,0,False,1.0,0.6629,1
ACC-004066,Frank and Sons,Legal,1001-5000,0.926,compliance_mandate,0,False,1.0,0.759,1
ACC-004067,"Rowland, Bradley and Burke",Financial Services,1001-5000,0.893,none,33,True,1.0,0.853,1
ACC-004068,Hansen LLC,Healthcare,1-50,0.614,none,17,True,0.0,,0
ACC-004069,Joseph and Sons,Technology,5000+,0.465,funding_round,7,False,1.0,0.8627,0
ACC-004070,Todd-Brown,Government,201-1000,0.596,funding_round,2,False,1.0,0.8203,1
ACC-004071,"Copeland, Rodriguez and Davis",Real Estate,51-200,0.553,funding_round,6,False,1.0,0.4092,1
ACC-004072,"Sheppard, Medina and Herrera",Government,201-1000,0.747,none,25,True,0.0,0.6672,0
ACC-004073,White-Rodriguez,Government,201-1000,0.702,none,14,True,1.0,0.6018,1
ACC-004074,Washington Ltd,Insurance,1-50,0.796,none,80,True,1.0,0.9103,1
ACC-004075,Smith and Sons,Legal,51-200,1.0,none,16,False,1.0,0.7662,1
ACC-004076,"Davis, Anderson and Daugherty",Insurance,51-200,0.637,none,20,False,1.0,0.6069,1
ACC-004077,Acevedo-Gardner,Legal,51-200,0.829,tech_refresh,21,False,0.0,0.5914,0
ACC-004078,Terrell LLC,Insurance,1-50,0.452,none,42,False,1.0,0.3294,0
ACC-004079,Spencer Ltd,Retail,201-1000,0.452,compliance_mandate,111,True,1.0,0.796,0
ACC-004080,Morgan and Sons,Technology,51-200,0.688,leadership_change,47,False,1.0,0.5032,1
ACC-004081,Thomas-Prince,Real Estate,51-200,0.854,compliance_mandate,25,False,0.0,0.6717,0
ACC-004082,Francis and Sons,Insurance,51-200,0.617,none,6,False,0.0,0.3125,0
ACC-004083,Hinton Group,Real Estate,1-50,0.746,none,18,False,1.0,0.6795,1
ACC-004084,Powers-Woodward,Manufacturing,201-1000,0.428,none,4,False,1.0,0.5201,0
ACC-004085,"Espinoza, Wiggins and Park",Retail,1001-5000,0.264,tech_refresh,4,False,1.0,0.4656,0
ACC-004086,Meyers Ltd,Financial Services,201-1000,0.767,none,58,False,1.0,0.6829,1
ACC-004087,Thomas PLC,Retail,51-200,0.386,none,59,False,1.0,0.7557,0
ACC-004088,"Cordova, Mcclure and Sheppard",Financial Services,1-50,0.843,leadership_change,21,False,1.0,0.801,1
ACC-004089,Davis Group,Real Estate,1-50,1.0,none,62,False,0.0,0.5076,0
ACC-004090,Sanchez-Farrell,Legal,51-200,1.0,funding_round,60,False,1.0,0.8528,1
ACC-004091,"Vasquez, Moore and Kelly",Financial Services,1-50,0.668,none,8,True,0.0,0.5191,0
ACC-004092,Gray-Bruce,Financial Services,5000+,0.91,none,43,False,1.0,0.8594,1
ACC-004093,"Flynn, Hansen and Kim",Technology,201-1000,0.315,compliance_mandate,17,False,1.0,0.4395,0
ACC-004094,Davenport-Munoz,Technology,51-200,0.564,none,1,False,1.0,0.4759,1
ACC-004095,"Decker, Brown and Williams",Insurance,51-200,0.771,tech_refresh,31,False,1.0,0.8227,1
ACC-004096,Taylor Group,Government,51-200,0.722,compliance_mandate,13,False,0.0,0.3316,0
ACC-004097,"Miller, Kim and Pearson",Manufacturing,51-200,0.275,funding_round,10,False,0.0,0.2678,0
ACC-004098,"Nash, Mckinney and Walker",Retail,51-200,0.508,none,9,False,1.0,0.6052,1
ACC-004099,Valenzuela Ltd,Technology,1001-5000,0.483,none,18,False,1.0,0.7825,0
ACC-004100,"Barrett, Anderson and Waller",Government,1-50,0.573,none,4,False,1.0,0.54,1
ACC-004101,Gardner PLC,Financial Services,201-1000,0.884,leadership_change,7,True,1.0,0.4524,1
ACC-004102,Goodman and Sons,Legal,1-50,0.846,funding_round,21,False,1.0,0.6087,1
ACC-004103,Smith-Stewart,Insurance,201-1000,0.64,none,5,True,0.0,,0
ACC-004104,"Brown, Carter and Garcia",Financial Services,1-50,0.824,tech_refresh,30,False,1.0,0.2819,1
ACC-004105,Suarez-Morgan,Technology,51-200,0.376,leadership_change,4,False,1.0,0.798,0
ACC-004106,Bennett PLC,Real Estate,51-200,0.656,compliance_mandate,19,False,1.0,0.9037,1
ACC-004107,Larson-Chapman,Healthcare,1001-5000,0.587,funding_round,55,False,0.0,0.721,0
ACC-004108,Scott Inc,Healthcare,1-50,0.505,leadership_change,17,False,1.0,0.8791,1
ACC-004109,Walls-Johnson,Technology,201-1000,0.473,tech_refresh,19,False,1.0,0.8444,0
ACC-004110,Russo Ltd,Manufacturing,1-50,0.313,none,42,False,1.0,0.2225,0
ACC-004111,Sullivan-Mays,Technology,1-50,0.6,tech_refresh,14,True,1.0,0.8528,1
ACC-004112,"Shah, Murphy and Mack",Real Estate,1-50,0.796,leadership_change,68,False,1.0,0.9632,1
ACC-004113,Chavez and Sons,Technology,201-1000,0.756,funding_round,15,False,1.0,0.8036,1
ACC-004114,Roberts and Sons,Manufacturing,51-200,0.525,none,11,False,1.0,0.7293,1
ACC-004115,"Yu, Richards and Black",Real Estate,1-50,0.906,leadership_change,22,False,0.0,0.7292,0
ACC-004116,Morales Ltd,Healthcare,1001-5000,0.68,none,9,False,0.0,0.3463,0
ACC-004117,Bell-Roberson,Insurance,201-1000,0.724,leadership_change,86,False,1.0,0.7124,1
ACC-004118,"Powers, Singh and Hill",Healthcare,1001-5000,0.468,compliance_mandate,16,True,1.0,0.7727,0
ACC-004119,Young-Rice,Insurance,5000+,0.623,none,32,False,1.0,0.533,1
ACC-004120,Baker Inc,Financial Services,1-50,0.891,none,1,False,0.0,0.2798,0
ACC-004121,Turner and Sons,Legal,51-200,1.0,none,41,False,0.0,0.7235,0
ACC-004122,Douglas-Bowman,Manufacturing,51-200,0.59,none,6,False,1.0,0.4524,1
ACC-004123,"Warren, Hill and Carter",Technology,1-50,0.745,none,5,False,1.0,0.2701,1
ACC-004124,Reyes Inc,Technology,51-200,0.607,none,20,False,0.0,0.4518,0
ACC-004125,Owens Ltd,Technology,51-200,0.581,tech_refresh,53,True,1.0,0.5306,1
ACC-004126,"Gonzalez, May and Rivers",Government,1-50,0.742,none,26,False,0.0,,0
ACC-004127,Benson-Martin,Insurance,201-1000,0.785,none,36,True,1.0,0.9144,1
ACC-004128,Stewart LLC,Real Estate,51-200,0.855,none,102,False,1.0,0.6093,1
ACC-004129,"Clark, Douglas and Arellano",Retail,51-200,0.323,none,17,True,1.0,0.8319,0
ACC-004130,Santos-Thomas,Insurance,1-50,0.747,none,17,False,1.0,0.908,1
ACC-004131,"Steele, Alvarado and Marquez",Retail,201-1000,0.471,none,10,False,0.0,0.1647,0
ACC-004132,Hooper and Sons,Financial Services,1001-5000,0.592,compliance_mandate,92,False,0.0,0.4942,0
ACC-004133,Bennett-Patton,Government,51-200,0.404,none,47,False,1.0,0.5862,0
ACC-004134,Garza PLC,Financial Services,1-50,0.911,none,19,False,1.0,0.692,1
ACC-004135,"Clayton, Hill and Griffin",Technology,51-200,0.474,none,9,True,1.0,0.7227,0
ACC-004136,Monroe-Brown,Legal,201-1000,0.9,tech_refresh,30,False,1.0,0.2779,1
ACC-004137,Jackson-Fernandez,Real Estate,51-200,0.69,none,103,False,0.0,0.4045,0
ACC-004138,Cunningham-Hardy,Legal,201-1000,0.946,compliance_mandate,2,True,1.0,0.9328,1
ACC-004139,"Johnson, Gonzalez and Martinez",Government,51-200,0.417,none,24,False,1.0,0.8638,0
ACC-004140,Hines Group,Retail,201-1000,0.375,none,78,False,1.0,0.8262,0
ACC-004141,Miller LLC,Financial Services,201-1000,0.846,none,2,True,1.0,0.6797,1
ACC-004142,Smith-Johnston,Manufacturing,5000+,0.569,none,50,False,1.0,0.5606,1
ACC-004143,Cooper PLC,Financial Services,1-50,0.903,compliance_mandate,18,True,1.0,0.6552,1
ACC-004144,"Miller, Thomas and Wilson",Insurance,1-50,0.613,funding_round,9,False,1.0,0.6586,1
ACC-004145,Thomas-Parks,Technology,51-200,0.661,funding_round,22,False,1.0,0.8331,1
ACC-004146,Brooks LLC,Insurance,201-1000,0.773,none,25,False,1.0,0.7442,1
ACC-004147,Barker and Sons,Healthcare,1-50,0.693,none,4,False,1.0,0.7859,1
ACC-004148,Walker-Miller,Financial Services,1-50,0.743,none,9,False,1.0,0.6063,1
ACC-004149,Taylor Ltd,Manufacturing,1001-5000,0.577,tech_refresh,1,False,0.0,,0
ACC-004150,Miranda-Preston,Technology,51-200,0.543,tech_refresh,201,False,0.0,0.4775,0
ACC-004151,Richard Inc,Government,51-200,0.683,none,54,True,1.0,0.6336,1
ACC-004152,"White, Evans and Austin",Manufacturing,51-200,0.626,compliance_mandate,32,True,1.0,0.7499,1
ACC-004153,Gonzales-Allen,Government,201-1000,0.438,none,3,False,1.0,0.7303,0
ACC-004154,"Jones, Chandler and Obrien",Insurance,5000+,0.814,none,9,False,1.0,0.3759,1
ACC-004155,"Benson, Myers and Brown",Government,1001-5000,0.658,none,9,False,0.0,0.5125,0
ACC-004156,"Sutton, Wood and Reyes",Technology,51-200,0.635,none,17,False,1.0,0.4798,1
ACC-004157,"Rodgers, Franklin and Fitzpatrick",Real Estate,201-1000,0.787,none,28,False,1.0,0.4875,1
ACC-004158,Blair-Green,Retail,51-200,0.414,compliance_mandate,28,False,1.0,0.3597,0
ACC-004159,"Lindsey, Perez and Guzman",Financial Services,201-1000,0.729,none,11,False,1.0,0.2055,1
ACC-004160,Boyd and Sons,Real Estate,1-50,0.832,none,10,True,0.0,0.28,0
ACC-004161,"Chavez, Smith and Rose",Retail,1-50,0.349,none,41,False,1.0,0.9241,0
ACC-004162,Harrison-Shepherd,Real Estate,5000+,0.8,none,19,True,1.0,0.5826,1
ACC-004163,Lane and Sons,Healthcare,5000+,0.744,none,12,False,1.0,0.792,1
ACC-004164,Flores LLC,Technology,51-200,0.604,none,13,False,1.0,0.7931,1
ACC-004165,Woods-Cole,Legal,201-1000,0.712,leadership_change,45,False,1.0,0.633,1
ACC-004166,Lamb and Sons,Healthcare,1-50,0.613,none,20,False,1.0,0.9141,1
ACC-004167,Watkins PLC,Retail,51-200,0.364,compliance_mandate,28,False,0.0,0.6102,0
ACC-004168,Conley-Lucas,Healthcare,201-1000,0.545,none,107,False,1.0,0.6355,1
ACC-004169,Hutchinson-Chandler,Retail,1001-5000,0.46,compliance_mandate,0,False,1.0,0.8156,0
ACC-004170,Jones-Edwards,Manufacturing,1-50,0.433,none,24,False,0.0,0.7238,0
ACC-004171,Martin-Henderson,Legal,51-200,0.873,none,43,True,0.0,0.6291,0
ACC-004172,Harrison-Garcia,Retail,51-200,0.276,leadership_change,19,False,0.0,0.3494,0
ACC-004173,Collins-Byrd,Retail,1001-5000,0.358,none,18,False,1.0,0.7729,0
ACC-004174,Faulkner PLC,Healthcare,1-50,0.792,compliance_mandate,45,False,1.0,0.8316,1
ACC-004175,"Dodson, Maxwell and Freeman",Manufacturing,1-50,0.506,funding_round,63,False,1.0,0.5531,1
ACC-004176,"Bailey, Hendricks and Hill",Retail,1-50,0.723,none,6,False,1.0,0.4701,1
ACC-004177,Page LLC,Real Estate,1-50,0.872,none,21,False,0.0,0.6223,0
ACC-004178,Hernandez-Doyle,Financial Services,51-200,0.979,funding_round,18,False,0.0,,0
ACC-004179,Taylor-Combs,Healthcare,5000+,0.444,none,28,False,1.0,0.8182,0
ACC-004180,Schwartz Inc,Financial Services,51-200,0.763,none,21,False,1.0,0.802,1
ACC-004181,Fuller-Schmitt,Legal,51-200,0.543,tech_refresh,11,False,1.0,0.6606,1
ACC-004182,Cook PLC,Manufacturing,1-50,0.459,none,77,True,1.0,0.4838,0
ACC-004183,Lopez-Franklin,Financial Services,1-50,0.73,tech_refresh,16,False,1.0,0.7201,1
ACC-004184,Anderson Inc,Legal,1001-5000,0.935,compliance_mandate,24,False,1.0,0.7468,1
ACC-004185,Cox-Munoz,Financial Services,51-200,0.633,leadership_change,13,False,1.0,0.5608,1
ACC-004186,Robinson Group,Financial Services,1001-5000,0.577,compliance_mandate,2,False,1.0,0.8838,1
ACC-004187,"Lewis, Moses and Sullivan",Government,1-50,0.474,none,68,False,1.0,0.8315,0
ACC-004188,Hicks-Jones,Real Estate,1001-5000,1.0,compliance_mandate,76,False,1.0,0.61,1
ACC-004189,Gonzalez-Ferguson,Government,51-200,0.522,none,82,False,1.0,0.6144,1
ACC-004190,"Pearson, Richardson and Simpson",Insurance,5000+,0.761,compliance_mandate,30,False,1.0,0.7352,1
ACC-004191,"Johnston, Clark and Richard",Real Estate,51-200,0.678,compliance_mandate,24,False,0.0,0.6044,0
ACC-004192,"Bell, Owens and Hardin",Financial Services,51-200,0.921,funding_round,156,True,0.0,,0
ACC-004193,"Beard, Rodriguez and Hartman",Legal,1-50,0.963,none,10,True,1.0,0.8917,1
ACC-004194,"Fields, Mendoza and Lopez",Government,201-1000,0.658,none,2,False,1.0,0.592,1
ACC-004195,Stevenson-Beltran,Real Estate,51-200,0.802,none,23,False,1.0,0.8104,1
ACC-004196,"Calderon, Rasmussen and Strickland",Technology,1-50,0.692,none,8,False,1.0,0.7491,1
ACC-004197,Figueroa LLC,Insurance,51-200,0.665,none,9,False,0.0,0.094,0
ACC-004198,Brown-Sullivan,Financial Services,51-200,0.732,none,40,False,1.0,0.6419,1
ACC-004199,Johnson-Frazier,Healthcare,1-50,0.586,none,0,True,1.0,0.5789,1
ACC-004200,Moore PLC,Healthcare,51-200,0.665,tech_refresh,4,True,1.0,0.5913,1
ACC-004201,Martin Ltd,Manufacturing,1001-5000,0.451,tech_refresh,48,False,1.0,0.7888,0
ACC-004202,Andrews Inc,Real Estate,51-200,0.534,none,86,False,1.0,0.2892,1
ACC-004203,Brooks PLC,Legal,201-1000,0.809,leadership_change,51,True,1.0,0.9628,1
ACC-004204,Williams-Clarke,Retail,1-50,0.281,none,8,False,1.0,0.7345,0
ACC-004205,Pierce-Orr,Insurance,1-50,0.853,none,30,True,1.0,0.7676,1
ACC-004206,Chandler-Nguyen,Government,51-200,0.615,none,17,False,1.0,0.7396,1
ACC-004207,Lee-Cole,Manufacturing,201-1000,0.505,leadership_change,70,False,0.0,0.8337,0
ACC-004208,"Moore, Cruz and Harrison",Manufacturing,1001-5000,0.532,none,4,False,1.0,0.7002,1
ACC-004209,Campbell-Harris,Technology,51-200,0.582,none,64,False,1.0,0.691,1
ACC-004210,"Estrada, Franklin and Torres",Real Estate,201-1000,0.759,compliance_mandate,37,True,1.0,0.76,1
ACC-004211,Shields-Reyes,Legal,5000+,0.936,leadership_change,59,False,1.0,0.5813,1
ACC-004212,"Rodriguez, Baker and Burns",Insurance,51-200,0.77,leadership_change,2,False,1.0,0.7029,1
ACC-004213,King Inc,Government,51-200,0.541,funding_round,8,False,1.0,0.7803,1
ACC-004214,"Taylor, Barnett and Moses",Manufacturing,1001-5000,0.485,tech_refresh,4,False,1.0,0.6837,0
ACC-004215,Baxter PLC,Real Estate,201-1000,0.782,funding_round,10,False,1.0,0.6374,1
ACC-004216,Love Inc,Government,201-1000,0.61,leadership_change,10,True,1.0,0.8107,1
ACC-004217,Nichols-Smith,Technology,51-200,0.437,leadership_change,7,True,1.0,0.5879,0
ACC-004218,Nguyen Inc,Insurance,51-200,0.6,none,10,True,1.0,0.7814,1
ACC-004219,"Murphy, Thomas and Nelson",Retail,51-200,0.151,leadership_change,9,False,0.0,,0
ACC-004220,Baker-Warren,Legal,201-1000,0.906,none,41,False,1.0,0.332,1
ACC-004221,Drake and Sons,Technology,51-200,0.636,none,139,True,0.0,0.4216,0
ACC-004222,"Martinez, Kramer and Hall",Retail,51-200,0.469,funding_round,33,False,1.0,0.4171,0
ACC-004223,Cross-Ross,Real Estate,1-50,0.768,leadership_change,14,False,1.0,0.8256,1
ACC-004224,"Alvarado, Willis and Gardner",Government,201-1000,0.532,tech_refresh,24,False,1.0,0.7566,1
ACC-004225,Garcia Ltd,Technology,1-50,0.376,none,142,False,1.0,0.8392,0
ACC-004226,"Khan, Flores and Pitts",Legal,201-1000,0.798,none,45,False,1.0,0.4334,1
ACC-004227,Roberts-Murray,Government,5000+,0.587,none,9,False,1.0,0.5181,1
ACC-004228,Ortiz LLC,Technology,1001-5000,0.458,compliance_mandate,43,False,1.0,0.8128,0
ACC-004229,Fitzgerald-Hernandez,Legal,51-200,0.965,none,124,False,1.0,0.811,1
ACC-004230,Mitchell LLC,Healthcare,1001-5000,0.724,none,43,True,0.0,0.0911,0
ACC-004231,"Dillon, Clark and Rivas",Healthcare,1-50,0.711,none,2,False,1.0,0.5128,1
ACC-004232,Young-Palmer,Insurance,51-200,0.76,none,14,False,1.0,0.7542,1
ACC-004233,"Smith, Kirby and Reese",Real Estate,201-1000,0.843,none,71,False,0.0,0.6456,0
ACC-004234,Golden Group,Healthcare,51-200,0.732,none,0,False,1.0,0.9421,1
ACC-004235,"Acevedo, Owens and Williams",Retail,1-50,0.271,funding_round,9,False,1.0,0.7881,0
ACC-004236,"Mahoney, Gonzales and Garrison",Technology,51-200,0.637,none,37,False,1.0,0.7932,1
ACC-004237,Brown Group,Legal,201-1000,0.731,leadership_change,50,False,1.0,0.7081,1
ACC-004238,James-Hahn,Legal,1001-5000,0.917,none,0,False,0.0,0.8041,0
ACC-004239,Camacho Ltd,Retail,201-1000,0.642,none,40,False,1.0,0.5891,1
ACC-004240,"Cisneros, Montoya and Davis",Technology,201-1000,0.531,leadership_change,14,False,1.0,0.6487,1
ACC-004241,Ramos PLC,Government,1-50,0.59,none,41,False,1.0,0.8588,1
ACC-004242,Smith-Harris,Legal,201-1000,0.816,none,30,False,0.0,0.3999,0
ACC-004243,"Boyer, Jones and Walker",Insurance,1001-5000,0.753,none,43,True,0.0,,0
ACC-004244,"Thomas, Nguyen and Brooks",Real Estate,51-200,0.904,none,65,False,0.0,0.3228,0
ACC-004245,Lewis and Sons,Financial Services,1-50,0.604,none,4,False,1.0,0.5799,1
ACC-004246,"Lynn, Jones and Manning",Financial Services,1-50,0.845,none,16,True,1.0,0.6477,1
ACC-004247,Hardy and Sons,Technology,51-200,0.661,funding_round,10,False,0.0,,0
ACC-004248,Wagner-Anderson,Manufacturing,201-1000,0.499,none,26,False,0.0,0.3689,0
ACC-004249,"May, Wood and Blankenship",Manufacturing,51-200,0.327,compliance_mandate,15,False,0.0,0.397,0
ACC-004250,Thompson and Sons,Legal,51-200,0.84,funding_round,17,False,1.0,0.513,1
ACC-004251,"Sanchez, Freeman and Moses",Manufacturing,1-50,0.341,leadership_change,99,False,1.0,0.4821,0
ACC-004252,Brown-Holmes,Healthcare,1001-5000,0.778,leadership_change,15,False,0.0,0.4458,0
ACC-004253,"Melton, Collier and Ibarra",Government,51-200,0.767,none,8,False,1.0,0.4943,1
ACC-004254,Barnes-Guerrero,Real Estate,51-200,0.76,none,0,False,0.0,0.1708,0
ACC-004255,Weber and Sons,Technology,1-50,0.564,leadership_change,56,False,1.0,0.8534,1
ACC-004256,Flowers-Cook,Insurance,1-50,0.843,funding_round,30,True,1.0,0.9108,1
ACC-004257,Keller and Sons,Retail,5000+,0.527,none,36,False,1.0,0.6323,1
ACC-004258,Johnson-Wilson,Legal,5000+,0.807,none,0,False,1.0,0.8933,1
ACC-004259,"Hernandez, Abbott and Mcknight",Legal,1001-5000,0.796,leadership_change,20,False,1.0,0.6578,1
ACC-004260,Williams-Fisher,Legal,5000+,1.0,leadership_change,4,True,1.0,0.9104,1
ACC-004261,Little-Smith,Manufacturing,51-200,0.511,leadership_change,74,False,1.0,0.6155,1
ACC-004262,Smith Ltd,Manufacturing,1-50,0.304,tech_refresh,83,False,1.0,0.5989,0
ACC-004263,"James, Strickland and Brooks",Healthcare,201-1000,0.705,none,20,False,1.0,0.4595,1
ACC-004264,"Hogan, Williams and Terry",Manufacturing,51-200,0.447,funding_round,13,False,1.0,0.5178,0
ACC-004265,Barry-Wilson,Financial Services,51-200,0.933,funding_round,38,False,1.0,0.771,1
ACC-004266,Chandler PLC,Technology,1-50,0.528,funding_round,8,False,1.0,0.6968,1
ACC-004267,Scott Inc,Technology,201-1000,0.826,none,35,False,0.0,0.5838,0
ACC-004268,White-Mccall,Insurance,1-50,0.693,none,11,False,1.0,0.6004,1
ACC-004269,"Morris, Wright and Campbell",Legal,201-1000,0.936,none,76,False,1.0,0.6274,1
ACC-004270,Gallagher and Sons,Government,1-50,0.535,compliance_mandate,18,False,1.0,0.7932,1
ACC-004271,"Crawford, Perez and Beard",Legal,51-200,0.855,none,40,False,1.0,0.6195,1
ACC-004272,James PLC,Real Estate,51-200,0.76,none,8,False,1.0,0.7653,1
ACC-004273,Glenn LLC,Healthcare,1-50,0.73,none,35,False,1.0,0.7061,1
ACC-004274,Wright-Villanueva,Government,51-200,0.533,none,79,False,1.0,0.8671,1
ACC-004275,"Jones, Garcia and Lambert",Insurance,51-200,0.785,none,33,False,1.0,0.6405,1
ACC-004276,Bowman and Sons,Healthcare,51-200,0.774,tech_refresh,9,False,1.0,0.8294,1
ACC-004277,Jones Group,Financial Services,51-200,0.977,compliance_mandate,22,True,0.0,0.5227,0
ACC-004278,Carrillo Inc,Retail,1001-5000,0.448,none,4,False,1.0,0.3085,0
ACC-004279,"Hodges, Garcia and Carpenter",Legal,1-50,1.0,none,17,False,1.0,0.7629,1
ACC-004280,Wheeler-Romero,Technology,1-50,0.455,none,6,True,1.0,0.6987,0
ACC-004281,"Mcintosh, Reynolds and Reyes",Insurance,1-50,0.738,funding_round,4,False,1.0,0.8235,1
ACC-004282,Henderson-Oconnor,Insurance,1-50,0.867,tech_refresh,30,False,1.0,0.8837,1
ACC-004283,Lawrence-Frank,Retail,51-200,0.632,none,1,False,1.0,0.6309,1
ACC-004284,Stewart PLC,Healthcare,51-200,0.652,none,28,False,1.0,0.6624,1
ACC-004285,"Warren, Nguyen and Morgan",Financial Services,51-200,0.914,none,17,True,1.0,0.6399,1
ACC-004286,Liu-Crawford,Real Estate,51-200,0.917,none,12,False,0.0,0.4207,0
ACC-004287,Johnson-Flowers,Manufacturing,1-50,0.274,none,77,True,1.0,0.5907,0
ACC-004288,Wilson Group,Real Estate,51-200,0.734,leadership_change,60,False,1.0,0.8292,1
ACC-004289,Peterson Group,Real Estate,201-1000,0.632,none,7,True,0.0,0.7334,0
ACC-004290,Hoover-Oliver,Technology,51-200,0.561,none,36,True,1.0,0.888,1
ACC-004291,"Wells, Dickerson and Hill",Insurance,1-50,0.805,none,4,False,1.0,0.5493,1
ACC-004292,Sullivan-Adams,Financial Services,51-200,0.818,funding_round,0,False,1.0,0.7104,1
ACC-004293,Mcbride Group,Technology,51-200,0.573,compliance_mandate,3,False,0.0,0.7204,0
ACC-004294,"Torres, Miller and Taylor",Retail,1-50,0.518,none,0,False,1.0,0.5038,1
ACC-004295,Rodriguez Group,Legal,51-200,0.791,none,23,False,0.0,,0
ACC-004296,"Douglas, Joyce and Juarez",Technology,201-1000,0.392,none,22,False,0.0,0.5119,0
ACC-004297,Gonzalez-Bradford,Technology,201-1000,0.622,leadership_change,15,True,0.0,0.2949,0
ACC-004298,"Parker, Ferrell and Moss",Real Estate,51-200,0.761,leadership_change,60,False,1.0,0.3472,1
ACC-004299,Moyer Inc,Legal,1001-5000,1.0,compliance_mandate,21,False,1.0,0.4295,1
ACC-004300,Morton-Lopez,Manufacturing,1-50,0.462,none,31,False,1.0,0.4793,0
ACC-004301,Benton-Chambers,Real Estate,201-1000,0.962,leadership_change,19,False,1.0,0.8967,1
ACC-004302,"Johnson, Thompson and Garcia",Healthcare,51-200,0.703,funding_round,34,False,1.0,0.8419,1
ACC-004303,"Hendricks, Davis and Richardson",Healthcare,1001-5000,0.556,none,3,True,1.0,0.6952,1
ACC-004304,Fisher Group,Healthcare,1001-5000,0.588,none,39,False,0.0,0.6616,0
ACC-004305,Li-Collins,Healthcare,51-200,0.522,tech_refresh,53,False,1.0,0.7247,1
ACC-004306,"Jimenez, Gibson and Taylor",Technology,1-50,0.653,none,74,False,1.0,0.746,1
ACC-004307,Norton Group,Real Estate,51-200,0.944,compliance_mandate,14,False,1.0,0.511,1
ACC-004308,Cummings PLC,Insurance,51-200,0.769,tech_refresh,65,False,0.0,0.6923,0
ACC-004309,Jackson LLC,Real Estate,1001-5000,0.774,funding_round,61,False,0.0,0.4328,0
ACC-004310,"Rodriguez, Flores and Johnson",Financial Services,201-1000,0.802,leadership_change,4,False,0.0,0.4533,0
ACC-004311,Cameron-Mcpherson,Technology,1001-5000,0.524,none,12,True,0.0,0.7124,0
ACC-004312,"Scott, Strickland and Holder",Healthcare,201-1000,0.672,funding_round,2,True,1.0,0.9223,1
ACC-004313,Allen-Hughes,Healthcare,51-200,0.788,none,16,False,1.0,0.7304,1
ACC-004314,Ritter-Serrano,Real Estate,201-1000,0.775,none,12,False,1.0,0.7692,1
ACC-004315,Snyder-Levy,Manufacturing,1001-5000,0.302,leadership_change,20,False,0.0,0.3518,0
ACC-004316,Harper-Smith,Healthcare,1-50,0.573,none,14,False,0.0,0.4557,0
ACC-004317,"Payne, Mcgee and Larson",Manufacturing,1001-5000,0.593,compliance_mandate,2,True,1.0,0.9033,1
ACC-004318,Henderson-Romero,Real Estate,1-50,0.657,none,24,False,1.0,0.8036,1
ACC-004319,Johnson-Sherman,Government,51-200,0.536,none,10,False,1.0,0.5301,1
ACC-004320,French Ltd,Real Estate,201-1000,0.619,funding_round,86,True,1.0,0.6788,1
ACC-004321,"Cook, Kramer and Scott",Retail,51-200,0.44,none,61,False,1.0,0.7449,0
ACC-004322,Cardenas and Sons,Legal,1-50,0.948,none,16,True,1.0,0.7599,1
ACC-004323,Miller Inc,Technology,1001-5000,0.519,compliance_mandate,13,False,0.0,0.4012,0
ACC-004324,"Barnett, Black and Cortez",Government,201-1000,0.754,compliance_mandate,3,False,1.0,0.8059,1
ACC-004325,Murphy-Peters,Healthcare,1-50,0.548,none,23,False,1.0,0.6263,1
ACC-004326,Bishop PLC,Healthcare,51-200,0.746,funding_round,4,False,1.0,0.8184,1
ACC-004327,Cunningham-Brock,Real Estate,51-200,0.888,leadership_change,19,False,1.0,0.8124,1
ACC-004328,Jimenez-Ball,Real Estate,1-50,0.86,compliance_mandate,12,False,0.0,0.5036,0
ACC-004329,"Hodge, Smith and Neal",Healthcare,51-200,0.625,none,56,True,1.0,0.8517,1
ACC-004330,Patterson Inc,Manufacturing,1-50,0.558,none,4,False,1.0,0.5601,1
ACC-004331,Morris-Lynch,Insurance,51-200,0.595,tech_refresh,21,True,1.0,0.7813,1
ACC-004332,Alvarado-Turner,Healthcare,51-200,0.746,none,68,False,1.0,0.52,1
ACC-004333,Fritz-Edwards,Financial Services,1-50,0.7,leadership_change,57,False,0.0,0.0822,0
ACC-004334,"York, Kennedy and Ochoa",Manufacturing,201-1000,0.678,none,16,False,1.0,0.8157,1
ACC-004335,Ray Inc,Financial Services,1-50,0.861,leadership_change,15,False,1.0,0.7234,1
ACC-004336,"Lester, Chavez and Garcia",Insurance,51-200,0.712,none,2,False,0.0,,0
ACC-004337,Johnson Inc,Technology,201-1000,0.451,leadership_change,14,True,1.0,0.6349,0
ACC-004338,Williams LLC,Government,1001-5000,0.796,none,16,False,1.0,0.8037,1
ACC-004339,Chan and Sons,Legal,1001-5000,0.867,leadership_change,55,False,0.0,,0
ACC-004340,Koch LLC,Technology,51-200,0.489,leadership_change,22,False,1.0,0.7365,0
ACC-004341,Martinez-Aguilar,Legal,51-200,0.832,none,3,True,1.0,0.8344,1
ACC-004342,Sanford Inc,Retail,1-50,0.482,leadership_change,1,False,0.0,0.2518,0
ACC-004343,Miles LLC,Government,51-200,0.483,none,8,False,1.0,0.5032,0
ACC-004344,Dyer Group,Insurance,1001-5000,0.731,none,4,False,0.0,0.6092,0
ACC-004345,Stanley-Tapia,Insurance,1-50,0.756,none,95,True,0.0,0.0697,0
ACC-004346,Sanders-Brown,Legal,51-200,0.836,leadership_change,18,False,1.0,0.4801,1
ACC-004347,Adams PLC,Government,201-1000,0.809,compliance_mandate,8,False,0.0,0.2815,0
ACC-004348,Morrow Ltd,Real Estate,51-200,0.733,none,18,False,0.0,0.7031,0
ACC-004349,"Erickson, Woods and Owen",Retail,1-50,0.159,compliance_mandate,14,True,1.0,0.7549,0
ACC-004350,Wilkerson-Horne,Real Estate,1-50,0.575,leadership_change,12,False,0.0,0.7976,0
ACC-004351,Richards-Stone,Retail,1-50,0.542,funding_round,23,False,1.0,0.658,1
ACC-004352,"Lee, Davis and Guzman",Government,1-50,0.639,none,6,False,1.0,0.6351,1
ACC-004353,"Kerr, Rice and Williams",Retail,1-50,0.371,none,11,False,1.0,0.6032,0
ACC-004354,Lopez-Smith,Real Estate,201-1000,0.906,funding_round,14,False,0.0,0.1912,0
ACC-004355,Lopez and Sons,Insurance,1-50,0.481,tech_refresh,79,False,1.0,0.693,0
ACC-004356,Grant-Jones,Insurance,201-1000,0.89,none,18,False,1.0,0.3871,1
ACC-004357,Clark LLC,Healthcare,201-1000,0.668,compliance_mandate,0,True,1.0,0.747,1
ACC-004358,Estrada-Rodriguez,Technology,51-200,0.579,none,95,False,1.0,0.8064,1
ACC-004359,"Jackson, Anderson and Cooper",Insurance,201-1000,1.0,none,103,False,1.0,0.9013,1
ACC-004360,"Hughes, Tran and Ross",Retail,51-200,0.322,none,17,False,1.0,0.4157,0
ACC-004361,"Washington, Berry and Johnson",Legal,1-50,0.915,none,13,False,0.0,0.4994,0
ACC-004362,Williams-Mayer,Government,201-1000,0.804,none,30,True,1.0,0.6779,1
ACC-004363,"Olsen, Cooper and Price",Government,201-1000,0.617,none,32,False,0.0,0.3494,0
ACC-004364,Lynn Group,Manufacturing,51-200,0.264,tech_refresh,40,False,0.0,0.1992,0
ACC-004365,"Clayton, Gill and Moreno",Real Estate,1001-5000,0.905,none,1,False,1.0,0.5565,1
ACC-004366,"Hill, Cannon and Wilson",Healthcare,51-200,0.728,funding_round,13,False,1.0,0.4455,1
ACC-004367,Martinez-Hunter,Manufacturing,201-1000,0.445,none,9,False,0.0,0.1393,0
ACC-004368,Evans Inc,Manufacturing,1001-5000,0.231,none,9,False,0.0,0.3501,0
ACC-004369,Sharp and Sons,Legal,201-1000,0.858,tech_refresh,5,False,1.0,0.6271,1
ACC-004370,Aguilar Inc,Retail,51-200,0.246,tech_refresh,4,True,1.0,0.598,0
ACC-004371,"Anderson, Porter and Villanueva",Manufacturing,51-200,0.46,leadership_change,14,False,1.0,0.6717,0
ACC-004372,Jacobs Group,Government,1-50,0.744,none,70,True,1.0,0.8283,1
ACC-004373,Travis-Green,Insurance,1-50,0.713,none,30,False,1.0,0.7158,1
ACC-004374,Conley-Romero,Legal,51-200,0.811,none,7,False,1.0,0.6634,1
ACC-004375,Harris Group,Healthcare,51-200,0.643,compliance_mandate,9,False,0.0,,0
ACC-004376,"Fields, Hicks and Dawson",Legal,1-50,1.0,none,5,False,1.0,0.8156,1
ACC-004377,Gonzalez Inc,Retail,1-50,0.431,compliance_mandate,72,False,1.0,0.3304,0
ACC-004378,Holland Inc,Insurance,51-200,0.761,funding_round,128,False,1.0,0.6513,1
ACC-004379,"Smith, Newman and Cantu",Insurance,1-50,0.619,none,10,False,1.0,0.5631,1
ACC-004380,"Morgan, Lee and Wilson",Healthcare,1-50,0.594,leadership_change,13,False,0.0,0.5471,0
ACC-004381,Garcia-Jones,Retail,51-200,0.633,none,59,False,1.0,0.5987,1
ACC-004382,Campbell PLC,Real Estate,201-1000,0.759,none,17,False,1.0,0.779,1
ACC-004383,James Ltd,Healthcare,51-200,0.755,none,81,False,1.0,0.7466,1
ACC-004384,Beck-Williams,Retail,51-200,0.681,compliance_mandate,7,False,0.0,0.2886,0
ACC-004385,Garrett-Tran,Healthcare,201-1000,0.679,funding_round,3,False,1.0,0.5066,1
ACC-004386,Garcia LLC,Financial Services,5000+,0.723,tech_refresh,5,False,1.0,0.6398,1
ACC-004387,"Brooks, Estrada and Holt",Healthcare,1001-5000,0.624,none,34,True,0.0,0.5553,0
ACC-004388,"Mclean, Collins and Hughes",Insurance,201-1000,0.815,funding_round,1,False,0.0,0.375,0
ACC-004389,Luna-Martin,Healthcare,51-200,0.649,compliance_mandate,0,True,1.0,0.6922,1
ACC-004390,Wilson Inc,Financial Services,1-50,0.898,none,6,False,0.0,,0
ACC-004391,Reyes PLC,Retail,51-200,0.509,none,15,False,0.0,0.3493,0
ACC-004392,Lee-Norman,Real Estate,1-50,0.83,none,4,False,1.0,0.7843,1
ACC-004393,Fisher LLC,Financial Services,51-200,0.914,none,0,False,1.0,0.8019,1
ACC-004394,Kirby-Oneal,Financial Services,5000+,0.831,none,34,False,1.0,0.3682,1
ACC-004395,"Lee, Chang and Mayo",Retail,1-50,0.324,none,142,False,1.0,0.2601,0
ACC-004396,Wright-Harmon,Financial Services,51-200,0.86,funding_round,95,False,1.0,0.9085,1
ACC-004397,"Thompson, Ward and Mcknight",Manufacturing,5000+,0.381,funding_round,34,False,0.0,0.3244,0
ACC-004398,Allen-Barnes,Manufacturing,51-200,0.616,none,43,True,0.0,,0
ACC-004399,"Davis, Hernandez and Graham",Insurance,51-200,0.682,compliance_mandate,25,True,0.0,0.3502,0
ACC-004400,Wilson PLC,Retail,1-50,0.536,tech_refresh,9,True,1.0,0.3832,1
ACC-004401,"Taylor, Small and Williamson",Real Estate,201-1000,0.714,none,21,True,0.0,0.7339,0
ACC-004402,Peterson-Reynolds,Healthcare,201-1000,0.874,compliance_mandate,65,False,1.0,0.9209,1
ACC-004403,Stanton-Figueroa,Technology,5000+,0.619,compliance_mandate,18,True,1.0,0.7627,1
ACC-004404,"Mendez, Heath and Brown",Insurance,1001-5000,0.627,funding_round,62,False,1.0,0.5081,1
ACC-004405,"Green, Guerra and Garcia",Retail,201-1000,0.316,none,5,True,1.0,0.4887,0
ACC-004406,Harris LLC,Healthcare,1-50,0.698,none,65,True,1.0,0.5268,1
ACC-004407,Robertson-Palmer,Technology,1001-5000,0.716,funding_round,37,False,1.0,0.703,1
ACC-004408,Wilson LLC,Manufacturing,201-1000,0.523,none,123,False,1.0,0.6847,1
ACC-004409,Camacho PLC,Manufacturing,1-50,0.354,none,5,False,0.0,0.518,0
ACC-004410,Abbott-Mora,Government,5000+,0.713,funding_round,12,False,1.0,0.5593,1
ACC-004411,Lam-Jones,Manufacturing,51-200,0.537,leadership_change,38,True,1.0,0.871,1
ACC-004412,Jackson-Leblanc,Financial Services,1-50,0.956,none,62,False,1.0,0.8556,1
ACC-004413,"Sanchez, Jordan and Horton",Real Estate,51-200,0.788,leadership_change,6,False,1.0,0.6777,1
ACC-004414,"Morgan, Jimenez and Blankenship",Healthcare,201-1000,0.544,compliance_mandate,13,False,1.0,0.7339,1
ACC-004415,"Davis, Buckley and Stone",Technology,51-200,0.667,funding_round,14,False,1.0,0.7055,1
ACC-004416,Lindsey-Jensen,Healthcare,51-200,0.771,tech_refresh,36,False,1.0,0.6997,1
ACC-004417,Reed and Sons,Healthcare,1-50,0.674,none,84,False,1.0,0.4952,1
ACC-004418,"Cunningham, Romero and Carey",Financial Services,51-200,0.912,funding_round,6,False,1.0,0.8637,1
ACC-004419,"Doyle, May and Jimenez",Real Estate,51-200,0.686,leadership_change,20,False,1.0,0.566,1
ACC-004420,"Reynolds, Stevenson and Randall",Healthcare,51-200,0.782,leadership_change,18,False,1.0,0.8643,1
ACC-004421,Butler-Carson,Real Estate,201-1000,0.752,none,6,False,1.0,0.6996,1
ACC-004422,"Taylor, Moreno and Parsons",Insurance,5000+,0.518,none,6,False,1.0,0.2551,1
ACC-004423,Drake-Adams,Healthcare,1-50,0.602,none,15,False,1.0,0.4977,1
ACC-004424,Moore Group,Financial Services,1-50,0.966,funding_round,16,False,1.0,0.7844,1
ACC-004425,"Jackson, Smith and Rogers",Manufacturing,201-1000,0.461,tech_refresh,11,False,1.0,0.6261,0
ACC-004426,Orozco Group,Technology,51-200,0.484,none,56,False,1.0,0.795,0
ACC-004427,Thomas and Sons,Financial Services,1-50,0.73,leadership_change,14,False,0.0,0.5607,0
ACC-004428,Nelson Group,Healthcare,1-50,0.637,none,41,True,1.0,0.5279,1
ACC-004429,Quinn-Cruz,Legal,51-200,0.858,leadership_change,31,False,0.0,0.6256,0
ACC-004430,"Miller, Winters and Hood",Technology,51-200,0.51,none,7,False,1.0,0.5892,1
ACC-004431,Young LLC,Retail,51-200,0.523,none,76,False,0.0,0.5943,0
ACC-004432,Wright and Sons,Manufacturing,1-50,0.426,leadership_change,5,False,1.0,0.6265,0
ACC-004433,"Medina, Robinson and Frank",Real Estate,5000+,1.0,funding_round,76,True,0.0,,0
ACC-004434,Peterson LLC,Manufacturing,51-200,0.506,none,14,True,1.0,0.7393,1
ACC-004435,"Palmer, Beck and Ramirez",Real Estate,1-50,0.68,none,73,True,1.0,0.8693,1
ACC-004436,"Davidson, Chapman and Taylor",Financial Services,1001-5000,0.8,compliance_mandate,24,True,1.0,0.8093,1
ACC-004437,"Russell, Pena and Taylor",Retail,51-200,0.499,compliance_mandate,22,False,1.0,0.7498,0
ACC-004438,Blackwell Inc,Real Estate,1-50,0.78,none,57,True,1.0,0.5881,1
ACC-004439,Rivas-Solis,Government,201-1000,0.515,tech_refresh,2,False,1.0,0.7726,1
ACC-004440,Nguyen-Hughes,Technology,201-1000,0.545,leadership_change,16,True,1.0,0.5525,1
ACC-004441,Serrano-Solomon,Government,51-200,0.525,none,1,False,1.0,0.4745,1
ACC-004442,Thomas-Randall,Manufacturing,51-200,0.578,none,6,False,1.0,0.7844,1
ACC-004443,Hayes Group,Financial Services,1001-5000,1.0,tech_refresh,4,True,1.0,0.6869,1
ACC-004444,Thomas Inc,Technology,201-1000,0.506,tech_refresh,36,False,1.0,0.6789,1
ACC-004445,Walter-Greer,Financial Services,51-200,0.973,none,34,False,1.0,0.7854,1
ACC-004446,Chavez Group,Technology,1001-5000,0.362,leadership_change,13,True,1.0,0.3959,0
ACC-004447,Sanchez and Sons,Legal,1-50,0.872,none,0,False,0.0,0.4907,0
ACC-004448,Barrera Ltd,Real Estate,51-200,0.62,compliance_mandate,9,True,1.0,0.7531,1
ACC-004449,"Blair, Shaw and Pope",Legal,1-50,1.0,none,10,False,1.0,0.4868,1
ACC-004450,Martin LLC,Retail,51-200,0.216,leadership_change,41,False,1.0,0.289,0
ACC-004451,Hart Group,Insurance,51-200,0.716,none,42,True,1.0,0.6516,1
ACC-004452,"Yang, Fox and Mccarthy",Healthcare,51-200,0.656,none,23,False,0.0,0.3995,0
ACC-004453,Christian LLC,Legal,51-200,0.898,compliance_mandate,71,True,1.0,0.7026,1
ACC-004454,"Smith, Pierce and Smith",Insurance,51-200,0.706,leadership_change,0,False,1.0,0.8176,1
ACC-004455,Stephens and Sons,Manufacturing,1-50,0.514,none,104,False,0.0,0.537,0
ACC-004456,"Perez, Anderson and Allen",Financial Services,201-1000,0.803,funding_round,13,True,1.0,0.9183,1
ACC-004457,Fowler-Parks,Healthcare,1-50,0.779,leadership_change,54,True,1.0,0.7868,1
ACC-004458,Smith PLC,Manufacturing,1001-5000,0.536,none,27,True,1.0,0.8044,1
ACC-004459,Ramirez Group,Financial Services,5000+,0.837,compliance_mandate,19,True,1.0,0.5309,1
ACC-004460,Hart-Kidd,Healthcare,5000+,0.614,none,166,True,1.0,0.7518,1
ACC-004461,Hernandez PLC,Real Estate,1-50,0.744,compliance_mandate,8,True,1.0,0.6509,1
ACC-004462,Sherman-Wilson,Healthcare,201-1000,0.62,funding_round,5,False,1.0,0.8223,1
ACC-004463,Carter-Kelly,Insurance,51-200,0.421,leadership_change,3,True,1.0,0.8748,0
ACC-004464,"Fisher, Davis and Williams",Financial Services,201-1000,0.871,leadership_change,23,False,1.0,0.7504,1
ACC-004465,Lopez-Bennett,Real Estate,5000+,0.804,none,23,True,1.0,0.7903,1
ACC-004466,Johnson Inc,Insurance,51-200,0.882,leadership_change,22,True,0.0,0.6331,0
ACC-004467,Bell LLC,Financial Services,1001-5000,0.765,none,19,True,1.0,0.5166,1
ACC-004468,Williams LLC,Insurance,1-50,0.661,none,4,True,1.0,0.6165,1
ACC-004469,Lane LLC,Insurance,51-200,0.938,none,94,False,1.0,0.8912,1
ACC-004470,"Knight, Johnson and Jackson",Healthcare,1-50,0.573,none,11,False,1.0,0.6178,1
ACC-004471,Ward Inc,Retail,1-50,0.289,none,2,False,1.0,0.3345,0
ACC-004472,"Shepard, Thompson and Green",Healthcare,1-50,0.674,none,76,False,1.0,0.7788,1
ACC-004473,Cooper-Swanson,Healthcare,1-50,0.52,none,29,False,0.0,0.1482,0
ACC-004474,"Ramirez, Smith and Curry",Government,51-200,0.515,none,17,True,1.0,0.5592,1
ACC-004475,"Santos, Murray and Rogers",Retail,1001-5000,0.068,none,19,False,0.0,0.3532,0
ACC-004476,"Montoya, Bowen and Hayes",Insurance,201-1000,0.76,funding_round,24,False,1.0,0.3065,1
ACC-004477,Gomez LLC,Government,1-50,0.708,leadership_change,6,False,1.0,0.765,1
ACC-004478,Roach-Wood,Government,1-50,0.743,none,23,False,0.0,0.5728,0
ACC-004479,Smith Group,Legal,201-1000,1.0,tech_refresh,5,False,1.0,0.8618,1
ACC-004480,Ortiz PLC,Legal,1-50,0.897,tech_refresh,16,False,0.0,0.1642,0
ACC-004481,Perez-Ferguson,Insurance,1001-5000,0.717,leadership_change,69,False,1.0,0.4273,1
ACC-004482,Gonzales-Miller,Retail,1-50,0.589,leadership_change,88,False,1.0,0.8243,1
ACC-004483,Smith Inc,Financial Services,201-1000,0.893,tech_refresh,17,False,1.0,0.8463,1
ACC-004484,Snyder-Curry,Technology,1-50,0.631,compliance_mandate,4,False,1.0,0.7467,1
ACC-004485,"Diaz, Pierce and Anderson",Legal,1-50,0.913,none,4,False,1.0,0.7495,1
ACC-004486,Glover PLC,Real Estate,51-200,0.945,none,12,False,1.0,0.6513,1
ACC-004487,"Burnett, Curtis and Lopez",Real Estate,1-50,0.66,none,0,True,1.0,0.5876,1
ACC-004488,Estrada and Sons,Government,1-50,0.874,leadership_change,0,False,0.0,0.8253,0
ACC-004489,Dennis-Hall,Manufacturing,1-50,0.593,tech_refresh,18,True,1.0,0.6592,1
ACC-004490,Hartman LLC,Manufacturing,1001-5000,0.531,leadership_change,11,False,0.0,,0
ACC-004491,Smith-Clark,Government,51-200,0.499,none,4,True,1.0,0.7862,0
ACC-004492,Hill LLC,Legal,1-50,0.78,none,46,True,0.0,0.7596,0
ACC-004493,Carroll-Lopez,Real Estate,1-50,0.677,none,65,False,1.0,0.8583,1
ACC-004494,Cummings Ltd,Retail,1-50,0.448,funding_round,0,True,1.0,0.8473,0
ACC-004495,Ewing Group,Manufacturing,51-200,0.537,none,6,False,0.0,,0
ACC-004496,"Thompson, Pratt and Mcdonald",Government,1001-5000,0.732,none,73,False,0.0,,0
ACC-004497,Hardy PLC,Financial Services,1001-5000,0.84,none,25,False,1.0,0.7364,1
ACC-004498,Martinez-Harris,Government,201-1000,0.52,none,57,False,1.0,0.4905,1
ACC-004499,Kelley Ltd,Healthcare,51-200,0.849,none,11,False,1.0,0.6266,1
ACC-004500,Jones-Spencer,Technology,1-50,0.397,leadership_change,20,True,1.0,0.4563,0
ACC-004501,Simpson Ltd,Healthcare,1-50,0.665,none,24,True,1.0,0.6237,1
ACC-004502,Lloyd-Thomas,Legal,5000+,0.828,none,9,True,1.0,0.9216,1
ACC-004503,Duncan-Baker,Manufacturing,1001-5000,0.328,funding_round,13,True,1.0,0.5959,0
ACC-004504,Mccann-Santos,Real Estate,1-50,0.709,funding_round,46,True,0.0,0.7747,0
ACC-004505,Crane Inc,Government,1-50,0.638,tech_refresh,14,False,1.0,0.4783,1
ACC-004506,Cooley-Hunter,Manufacturing,201-1000,0.367,compliance_mandate,29,False,1.0,0.4969,0
ACC-004507,"Stokes, Cobb and King",Legal,1-50,0.976,none,58,False,1.0,0.7338,1
ACC-004508,"Harrison, Johnson and Hernandez",Financial Services,201-1000,1.0,compliance_mandate,6,True,1.0,0.6476,1
ACC-004509,Reynolds-Reyes,Financial Services,1-50,0.811,funding_round,17,True,1.0,0.8497,1
ACC-004510,Elliott-Clayton,Insurance,1-50,0.857,compliance_mandate,12,False,1.0,0.7527,1
ACC-004511,"Miles, Ramirez and Espinoza",Insurance,5000+,0.749,none,0,False,1.0,0.7452,1
ACC-004512,"Chavez, Clark and Freeman",Healthcare,1001-5000,0.699,none,33,False,0.0,0.5085,0
ACC-004513,"Gates, Jones and Cook",Legal,1-50,0.929,leadership_change,17,False,1.0,0.7698,1
ACC-004514,Miller and Sons,Manufacturing,5000+,0.346,none,18,True,1.0,0.7237,0
ACC-004515,"Lewis, Garcia and Parker",Healthcare,51-200,0.815,funding_round,15,True,1.0,0.8125,1
ACC-004516,Johnson-Wilson,Real Estate,51-200,0.916,none,32,False,1.0,0.8562,1
ACC-004517,Morton Ltd,Government,201-1000,0.632,none,14,False,0.0,0.7522,0
ACC-004518,Lawson-Lindsey,Real Estate,51-200,0.806,none,3,False,1.0,0.5469,1
ACC-004519,"Edwards, Stephens and Mcintosh",Legal,201-1000,1.0,none,5,False,1.0,0.7965,1
ACC-004520,Marquez and Sons,Technology,51-200,0.41,none,29,False,1.0,0.7839,0
ACC-004521,Conner-Kim,Technology,1001-5000,0.631,none,35,False,1.0,0.3764,1
ACC-004522,"Turner, Mason and Rodriguez",Real Estate,51-200,0.643,none,17,False,1.0,0.6697,1
ACC-004523,Young-Christensen,Legal,51-200,0.943,none,15,False,1.0,0.6576,1
ACC-004524,"Russell, Fitzgerald and Jones",Insurance,1001-5000,0.887,none,4,False,1.0,0.5472,1
ACC-004525,"Wagner, Hogan and Byrd",Government,51-200,0.771,none,50,False,1.0,0.5835,1
ACC-004526,Parks-Horne,Technology,1001-5000,0.535,leadership_change,49,False,1.0,0.7851,1
ACC-004527,Charles-Newman,Manufacturing,1001-5000,0.466,none,62,False,0.0,,0
ACC-004528,Willis-Roberson,Real Estate,51-200,0.686,none,46,False,1.0,0.6947,1
ACC-004529,"Carter, Webb and Robbins",Manufacturing,1-50,0.472,none,17,False,1.0,0.7668,0
ACC-004530,Booth PLC,Healthcare,1-50,0.501,none,85,False,1.0,0.6767,1
ACC-004531,Stout-Porter,Healthcare,201-1000,0.539,none,29,False,0.0,,0
ACC-004532,"Patterson, Hall and Best",Retail,201-1000,0.318,none,2,False,1.0,0.6172,0
ACC-004533,Moore PLC,Retail,51-200,0.275,none,35,False,1.0,0.6535,0
ACC-004534,"Stout, Bishop and Brooks",Manufacturing,51-200,0.478,none,37,True,0.0,0.6909,0
ACC-004535,"Lee, James and Barton",Financial Services,1-50,0.691,compliance_mandate,9,False,0.0,0.2755,0
ACC-004536,"Hopkins, Thompson and Stokes",Retail,1-50,0.407,none,0,False,0.0,0.6558,0
ACC-004537,Alvarez-Hines,Insurance,1001-5000,0.699,none,73,True,1.0,0.3548,1
ACC-004538,White-Herring,Retail,1-50,0.18,leadership_change,21,False,0.0,,0
ACC-004539,Brown-Green,Healthcare,1-50,0.66,compliance_mandate,9,False,1.0,0.5716,1
ACC-004540,Jackson LLC,Financial Services,5000+,0.796,none,1,True,0.0,0.3115,0
ACC-004541,"Monroe, Myers and Johnson",Healthcare,201-1000,0.399,none,9,False,0.0,0.5145,0
ACC-004542,Miles-Duncan,Insurance,51-200,0.973,compliance_mandate,53,False,1.0,0.9051,1
ACC-004543,Curry Inc,Real Estate,201-1000,1.0,none,209,False,1.0,0.8894,1
ACC-004544,"Morris, Turner and Sanchez",Government,1-50,0.584,leadership_change,2,False,0.0,0.4328,0
ACC-004545,Lynch LLC,Technology,5000+,0.677,funding_round,6,False,0.0,0.2209,0
ACC-004546,"Munoz, Gomez and Hamilton",Financial Services,1001-5000,0.904,tech_refresh,5,False,1.0,0.853,1
ACC-004547,Montgomery-Porter,Healthcare,5000+,0.696,compliance_mandate,34,False,1.0,0.7718,1
ACC-004548,"Cross, Anderson and Alvarez",Financial Services,1-50,0.868,leadership_change,1,True,1.0,0.8956,1
ACC-004549,Mckay-Brown,Healthcare,1-50,0.731,tech_refresh,15,False,1.0,0.4991,1
ACC-004550,Diaz LLC,Real Estate,201-1000,0.565,funding_round,37,False,1.0,0.5201,1
ACC-004551,"Reed, Walsh and Carter",Insurance,201-1000,0.796,none,12,False,1.0,0.4122,1
ACC-004552,Carson Ltd,Government,5000+,0.809,none,4,True,1.0,0.5809,1
ACC-004553,"Smith, Evans and Boone",Government,51-200,0.77,leadership_change,32,True,1.0,0.7334,1
ACC-004554,Ortiz-Gutierrez,Technology,201-1000,0.486,none,84,False,1.0,0.7315,0
ACC-004555,Rodriguez-Monroe,Government,51-200,0.681,none,6,False,1.0,0.8832,1
ACC-004556,Johnson Ltd,Real Estate,51-200,0.701,none,4,False,0.0,,0
ACC-004557,Bentley-Young,Manufacturing,201-1000,0.622,leadership_change,62,False,1.0,0.7952,1
ACC-004558,"Tucker, Diaz and Dougherty",Technology,51-200,0.515,funding_round,4,True,1.0,0.7003,1
ACC-004559,"Juarez, Hernandez and Hardin",Manufacturing,1-50,0.48,none,105,False,0.0,0.6364,0
ACC-004560,"Smith, Manning and Williams",Retail,1-50,0.651,funding_round,12,False,1.0,0.7996,1
ACC-004561,Love PLC,Retail,1-50,0.351,tech_refresh,54,False,0.0,0.6293,0
ACC-004562,Black Ltd,Legal,1001-5000,0.873,none,89,False,1.0,0.759,1
ACC-004563,Rose Ltd,Real Estate,51-200,0.747,none,1,False,1.0,0.8941,1
ACC-004564,Gonzalez LLC,Government,1-50,0.545,tech_refresh,33,False,0.0,0.3587,0
ACC-004565,Phillips Group,Technology,1-50,0.708,leadership_change,20,False,1.0,0.7237,1
ACC-004566,Conner-Howard,Retail,51-200,0.185,funding_round,1,False,1.0,0.4191,0
ACC-004567,"Myers, Baker and Davenport",Insurance,51-200,0.847,none,24,False,1.0,0.8951,1
ACC-004568,Carter-Miller,Real Estate,201-1000,0.793,tech_refresh,35,True,1.0,0.9124,1
ACC-004569,"Stark, Zimmerman and Herrera",Insurance,1-50,0.978,none,26,False,1.0,0.7477,1
ACC-004570,Gomez-Wilson,Healthcare,51-200,0.798,tech_refresh,42,True,0.0,0.6355,0
ACC-004571,Santiago-Galloway,Insurance,1-50,0.674,none,15,False,1.0,0.8036,1
ACC-004572,"Peters, Foster and Roach",Healthcare,1001-5000,0.405,leadership_change,4,False,1.0,0.4215,0
ACC-004573,Davis-Olson,Retail,51-200,0.471,none,10,False,1.0,0.5603,0
ACC-004574,Berry-Jenkins,Financial Services,51-200,0.8,none,50,False,1.0,0.6239,1
ACC-004575,Bailey Ltd,Manufacturing,51-200,0.548,tech_refresh,28,False,1.0,0.6708,1
ACC-004576,"Bates, Chandler and Miller",Manufacturing,1001-5000,0.452,leadership_change,39,False,0.0,0.0989,0
ACC-004577,"Robles, Cortez and Reid",Real Estate,51-200,0.862,none,13,False,1.0,0.4057,1
ACC-004578,Franklin-Woods,Government,51-200,0.637,none,20,False,0.0,0.3106,0
ACC-004579,Williams-Potter,Retail,51-200,0.51,none,23,False,0.0,0.3375,0
ACC-004580,Stewart Inc,Government,201-1000,0.807,tech_refresh,4,False,1.0,0.5436,1
ACC-004581,Travis-Holland,Legal,1-50,0.691,none,1,False,1.0,0.6641,1
ACC-004582,"Smith, Welch and Mitchell",Healthcare,51-200,0.644,compliance_mandate,26,False,1.0,0.5508,1
ACC-004583,Andersen-Smith,Real Estate,51-200,0.924,none,15,False,0.0,,0
ACC-004584,"Fox, Hoffman and Fisher",Technology,201-1000,0.651,none,92,False,1.0,0.6647,1
ACC-004585,Nelson LLC,Financial Services,1-50,0.967,none,75,True,0.0,0.687,0
ACC-004586,Farrell-Barrett,Legal,5000+,0.994,none,93,False,1.0,0.7685,1
ACC-004587,"Larsen, Anderson and Martin",Legal,51-200,0.922,none,35,True,1.0,0.8389,1
ACC-004588,"Norman, Pearson and Sutton",Financial Services,1-50,0.576,none,12,True,1.0,0.8478,1
ACC-004589,Cummings-Moreno,Legal,1-50,0.839,none,4,False,1.0,0.5653,1
ACC-004590,Gonzalez-Webb,Real Estate,51-200,0.93,leadership_change,55,False,1.0,0.7566,1
ACC-004591,Huang-Fletcher,Financial Services,1-50,0.85,none,2,False,1.0,0.7685,1
ACC-004592,Thompson Inc,Healthcare,201-1000,0.421,compliance_mandate,17,False,1.0,0.4175,0
ACC-004593,Prince Group,Manufacturing,51-200,0.622,none,60,False,1.0,0.5254,1
ACC-004594,Brown Ltd,Real Estate,1001-5000,0.642,leadership_change,27,True,1.0,0.7933,1
ACC-004595,Sandoval Group,Real Estate,51-200,0.8,tech_refresh,9,True,0.0,,0
ACC-004596,Alvarado-Davis,Technology,201-1000,0.499,funding_round,2,True,1.0,0.4825,0
ACC-004597,"West, Doyle and James",Financial Services,1001-5000,0.734,none,8,False,0.0,0.5485,0
ACC-004598,"Roberts, Mayer and Moreno",Technology,1-50,0.492,none,29,False,1.0,0.4227,0
ACC-004599,"Preston, Keith and Kent",Financial Services,51-200,0.939,compliance_mandate,16,False,1.0,0.5858,1
ACC-004600,"Salazar, Brown and Coleman",Insurance,1-50,0.565,leadership_change,8,False,1.0,0.8466,1
ACC-004601,Hernandez Group,Legal,1-50,0.956,none,2,False,0.0,,0
ACC-004602,Hammond-Hurst,Legal,51-200,0.996,leadership_change,78,True,1.0,0.8882,1
ACC-004603,"Bridges, Wiggins and Patterson",Financial Services,1-50,0.848,none,26,False,1.0,0.9317,1
ACC-004604,Trujillo Group,Financial Services,51-200,0.859,none,19,False,0.0,0.52,0
ACC-004605,"Morales, Sharp and Washington",Real Estate,201-1000,0.803,none,27,False,1.0,0.7145,1
ACC-004606,"Hughes, Smith and Thornton",Healthcare,201-1000,0.621,tech_refresh,136,False,1.0,0.6317,1
ACC-004607,Navarro LLC,Healthcare,1-50,0.864,none,15,False,1.0,0.6056,1
ACC-004608,Rose Ltd,Manufacturing,1001-5000,0.496,none,35,False,0.0,0.5233,0
ACC-004609,Murphy-Phillips,Financial Services,51-200,0.754,none,9,False,0.0,0.4485,0
ACC-004610,Warner Ltd,Manufacturing,1001-5000,0.3,none,15,False,1.0,0.0751,0
ACC-004611,"Goodwin, Aguilar and Howell",Retail,51-200,0.457,leadership_change,63,False,1.0,0.7783,0
ACC-004612,Snyder LLC,Healthcare,201-1000,0.688,compliance_mandate,31,False,1.0,0.5613,1
ACC-004613,Garcia PLC,Technology,5000+,0.678,tech_refresh,29,False,1.0,0.7009,1
ACC-004614,Moore-Anderson,Healthcare,201-1000,0.427,none,14,True,1.0,0.7158,0
ACC-004615,Taylor-Cruz,Financial Services,51-200,0.757,none,42,True,1.0,0.6884,1
ACC-004616,Marsh Group,Retail,51-200,0.304,leadership_change,106,False,0.0,0.567,0
ACC-004617,"Wells, Jones and Rocha",Government,51-200,0.646,none,120,False,1.0,0.7157,1
ACC-004618,"White, Flores and Daugherty",Real Estate,51-200,0.57,funding_round,30,False,1.0,0.8426,1
ACC-004619,Perez Ltd,Healthcare,51-200,0.672,leadership_change,26,False,0.0,0.5106,0
ACC-004620,Blake and Sons,Technology,201-1000,0.584,none,21,False,0.0,0.4049,0
ACC-004621,"Alexander, Oconnor and Davis",Legal,201-1000,0.934,leadership_change,17,False,1.0,0.6886,1
ACC-004622,Green PLC,Healthcare,51-200,0.513,leadership_change,21,False,1.0,0.7028,1
ACC-004623,Solomon and Sons,Insurance,1-50,0.921,none,29,False,1.0,0.7388,1
ACC-004624,"Young, Mccullough and Medina",Manufacturing,5000+,0.397,funding_round,7,False,0.0,0.1018,0
ACC-004625,"Gibson, Weber and Fisher",Technology,1-50,0.377,none,3,False,0.0,0.7361,0
ACC-004626,Gray-Flores,Legal,1001-5000,0.846,tech_refresh,11,False,1.0,0.3326,1
ACC-004627,Jones-Martin,Insurance,51-200,0.542,none,26,False,1.0,0.6169,1
ACC-004628,Simon Group,Retail,201-1000,0.498,none,63,False,1.0,0.7476,0
ACC-004629,"Silva, Goodman and Rivera",Retail,1-50,0.571,none,3,False,1.0,0.5856,1
ACC-004630,Burgess PLC,Retail,5000+,0.167,none,51,False,0.0,0.5636,0
ACC-004631,Armstrong PLC,Government,1-50,0.442,funding_round,1,False,0.0,0.526,0
ACC-004632,Powers-Jones,Real Estate,1001-5000,0.75,funding_round,60,True,1.0,0.8899,1
ACC-004633,Walker Inc,Legal,1-50,0.865,leadership_change,51,False,0.0,0.2685,0
ACC-004634,Mcbride-Davis,Financial Services,1-50,1.0,none,153,False,0.0,,0
ACC-004635,Potts-Ochoa,Government,51-200,0.716,none,5,True,1.0,0.8185,1
ACC-004636,Patterson-Rocha,Financial Services,51-200,0.81,leadership_change,22,False,0.0,0.4218,0
ACC-004637,Hopkins Group,Healthcare,1-50,0.644,none,4,False,0.0,0.7042,0
ACC-004638,Lopez-Stephens,Real Estate,201-1000,0.678,none,14,True,1.0,0.6886,1
ACC-004639,Bautista LLC,Real Estate,5000+,0.822,none,17,False,1.0,0.9344,1
ACC-004640,Wright Inc,Technology,1-50,0.439,none,73,False,1.0,0.7041,0
ACC-004641,"Sanchez, Williams and Weeks",Government,201-1000,0.497,none,2,False,1.0,0.6367,0
ACC-004642,Dean LLC,Manufacturing,1001-5000,0.469,compliance_mandate,54,False,1.0,0.8318,0
ACC-004643,Walton-Williams,Retail,1-50,0.464,tech_refresh,25,False,1.0,0.8013,0
ACC-004644,Stephenson-Briggs,Retail,1-50,0.389,funding_round,71,False,1.0,0.7957,0
ACC-004645,"Simpson, Lopez and Christian",Insurance,51-200,0.651,tech_refresh,56,False,1.0,0.8078,1
ACC-004646,"Herrera, Rivas and Johnson",Technology,51-200,0.934,tech_refresh,34,False,1.0,0.8255,1
ACC-004647,"Cobb, Miller and Rivera",Insurance,1001-5000,0.815,none,53,False,1.0,0.7006,1
ACC-004648,Wheeler Group,Legal,51-200,0.923,none,23,False,1.0,0.7349,1
ACC-004649,Maldonado-Williams,Manufacturing,51-200,0.389,none,67,True,1.0,0.4188,0
ACC-004650,Lopez and Sons,Healthcare,201-1000,0.578,funding_round,2,True,0.0,,0
ACC-004651,Tucker-Johnson,Manufacturing,1-50,0.326,tech_refresh,143,False,1.0,0.8756,0
ACC-004652,"Watts, Roberts and Santiago",Manufacturing,1-50,0.459,funding_round,90,False,0.0,0.3484,0
ACC-004653,Cruz and Sons,Retail,51-200,0.303,none,32,False,1.0,0.2661,0
ACC-004654,Combs-Hahn,Healthcare,51-200,0.569,none,14,False,0.0,0.1213,0
ACC-004655,Webb-Hill,Government,5000+,0.66,none,21,False,1.0,0.638,1
ACC-004656,"Payne, Mccann and Taylor",Retail,51-200,0.432,none,2,False,1.0,0.6028,0
ACC-004657,Mercado PLC,Government,201-1000,0.581,leadership_change,96,False,1.0,0.6236,1
ACC-004658,Stout-Fuller,Real Estate,1001-5000,0.749,compliance_mandate,31,False,1.0,0.7276,1
ACC-004659,Peterson-Jones,Real Estate,5000+,0.945,none,42,False,1.0,0.8569,1
ACC-004660,Silva-Valenzuela,Real Estate,5000+,1.0,funding_round,31,False,1.0,0.8928,1
ACC-004661,"Ramirez, Alvarez and Hayden",Legal,51-200,0.852,compliance_mandate,76,False,1.0,0.8614,1
ACC-004662,Burns-Allen,Healthcare,51-200,0.513,compliance_mandate,62,False,0.0,0.4384,0
ACC-004663,Reed and Sons,Real Estate,5000+,0.902,leadership_change,53,False,1.0,0.6092,1
ACC-004664,Fields-Chavez,Retail,1-50,0.467,funding_round,8,False,1.0,0.7849,0
ACC-004665,Black LLC,Insurance,51-200,0.573,funding_round,15,False,0.0,0.5878,0
ACC-004666,Martinez Inc,Financial Services,5000+,0.89,none,3,False,1.0,0.9102,1
ACC-004667,Ford Ltd,Healthcare,1-50,0.6,funding_round,7,False,1.0,0.8297,1
ACC-004668,Marshall Ltd,Insurance,51-200,0.669,leadership_change,39,False,1.0,0.778,1
ACC-004669,Wood LLC,Legal,1-50,0.953,none,8,False,1.0,0.7881,1
ACC-004670,Vaughn-Fields,Technology,1-50,0.447,none,83,False,0.0,0.5887,0
ACC-004671,"Love, Parker and Farrell",Financial Services,51-200,0.748,compliance_mandate,5,False,1.0,0.7552,1
ACC-004672,Diaz LLC,Retail,51-200,0.666,leadership_change,13,False,0.0,0.7378,0
ACC-004673,Newman LLC,Manufacturing,51-200,0.499,none,24,False,1.0,0.6292,0
ACC-004674,Chang Inc,Manufacturing,51-200,0.537,tech_refresh,59,False,1.0,0.7268,1
ACC-004675,Dyer-Robinson,Retail,1-50,0.455,none,25,False,1.0,0.6864,0
ACC-004676,Long-Davis,Real Estate,201-1000,0.633,compliance_mandate,45,False,1.0,0.6229,1
ACC-004677,"Taylor, Stone and Short",Healthcare,5000+,0.63,none,4,False,0.0,0.4188,0
ACC-004678,Parker-Alexander,Retail,51-200,0.259,none,39,False,1.0,0.7084,0
ACC-004679,"Murphy, Roth and Jackson",Financial Services,201-1000,0.664,compliance_mandate,7,False,0.0,0.0219,0
ACC-004680,Ramirez-Castillo,Real Estate,51-200,0.725,none,5,False,0.0,0.4995,0
ACC-004681,Camacho and Sons,Insurance,201-1000,0.818,compliance_mandate,17,True,1.0,0.9031,1
ACC-004682,"Molina, Rodriguez and Johnson",Healthcare,1-50,0.416,none,26,False,0.0,0.5218,0
ACC-004683,Thornton PLC,Retail,1-50,0.396,funding_round,1,False,1.0,0.6959,0
ACC-004684,Brandt-Martinez,Manufacturing,51-200,0.537,leadership_change,1,False,0.0,0.4316,0
ACC-004685,Ramos PLC,Healthcare,5000+,0.814,funding_round,5,False,1.0,0.8532,1
ACC-004686,Warner-Sims,Financial Services,1-50,0.953,none,0,False,0.0,,0
ACC-004687,"Richards, Merritt and Smith",Technology,1-50,0.646,none,7,False,0.0,0.3667,0
ACC-004688,"Morrow, Hart and Osborne",Real Estate,51-200,0.883,leadership_change,56,False,1.0,0.5225,1
ACC-004689,Lee-Johnson,Financial Services,1-50,0.771,none,10,False,1.0,0.732,1
ACC-004690,"Mcclure, Fowler and Graham",Retail,1-50,0.567,tech_refresh,21,False,1.0,0.4923,1
ACC-004691,Richards LLC,Healthcare,1-50,0.559,funding_round,48,False,1.0,0.624,1
ACC-004692,Turner-Barton,Retail,201-1000,0.504,none,2,False,1.0,0.7157,1
ACC-004693,Vaughn Inc,Real Estate,1-50,0.742,none,21,False,1.0,0.7812,1
ACC-004694,Wilson Ltd,Technology,51-200,0.726,none,10,False,0.0,0.6745,0
ACC-004695,Lopez-Mccoy,Technology,1-50,0.716,compliance_mandate,10,True,1.0,0.7429,1
ACC-004696,Mccoy-Underwood,Government,1001-5000,0.504,none,34,False,1.0,0.4369,1
ACC-004697,"White, Davis and Smith",Manufacturing,1-50,0.272,funding_round,26,False,1.0,0.7092,0
ACC-004698,Porter-Mendez,Healthcare,1-50,0.661,none,23,False,1.0,0.7947,1
ACC-004699,"Jordan, Parker and Martin",Insurance,1-50,0.621,compliance_mandate,2,False,1.0,0.7656,1
ACC-004700,"Miller, Chambers and Braun",Legal,1001-5000,0.958,funding_round,5,True,1.0,0.668,1
ACC-004701,Whitaker Group,Manufacturing,1001-5000,0.507,none,10,False,0.0,0.2359,0
ACC-004702,Williamson and Sons,Healthcare,1-50,0.803,none,68,False,1.0,0.8451,1
ACC-004703,Harris PLC,Real Estate,5000+,0.797,none,4,False,1.0,0.8714,1
ACC-004704,Gray-Parks,Technology,201-1000,0.785,compliance_mandate,24,False,0.0,0.7178,0
ACC-004705,"Powell, Thomas and Kim",Legal,51-200,0.985,none,51,False,1.0,0.7613,1
ACC-004706,Coleman LLC,Retail,51-200,0.515,tech_refresh,25,False,0.0,,0
ACC-004707,Hansen-Berry,Financial Services,51-200,0.859,none,19,False,0.0,0.1866,0
ACC-004708,Stewart-Parker,Healthcare,1-50,0.648,none,15,True,1.0,0.2943,1
ACC-004709,Hunter and Sons,Government,51-200,0.847,none,15,False,0.0,0.8269,0
ACC-004710,"Boyd, White and Garcia",Financial Services,1-50,0.798,leadership_change,36,False,1.0,0.6597,1
ACC-004711,"Berry, Boyd and Pierce",Healthcare,51-200,0.724,none,14,False,1.0,0.8335,1
ACC-004712,"Brown, Sanders and Gonzalez",Legal,1-50,0.912,leadership_change,61,False,0.0,0.1364,0
ACC-004713,Ferguson-Webster,Technology,51-200,0.761,leadership_change,28,False,1.0,0.8359,1
ACC-004714,Hull-Murray,Retail,201-1000,0.511,none,21,False,1.0,0.5619,1
ACC-004715,Le-Williams,Insurance,201-1000,0.601,none,11,False,1.0,0.5633,1
ACC-004716,Welch-Carter,Government,1-50,0.604,funding_round,1,False,1.0,0.5329,1
ACC-004717,"Calhoun, Miller and Sims",Legal,1001-5000,1.0,compliance_mandate,26,True,0.0,0.693,0
ACC-004718,Garrett Group,Healthcare,51-200,0.515,none,79,False,0.0,0.568,0
ACC-004719,Higgins Inc,Retail,1001-5000,0.294,funding_round,10,False,0.0,0.3199,0
ACC-004720,"Dickson, Benson and Pena",Retail,51-200,0.347,none,86,False,1.0,0.3951,0
ACC-004721,Roberson-Norton,Legal,1-50,0.847,none,40,False,0.0,0.5465,0
ACC-004722,Murphy Ltd,Technology,1001-5000,0.62,tech_refresh,29,True,1.0,0.7772,1
ACC-004723,"Hall, Cummings and Young",Real Estate,51-200,0.701,leadership_change,5,False,0.0,,0
ACC-004724,Holmes-Ellis,Insurance,1-50,0.574,none,0,False,1.0,0.838,1
ACC-004725,Ray Inc,Healthcare,1-50,0.586,none,22,False,1.0,0.5315,1
ACC-004726,Castro-Tran,Legal,51-200,0.812,leadership_change,32,False,1.0,0.8508,1
ACC-004727,Allen PLC,Manufacturing,51-200,0.374,none,3,True,0.0,0.368,0
ACC-004728,Pennington and Sons,Technology,1-50,0.671,none,22,False,0.0,0.6163,0
ACC-004729,Ramirez-Meyer,Real Estate,201-1000,0.773,tech_refresh,44,False,0.0,,0
ACC-004730,"Hernandez, Valdez and Walsh",Manufacturing,51-200,0.534,none,18,False,1.0,0.694,1
ACC-004731,"Thomas, Kane and Bryant",Manufacturing,1-50,0.421,none,17,False,1.0,0.6786,0
ACC-004732,Ruiz Group,Healthcare,1001-5000,0.625,none,37,True,0.0,0.6652,0
ACC-004733,Moore Inc,Government,1001-5000,0.582,compliance_mandate,69,True,0.0,0.8596,0
ACC-004734,Swanson-Butler,Technology,51-200,0.709,compliance_mandate,9,False,1.0,0.7599,1
ACC-004735,"Stewart, Hughes and Reed",Healthcare,1-50,0.644,none,78,False,0.0,0.2062,0
ACC-004736,"Villa, Gray and Acevedo",Financial Services,51-200,1.0,none,22,True,1.0,0.7045,1
ACC-004737,"Hodge, Williams and Rodriguez",Insurance,1-50,0.906,none,47,False,0.0,0.3098,0
ACC-004738,Lamb Inc,Insurance,51-200,0.716,none,8,False,1.0,0.5776,1
ACC-004739,Johnson-Wolfe,Retail,1-50,0.728,leadership_change,49,False,1.0,0.635,1
ACC-004740,"Herman, Adams and Fowler",Technology,1-50,0.709,none,3,True,1.0,0.7951,1
ACC-004741,Rivera-Wheeler,Financial Services,201-1000,0.925,none,18,False,0.0,0.2036,0
ACC-004742,"Johnson, Hunter and Morris",Retail,5000+,0.555,none,71,False,0.0,0.5459,0
ACC-004743,Williams Inc,Technology,51-200,0.587,none,29,False,0.0,,0
ACC-004744,Henderson-Williamson,Technology,1001-5000,0.461,funding_round,97,False,1.0,0.3925,0
ACC-004745,Harper PLC,Government,51-200,0.677,none,3,True,1.0,0.8006,1
ACC-004746,"Reilly, Holmes and Murphy",Financial Services,1-50,0.681,none,49,False,0.0,,0
ACC-004747,"Jackson, Arnold and Davis",Legal,51-200,1.0,compliance_mandate,2,False,1.0,0.8,1
ACC-004748,"Wong, Johnson and Glenn",Retail,51-200,0.571,none,16,False,0.0,0.695,0
ACC-004749,"Shaw, Carpenter and Anderson",Legal,1-50,0.888,none,0,False,1.0,0.8035,1
ACC-004750,Green and Sons,Real Estate,201-1000,0.912,none,32,False,0.0,0.3298,0
ACC-004751,"Brock, Chen and Kelly",Insurance,5000+,0.954,none,30,False,1.0,0.7699,1
ACC-004752,Anderson PLC,Government,1001-5000,0.757,tech_refresh,31,False,1.0,0.8235,1
ACC-004753,"Baker, Baker and Robinson",Manufacturing,1001-5000,0.635,tech_refresh,43,False,1.0,0.8028,1
ACC-004754,Brooks Inc,Healthcare,201-1000,0.624,leadership_change,56,False,1.0,0.5083,1
ACC-004755,Patterson-Anderson,Technology,51-200,0.772,leadership_change,23,False,1.0,0.6087,1
ACC-004756,Ramos and Sons,Retail,201-1000,0.318,none,16,False,1.0,0.3948,0
ACC-004757,Atkins and Sons,Retail,51-200,0.321,none,11,False,1.0,0.6574,0
ACC-004758,Mendez PLC,Retail,1-50,0.181,none,6,False,1.0,0.8054,0
ACC-004759,"Bond, Johnson and Johnson",Financial Services,51-200,0.862,none,17,False,1.0,0.6425,1
ACC-004760,Martinez Ltd,Insurance,5000+,0.713,compliance_mandate,51,True,1.0,0.7755,1
ACC-004761,Harris and Sons,Manufacturing,201-1000,0.49,none,11,False,0.0,0.688,0
ACC-004762,"Miller, Maxwell and Patel",Government,1-50,0.33,none,61,False,1.0,0.489,0
ACC-004763,"Sharp, Williams and Lewis",Government,51-200,0.447,none,33,False,1.0,0.7758,0
ACC-004764,"Hawkins, Larson and Zimmerman",Healthcare,51-200,0.79,compliance_mandate,13,False,1.0,0.8556,1
ACC-004765,Smith-Santiago,Financial Services,201-1000,0.809,none,10,False,1.0,0.6749,1
ACC-004766,Cortez Ltd,Government,1001-5000,0.622,none,0,False,0.0,0.1426,0
ACC-004767,"Perez, Bryant and Estrada",Manufacturing,1-50,0.654,none,6,False,0.0,0.5551,0
ACC-004768,Briggs LLC,Technology,201-1000,0.586,leadership_change,27,False,1.0,0.6785,1
ACC-004769,Beck-Sharp,Technology,51-200,0.688,none,19,True,0.0,0.7921,0
ACC-004770,"Brown, Noble and Morton",Retail,201-1000,0.33,none,1,False,1.0,0.7955,0
ACC-004771,"Ford, Garrett and Garcia",Retail,1-50,0.448,tech_refresh,20,False,1.0,0.7715,0
ACC-004772,"Mendez, Manning and Nelson",Technology,201-1000,0.639,compliance_mandate,6,False,1.0,0.6007,1
ACC-004773,Ray and Sons,Insurance,1-50,0.719,compliance_mandate,27,False,1.0,0.81,1
ACC-004774,"Kim, Bonilla and Martinez",Real Estate,1001-5000,0.78,none,9,False,1.0,0.67,1
ACC-004775,"Weaver, Mills and Fuller",Manufacturing,1001-5000,0.412,compliance_mandate,20,False,1.0,0.2765,0
ACC-004776,"Rose, Nelson and David",Technology,201-1000,0.706,leadership_change,104,True,1.0,0.7415,1
ACC-004777,White Inc,Technology,1-50,0.4,leadership_change,28,False,1.0,0.3571,0
ACC-004778,Davis-Gill,Insurance,51-200,0.504,none,98,True,1.0,0.8223,1
ACC-004779,"Watson, Shaffer and Ferrell",Government,1001-5000,0.529,funding_round,12,False,1.0,0.3973,1
ACC-004780,Rhodes PLC,Insurance,51-200,0.792,none,21,False,1.0,0.8322,1
ACC-004781,Cruz-Bray,Government,201-1000,0.388,compliance_mandate,1,False,0.0,0.2657,0
ACC-004782,Poole-Fischer,Government,51-200,0.709,none,33,False,1.0,0.6533,1
ACC-004783,Gaines Group,Insurance,1001-5000,0.507,tech_refresh,12,False,1.0,0.7406,1
ACC-004784,Hudson-Lewis,Manufacturing,201-1000,0.408,none,14,False,0.0,0.2239,0
ACC-004785,"Hart, Brown and Whitney",Legal,51-200,0.95,none,10,False,1.0,0.8545,1
ACC-004786,"Black, Cooper and Lewis",Technology,51-200,0.386,leadership_change,36,False,1.0,0.6369,0
ACC-004787,Malone-Schwartz,Government,51-200,0.823,none,15,False,1.0,0.8849,1
ACC-004788,Byrd-Drake,Government,1-50,0.609,compliance_mandate,35,True,0.0,0.7031,0
ACC-004789,"Hayes, Burgess and Bush",Manufacturing,1001-5000,0.401,none,3,False,0.0,0.3535,0
ACC-004790,Long Ltd,Legal,5000+,0.853,funding_round,44,False,0.0,0.721,0
ACC-004791,Bowman-Cantrell,Real Estate,1-50,0.866,leadership_change,9,False,1.0,0.165,1
ACC-004792,Herrera PLC,Manufacturing,51-200,0.272,leadership_change,0,False,0.0,0.7957,0
ACC-004793,Johnson-Preston,Technology,1-50,0.567,tech_refresh,23,False,1.0,0.5497,1
ACC-004794,Reed-Greene,Retail,5000+,0.413,compliance_mandate,13,True,1.0,0.6242,0
ACC-004795,"Jones, Williams and Young",Real Estate,1-50,0.817,none,30,True,1.0,0.6452,1
ACC-004796,Rose-Moyer,Legal,1001-5000,0.755,none,8,False,1.0,0.8646,1
ACC-004797,Rogers Inc,Legal,5000+,0.947,none,102,False,1.0,0.8145,1
ACC-004798,Marshall-Freeman,Financial Services,51-200,0.621,leadership_change,21,False,1.0,0.826,1
ACC-004799,Smith-Martinez,Healthcare,201-1000,0.679,none,18,False,0.0,,0
ACC-004800,Brown-Smith,Technology,1001-5000,0.507,compliance_mandate,34,False,1.0,0.6881,1
ACC-004801,"Bruce, Barton and Bennett",Healthcare,1001-5000,0.705,none,1,False,1.0,0.8045,1
ACC-004802,"Wallace, Shannon and Jones",Government,51-200,0.475,leadership_change,10,False,1.0,0.6741,0
ACC-004803,"Reid, Walker and Gates",Real Estate,51-200,0.767,compliance_mandate,11,False,1.0,0.7496,1
ACC-004804,Lewis PLC,Retail,1-50,0.468,none,103,False,1.0,0.7273,0
ACC-004805,"Cook, Sanders and Cox",Legal,1-50,0.923,none,11,False,1.0,0.6911,1
ACC-004806,Wyatt-Peters,Government,5000+,0.731,leadership_change,11,False,1.0,0.6024,1
ACC-004807,"Johnson, Conner and Green",Manufacturing,201-1000,0.428,leadership_change,38,True,1.0,0.7647,0
ACC-004808,Maldonado Inc,Legal,1-50,1.0,none,3,False,0.0,0.5429,0
ACC-004809,Gonzalez-Anderson,Technology,51-200,0.636,tech_refresh,23,False,1.0,0.5558,1
ACC-004810,"Coleman, Shaffer and Snyder",Real Estate,201-1000,0.595,compliance_mandate,48,False,1.0,0.4874,1
ACC-004811,Lopez LLC,Insurance,51-200,0.904,compliance_mandate,0,False,1.0,0.8232,1
ACC-004812,Brennan-Nelson,Retail,5000+,0.354,none,20,False,1.0,0.7585,0
ACC-004813,Mcknight-Ray,Government,51-200,0.357,none,10,False,1.0,0.721,0
ACC-004814,"Rocha, Jones and Cooper",Healthcare,1-50,0.396,leadership_change,15,False,0.0,0.547,0
ACC-004815,Reynolds-Lee,Retail,1001-5000,0.698,none,20,False,1.0,0.8152,1
ACC-004816,Hamilton LLC,Retail,51-200,0.434,none,22,False,1.0,0.6449,0
ACC-004817,Lynch-Ferguson,Financial Services,1-50,0.857,compliance_mandate,73,False,1.0,0.8457,1
ACC-004818,Luna and Sons,Legal,1-50,0.975,none,93,False,1.0,0.88,1
ACC-004819,Stephens-Santiago,Real Estate,1-50,0.822,tech_refresh,29,False,0.0,,0
ACC-004820,Frazier-Kerr,Manufacturing,201-1000,0.532,funding_round,19,False,1.0,0.6207,1
ACC-004821,Wilson Inc,Healthcare,51-200,0.713,none,7,False,1.0,0.6719,1
ACC-004822,Price-Gutierrez,Real Estate,51-200,0.9,none,0,False,1.0,0.8536,1
ACC-004823,Lee LLC,Legal,51-200,0.961,leadership_change,8,False,1.0,0.7849,1
ACC-004824,"Ray, Williams and Simpson",Retail,51-200,0.291,none,49,False,0.0,0.2945,0
ACC-004825,Chapman Ltd,Financial Services,51-200,0.859,none,26,True,1.0,0.7357,1
ACC-004826,"Smith, Santiago and Singleton",Insurance,1-50,0.486,tech_refresh,9,True,1.0,0.507,0
ACC-004827,"King, Ibarra and Foley",Financial Services,201-1000,0.932,none,2,False,0.0,0.8204,0
ACC-004828,Collins-Noble,Retail,201-1000,0.482,funding_round,0,True,1.0,0.7589,0
ACC-004829,"Hughes, Brown and Gutierrez",Real Estate,1001-5000,0.846,none,1,False,0.0,0.804,0
ACC-004830,"Thompson, Pollard and Buck",Legal,1-50,0.946,none,5,False,1.0,0.8067,1
ACC-004831,Smith PLC,Technology,1-50,0.667,tech_refresh,3,False,1.0,0.9287,1
ACC-004832,Jacobs PLC,Manufacturing,201-1000,0.401,none,50,True,1.0,0.672,0
ACC-004833,Bowman-Sexton,Manufacturing,51-200,0.697,none,12,False,1.0,0.7975,1
ACC-004834,Smith-Singleton,Healthcare,201-1000,0.755,none,39,True,1.0,0.4462,1
ACC-004835,Collier LLC,Real Estate,5000+,0.761,none,58,True,1.0,0.5954,1
ACC-004836,Burton-Duncan,Retail,5000+,0.212,none,1,False,1.0,0.682,0
ACC-004837,"Cain, Salazar and Martin",Legal,5000+,0.824,tech_refresh,48,False,1.0,0.8162,1
ACC-004838,Morris LLC,Government,51-200,0.667,leadership_change,37,False,1.0,0.4421,1
ACC-004839,Harrington-Williams,Manufacturing,201-1000,0.389,funding_round,37,False,1.0,0.7804,0
ACC-004840,Rodriguez PLC,Technology,201-1000,0.563,none,7,True,1.0,0.6995,1
ACC-004841,Rodriguez-Barber,Technology,1-50,0.577,leadership_change,13,False,1.0,0.8012,1
ACC-004842,Hubbard-Hardy,Manufacturing,51-200,0.397,none,73,False,1.0,0.8025,0
ACC-004843,"Medina, Mclaughlin and Austin",Government,1-50,0.604,leadership_change,30,False,1.0,0.8377,1
ACC-004844,Ortiz-Roth,Legal,1-50,0.888,compliance_mandate,20,False,0.0,,0
ACC-004845,Hernandez-Peters,Retail,1-50,0.459,none,77,False,1.0,0.8439,0
ACC-004846,"Mckay, Collins and Perez",Healthcare,5000+,0.874,funding_round,119,False,1.0,0.6393,1
ACC-004847,"Edwards, Ortiz and Cummings",Financial Services,1-50,0.96,none,3,False,1.0,0.7309,1
ACC-004848,Smith and Sons,Retail,5000+,0.56,funding_round,7,False,1.0,0.8014,1
ACC-004849,Brown-Moses,Retail,1-50,0.502,funding_round,0,False,1.0,0.8446,1
ACC-004850,"Johnson, Reynolds and Chen",Legal,51-200,1.0,compliance_mandate,2,True,1.0,0.7843,1
ACC-004851,Soto-Lambert,Insurance,201-1000,0.672,leadership_change,16,False,0.0,0.1419,0
ACC-004852,"Wood, Obrien and Smith",Real Estate,1-50,0.599,none,14,False,1.0,0.804,1
ACC-004853,Hanna PLC,Healthcare,51-200,0.743,none,4,False,1.0,0.8281,1
ACC-004854,Powell-Martin,Government,201-1000,0.678,none,111,False,1.0,0.7551,1
ACC-004855,Burch-Robertson,Legal,51-200,0.697,compliance_mandate,19,False,1.0,0.942,1
ACC-004856,Barrett-Thompson,Legal,201-1000,0.946,none,6,True,1.0,0.9134,1
ACC-004857,Hartman-Rhodes,Real Estate,1-50,0.711,compliance_mandate,42,False,1.0,0.6906,1
ACC-004858,"Coleman, Rangel and Tate",Financial Services,1-50,0.95,compliance_mandate,52,False,1.0,0.7627,1
ACC-004859,Chandler Ltd,Retail,201-1000,0.458,none,3,False,1.0,0.5433,0
ACC-004860,Ellis LLC,Legal,1-50,0.975,leadership_change,75,False,1.0,0.6493,1
ACC-004861,Jones Inc,Insurance,51-200,0.633,funding_round,88,True,0.0,0.534,0
ACC-004862,Arias Inc,Government,201-1000,0.334,none,21,False,1.0,0.7555,0
ACC-004863,Berger-Blevins,Insurance,51-200,0.778,none,12,True,1.0,0.5144,1
ACC-004864,Clarke and Sons,Retail,51-200,0.499,leadership_change,58,True,1.0,0.6111,0
ACC-004865,Mcguire-Munoz,Legal,51-200,0.962,leadership_change,7,False,1.0,0.698,1
ACC-004866,Gregory-Luna,Real Estate,1001-5000,0.721,none,8,False,1.0,0.6404,1
ACC-004867,Moody-Owen,Government,1001-5000,0.641,tech_refresh,25,False,1.0,0.9084,1
ACC-004868,Ball-Clark,Legal,201-1000,0.941,none,57,False,1.0,0.7503,1
ACC-004869,"Morgan, Hernandez and Boyer",Technology,51-200,0.542,leadership_change,45,False,1.0,0.7648,1
ACC-004870,"Carson, Scott and Montoya",Insurance,5000+,0.603,none,29,False,0.0,0.5262,0
ACC-004871,"Hernandez, Soto and Rich",Manufacturing,51-200,0.53,leadership_change,39,False,0.0,0.304,0
ACC-004872,"Douglas, Potts and Cole",Legal,1001-5000,1.0,none,0,True,0.0,0.8543,0
ACC-004873,"Owens, Waller and Morris",Healthcare,201-1000,0.577,leadership_change,13,False,1.0,0.5357,1
ACC-004874,"Walter, Tucker and Burke",Legal,1001-5000,1.0,leadership_change,38,False,1.0,0.8819,1
ACC-004875,Carroll Ltd,Insurance,1-50,0.805,tech_refresh,10,False,1.0,0.8604,1
ACC-004876,"Perez, Brewer and Harvey",Technology,1-50,0.456,none,12,False,1.0,0.612,0
ACC-004877,Gonzalez-Martinez,Insurance,51-200,0.857,none,2,False,1.0,0.8401,1
ACC-004878,Sanders-Meadows,Manufacturing,1001-5000,0.461,none,28,False,1.0,0.7126,0
ACC-004879,Moore Inc,Manufacturing,201-1000,0.363,none,32,False,1.0,0.3306,0
ACC-004880,Walker-Pittman,Government,51-200,0.533,none,7,True,1.0,0.6334,1
ACC-004881,Jones-Gonzalez,Manufacturing,1001-5000,0.196,none,20,False,0.0,0.4644,0
ACC-004882,Oliver-Pitts,Technology,1001-5000,0.538,compliance_mandate,32,False,0.0,,0
ACC-004883,"Ortiz, Gonzales and Norman",Healthcare,201-1000,0.779,none,10,False,1.0,0.6454,1
ACC-004884,"Hunt, Anderson and Johnson",Retail,201-1000,0.277,leadership_change,42,False,1.0,0.708,0
ACC-004885,Johnson-Suarez,Retail,1-50,0.276,leadership_change,3,False,1.0,0.6757,0
ACC-004886,Arellano and Sons,Legal,1001-5000,0.894,funding_round,84,False,0.0,0.2548,0
ACC-004887,"Bowman, Holden and Grimes",Legal,1-50,0.858,none,45,False,1.0,0.715,1
ACC-004888,Bridges Ltd,Healthcare,201-1000,0.745,tech_refresh,33,False,1.0,0.8949,1
ACC-004889,"Maynard, Lewis and Gibson",Financial Services,51-200,1.0,funding_round,56,False,1.0,0.8474,1
ACC-004890,Barron Ltd,Retail,51-200,0.136,compliance_mandate,55,True,1.0,0.7392,0
ACC-004891,"Moore, Perry and Wilcox",Technology,1001-5000,0.457,none,25,True,1.0,0.2227,0
ACC-004892,Hayes PLC,Financial Services,1-50,0.985,none,38,False,1.0,0.7854,1
ACC-004893,Khan-Cameron,Retail,51-200,0.549,none,8,True,1.0,0.4404,1
ACC-004894,"Hernandez, Madden and Gomez",Technology,51-200,0.638,none,60,False,0.0,0.3825,0
ACC-004895,Richards Ltd,Financial Services,1-50,0.879,leadership_change,76,True,1.0,0.8101,1
ACC-004896,Schmidt-Williams,Manufacturing,201-1000,0.382,none,30,True,1.0,0.7113,0
ACC-004897,Vaughan LLC,Government,201-1000,0.714,none,8,False,1.0,0.6891,1
ACC-004898,Krause-Jones,Retail,51-200,0.319,none,21,False,0.0,0.256,0
ACC-004899,Ford-Simpson,Technology,51-200,0.384,compliance_mandate,1,True,1.0,0.6465,0
ACC-004900,Monroe Inc,Financial Services,201-1000,0.75,none,40,False,1.0,0.7849,1
ACC-004901,Martinez PLC,Real Estate,201-1000,0.6,none,19,False,1.0,0.7967,1
ACC-004902,"Wilson, Roberts and Dorsey",Real Estate,51-200,0.781,funding_round,86,False,1.0,0.4194,1
ACC-004903,Nelson-Park,Retail,1-50,0.506,none,20,True,1.0,0.8201,1
ACC-004904,"Price, Pham and Nguyen",Real Estate,1-50,0.763,tech_refresh,46,False,1.0,0.8613,1
ACC-004905,"Allen, Howe and Thomas",Legal,201-1000,1.0,none,14,False,1.0,0.8649,1
ACC-004906,"Vega, Williams and White",Healthcare,1-50,0.455,none,2,False,1.0,0.7431,0
ACC-004907,Johnson-Sullivan,Manufacturing,1-50,0.503,none,32,False,1.0,0.8621,1
ACC-004908,Schmidt Ltd,Manufacturing,51-200,0.627,none,96,False,1.0,0.8948,1
ACC-004909,Williams-Garza,Government,51-200,0.741,tech_refresh,23,False,1.0,0.6458,1
ACC-004910,Pittman LLC,Insurance,1-50,1.0,none,5,True,0.0,,0
ACC-004911,"Smith, Turner and Brown",Technology,5000+,0.669,none,7,False,1.0,0.5811,1
ACC-004912,Peterson-Jones,Technology,201-1000,0.696,none,6,False,1.0,0.797,1
ACC-004913,Quinn-Hodge,Healthcare,201-1000,0.554,leadership_change,55,True,1.0,0.8241,1
ACC-004914,"Wood, Nguyen and Lane",Legal,51-200,0.904,none,20,True,1.0,0.862,1
ACC-004915,"Brown, Reed and Mcdonald",Legal,51-200,0.965,none,13,False,1.0,0.6392,1
ACC-004916,Todd PLC,Legal,201-1000,0.841,none,40,False,1.0,0.6844,1
ACC-004917,Stanton Inc,Manufacturing,201-1000,0.33,none,2,False,0.0,0.1184,0
ACC-004918,Gomez and Sons,Retail,1-50,0.503,none,49,True,1.0,0.5208,1
ACC-004919,Long-Carroll,Technology,1001-5000,0.63,tech_refresh,12,False,1.0,0.8171,1
ACC-004920,Collins Ltd,Legal,201-1000,0.794,compliance_mandate,28,False,0.0,,0
ACC-004921,"Mendoza, Cox and Wilson",Insurance,5000+,0.981,none,9,False,1.0,0.8174,1
ACC-004922,Wright-Phillips,Technology,51-200,0.467,funding_round,65,False,1.0,0.6729,0
ACC-004923,Hart-Benson,Manufacturing,1001-5000,0.425,funding_round,40,False,1.0,0.6227,0
ACC-004924,Hicks Group,Government,201-1000,0.832,none,27,False,1.0,0.8702,1
ACC-004925,Medina Ltd,Financial Services,1001-5000,0.906,none,168,False,1.0,0.5428,1
ACC-004926,"Brown, Gardner and Smith",Insurance,1-50,0.789,none,31,False,0.0,0.8115,0
ACC-004927,Ortiz-Johnson,Manufacturing,201-1000,0.42,none,5,False,0.0,0.3641,0
ACC-004928,Morse PLC,Insurance,5000+,0.334,funding_round,23,False,0.0,0.7516,0
ACC-004929,Hammond-Jensen,Legal,51-200,0.776,none,2,False,1.0,0.8209,1
ACC-004930,Lee Group,Real Estate,5000+,0.692,none,10,False,1.0,0.7857,1
ACC-004931,Cantu-Shaw,Retail,201-1000,0.688,compliance_mandate,42,False,1.0,0.5089,1
ACC-004932,Gibson-Rowe,Manufacturing,1-50,0.545,none,136,False,1.0,0.781,1
ACC-004933,Mata LLC,Government,51-200,0.676,tech_refresh,7,True,1.0,0.8862,1
ACC-004934,Jackson-Davidson,Legal,51-200,1.0,tech_refresh,49,True,1.0,0.8664,1
ACC-004935,"Harris, Blake and Lopez",Government,201-1000,0.775,none,18,False,0.0,0.3663,0
ACC-004936,"Mendoza, Oliver and Harrison",Technology,51-200,0.618,none,2,False,1.0,0.4465,1
ACC-004937,"Adams, Stewart and Romero",Financial Services,51-200,0.804,compliance_mandate,33,False,0.0,0.2304,0
ACC-004938,"Sweeney, Williams and Barber",Healthcare,1-50,0.441,none,85,False,1.0,0.6634,0
ACC-004939,"Castillo, Nelson and Cook",Healthcare,1-50,0.693,none,8,False,1.0,0.7157,1
ACC-004940,Martin-Cardenas,Technology,51-200,0.676,none,25,False,1.0,0.7474,1
ACC-004941,Richards PLC,Retail,201-1000,0.521,none,35,True,1.0,0.6226,1
ACC-004942,Mullins-Mccann,Technology,51-200,0.503,tech_refresh,3,False,1.0,0.7011,1
ACC-004943,"Fields, Hunt and Garcia",Manufacturing,51-200,0.528,none,61,False,1.0,0.4771,1
ACC-004944,Pierce-Williams,Manufacturing,51-200,0.402,leadership_change,9,False,0.0,0.1425,0
ACC-004945,Ball-Clark,Retail,1001-5000,0.431,none,15,True,1.0,0.6125,0
ACC-004946,Stevens-Charles,Financial Services,201-1000,0.969,none,4,True,1.0,0.7286,1
ACC-004947,"Davis, Smith and Rogers",Healthcare,51-200,0.564,none,1,False,1.0,0.6667,1
ACC-004948,Young Ltd,Real Estate,51-200,1.0,none,36,True,1.0,0.7775,1
ACC-004949,Watson and Sons,Healthcare,51-200,0.564,leadership_change,0,True,1.0,0.6464,1
ACC-004950,"Marks, Garcia and Sherman",Financial Services,1001-5000,1.0,funding_round,17,False,0.0,0.6843,0
ACC-004951,Salinas Ltd,Legal,1001-5000,1.0,none,16,False,1.0,0.421,1
ACC-004952,"Watts, Reese and Diaz",Real Estate,1-50,0.77,leadership_change,47,False,1.0,0.7011,1
ACC-004953,"Garcia, Stevens and Hayden",Real Estate,1-50,0.984,compliance_mandate,35,False,1.0,0.6601,1
ACC-004954,"Smith, Patterson and Scott",Manufacturing,201-1000,0.411,none,115,False,0.0,0.4248,0
ACC-004955,Sanders-Acevedo,Retail,1001-5000,0.452,none,2,False,1.0,0.6516,0
ACC-004956,Bennett-Smith,Government,5000+,0.4,none,10,True,1.0,0.8272,0
ACC-004957,Butler Inc,Manufacturing,51-200,0.204,leadership_change,21,False,1.0,0.6362,0
ACC-004958,Richardson and Sons,Financial Services,5000+,0.712,none,31,True,1.0,0.7339,1
ACC-004959,"Williams, Carter and Smith",Financial Services,201-1000,0.949,none,12,False,0.0,,0
ACC-004960,"Medina, Thompson and Williams",Manufacturing,1001-5000,0.469,funding_round,9,True,1.0,0.8078,0
ACC-004961,"Williams, Johnson and Ruiz",Financial Services,5000+,0.718,none,10,False,1.0,0.2555,1
ACC-004962,"Dillon, Turner and Cantrell",Healthcare,51-200,0.678,leadership_change,11,False,1.0,0.7499,1
ACC-004963,Howell Ltd,Financial Services,1-50,0.952,leadership_change,19,False,1.0,0.9321,1
ACC-004964,"Miller, Vasquez and Martin",Legal,201-1000,0.805,none,30,False,1.0,0.3925,1
ACC-004965,"Brown, Miller and Sandoval",Legal,1-50,0.798,none,98,False,0.0,,0
ACC-004966,Scott PLC,Government,51-200,0.566,compliance_mandate,28,False,1.0,0.6475,1
ACC-004967,Bird-Wilson,Legal,201-1000,0.715,tech_refresh,22,False,1.0,0.6083,1
ACC-004968,Russell Inc,Financial Services,5000+,0.831,none,4,False,1.0,0.7589,1
ACC-004969,"Sullivan, Rodriguez and Coleman",Healthcare,1-50,0.883,funding_round,4,False,1.0,0.7232,1
ACC-004970,Le-Carter,Legal,1-50,0.966,compliance_mandate,30,False,0.0,0.4388,0
ACC-004971,Johnson Group,Insurance,1-50,0.628,funding_round,10,False,0.0,0.315,0
ACC-004972,Warren PLC,Manufacturing,1-50,0.46,none,1,False,1.0,0.8257,0
ACC-004973,"Brown, Price and Pacheco",Financial Services,1-50,0.839,none,109,True,1.0,0.731,1
ACC-004974,Andrews PLC,Insurance,1-50,0.814,none,12,False,1.0,0.6608,1
ACC-004975,"Lopez, Richardson and Klein",Retail,201-1000,0.466,none,19,True,1.0,0.7974,0
ACC-004976,Valencia-Bean,Manufacturing,51-200,0.53,none,13,False,1.0,0.5459,1
ACC-004977,Pratt-Ingram,Government,5000+,0.476,tech_refresh,6,True,1.0,0.776,0
ACC-004978,Miller Ltd,Real Estate,5000+,0.46,leadership_change,40,False,1.0,0.7265,0
ACC-004979,Herrera PLC,Technology,1001-5000,0.447,funding_round,24,False,1.0,0.6579,0
ACC-004980,Robinson Group,Retail,51-200,0.412,funding_round,22,False,1.0,0.4448,0
ACC-004981,"Randolph, Santana and Riley",Manufacturing,51-200,0.401,none,44,False,0.0,0.1993,0
ACC-004982,"Turner, Pollard and Alvarado",Government,51-200,0.549,none,123,False,0.0,0.1479,0
ACC-004983,Fox-Perez,Government,1-50,0.561,compliance_mandate,7,False,1.0,0.7344,1
ACC-004984,Berry LLC,Retail,51-200,0.304,tech_refresh,17,True,1.0,0.9094,0
ACC-004985,"Francis, Donaldson and Ferguson",Healthcare,1-50,0.652,compliance_mandate,7,False,1.0,0.7758,1
ACC-004986,Martinez-Robinson,Technology,201-1000,0.335,tech_refresh,35,False,0.0,0.2203,0
ACC-004987,Stevens-Pineda,Retail,1001-5000,0.417,tech_refresh,44,False,1.0,0.4875,0
ACC-004988,"White, Rose and Sanchez",Healthcare,51-200,0.492,compliance_mandate,10,False,1.0,0.3627,0
ACC-004989,"Harvey, Higgins and Stevens",Healthcare,201-1000,0.669,none,23,False,1.0,0.7933,1
ACC-004990,"Garcia, Jones and Rivera",Manufacturing,1-50,0.544,tech_refresh,2,False,1.0,0.3697,1
ACC-004991,"George, Wilson and Webb",Technology,1001-5000,0.541,leadership_change,159,False,1.0,0.6874,1
ACC-004992,Smith-Sandoval,Retail,201-1000,0.36,funding_round,3,True,1.0,0.7236,0
ACC-004993,Fernandez-Baxter,Financial Services,1001-5000,0.733,tech_refresh,15,False,0.0,,0
ACC-004994,"Smith, Ramos and Burke",Healthcare,1001-5000,0.834,none,11,False,0.0,0.558,0
ACC-004995,"Nash, Pineda and Jones",Financial Services,201-1000,0.979,none,60,False,0.0,0.2315,0
ACC-004996,Andrews-Anderson,Legal,51-200,0.961,compliance_mandate,40,False,1.0,0.5992,1
ACC-004997,"Romero, Lewis and Adams",Real Estate,51-200,0.796,none,23,False,1.0,0.5929,1
ACC-004998,Barton-Butler,Real Estate,1-50,0.828,leadership_change,5,False,1.0,0.5657,1
ACC-004999,"Cervantes, Todd and Lewis",Real Estate,5000+,0.644,compliance_mandate,13,False,1.0,0.7822,1
