account_id,company_name,industry,company_size,icp_fit_score,trigger_event,days_since_last_touch,existing_customer,any_converted,max_prob,account_ptb_label,gtm_fit_label
ACC-000000,Nelson Ltd,Financial Services,51-200,0.94,leadership_change,2,False,1.0,0.8805,1,1
ACC-000001,"Jackson, David and Jarvis",Retail,201-1000,0.362,none,31,False,1.0,0.5675,0,0
ACC-000002,"Carr, Kelly and Lam",Healthcare,201-1000,0.785,none,4,False,1.0,0.8426,1,1
ACC-000003,Pierce-Hamilton,Insurance,1-50,0.855,funding_round,37,False,1.0,0.901,1,1
ACC-000004,"Riley, Gonzales and Wilkinson",Financial Services,1001-5000,0.799,none,13,True,0.0,0.3216,0,1
ACC-000005,"Edwards, Garcia and Cordova",Insurance,1-50,0.802,leadership_change,37,False,1.0,0.379,1,1
ACC-000006,Garcia-Rivera,Insurance,51-200,0.885,none,9,False,1.0,0.8304,1,1
ACC-000007,"Wagner, Jones and Banks",Real Estate,201-1000,0.889,compliance_mandate,32,False,1.0,0.6368,1,1
ACC-000008,Thomas and Sons,Retail,1001-5000,0.414,none,9,True,0.0,0.2515,0,0
ACC-000009,Ramos-Holden,Government,1-50,0.608,leadership_change,39,False,1.0,0.7236,1,0
ACC-000010,"Ramos, Manning and Ford",Legal,51-200,0.823,none,3,False,1.0,0.6102,1,1
ACC-000011,Dickson Group,Government,51-200,0.398,leadership_change,63,False,0.0,0.4252,0,0
ACC-000012,"Esparza, White and Harris",Financial Services,51-200,0.808,none,18,False,1.0,0.4546,1,1
ACC-000013,"Cline, Barrett and Clayton",Manufacturing,1001-5000,0.314,none,27,False,0.0,0.4386,0,0
ACC-000014,Snow Group,Real Estate,51-200,0.819,funding_round,8,False,1.0,0.6025,1,1
ACC-000015,Curry Inc,Manufacturing,1-50,0.406,none,51,False,0.0,0.0279,0,0
ACC-000016,Page Inc,Retail,51-200,0.458,leadership_change,38,False,1.0,0.6177,0,0
ACC-000017,"Graham, Jacobson and Flores",Healthcare,51-200,0.64,none,2,True,1.0,0.6152,1,0
ACC-000018,"Johnson, Adkins and Lucero",Real Estate,1001-5000,0.691,none,33,False,0.0,0.7458,0,1
ACC-000019,"Wagner, Ramirez and Howell",Insurance,201-1000,0.638,none,6,False,1.0,0.6255,1,0
ACC-000020,Smith-Knapp,Healthcare,1-50,0.702,funding_round,12,False,1.0,0.764,1,1
ACC-000021,"Lopez, Estrada and Flowers",Technology,201-1000,0.486,none,5,False,1.0,0.4385,0,0
ACC-000022,Guerrero-Young,Financial Services,1-50,0.872,none,27,False,0.0,0.3634,0,1
ACC-000023,Matthews PLC,Manufacturing,1-50,0.626,funding_round,24,False,0.0,0.2124,0,0
ACC-000024,Robertson-Chavez,Insurance,51-200,0.826,none,162,False,1.0,0.4559,1,1
ACC-000025,Cortez-Murillo,Manufacturing,201-1000,0.551,none,8,False,0.0,0.3651,0,0
ACC-000026,Smith-Garcia,Healthcare,51-200,0.682,none,14,False,0.0,0.8128,0,1
ACC-000027,Walker-Rivas,Manufacturing,1-50,0.578,compliance_mandate,17,False,1.0,0.6233,1,0
ACC-000028,Stark-Wallace,Legal,201-1000,0.894,leadership_change,3,True,1.0,0.8813,1,1
ACC-000029,Dixon-Hernandez,Financial Services,1001-5000,0.708,none,13,False,1.0,0.655,1,1
ACC-000030,"Stanley, Howe and Lopez",Legal,1001-5000,0.792,tech_refresh,9,False,0.0,0.3759,0,1
ACC-000031,"Sanchez, Mayer and Reyes",Government,1-50,0.521,none,5,False,1.0,0.379,1,0
ACC-000032,Flores PLC,Insurance,1001-5000,0.939,compliance_mandate,35,False,0.0,,0,1
ACC-000033,"Moore, Trevino and Fernandez",Insurance,51-200,0.776,funding_round,19,True,1.0,0.8591,1,1
ACC-000034,"Nichols, Wilson and Patrick",Retail,1-50,0.253,none,4,False,1.0,0.815,0,0
ACC-000035,Curtis PLC,Retail,1-50,0.354,funding_round,104,True,0.0,0.5748,0,0
ACC-000036,"Thornton, Woodard and Harris",Legal,201-1000,0.853,none,5,True,0.0,,0,1
ACC-000037,Sanchez Inc,Legal,1-50,0.911,leadership_change,3,False,1.0,0.8035,1,1
ACC-000038,Martinez-Hart,Insurance,51-200,0.645,compliance_mandate,22,False,1.0,0.5902,1,0
ACC-000039,"Sweeney, Gomez and Ryan",Retail,1-50,0.342,none,25,False,0.0,0.658,0,0
ACC-000040,Robinson-Leach,Legal,1-50,0.816,none,45,False,1.0,0.6322,1,1
ACC-000041,Frost-Guerra,Insurance,1-50,0.761,none,60,False,1.0,0.5293,1,1
ACC-000042,Palmer and Sons,Healthcare,1001-5000,0.474,leadership_change,1,True,1.0,0.7484,0,0
ACC-000043,Houston-Alvarez,Insurance,1001-5000,0.672,none,58,False,1.0,0.34,1,1
ACC-000044,"Perez, Scott and Young",Insurance,201-1000,0.686,none,7,False,0.0,0.3701,0,1
ACC-000045,Love Group,Government,1001-5000,0.424,none,30,False,0.0,0.2719,0,0
ACC-000046,Arnold Group,Government,1-50,0.459,funding_round,2,False,1.0,0.703,0,0
ACC-000047,"Lee, Brown and Baker",Government,51-200,0.571,tech_refresh,9,False,1.0,0.7902,1,0
ACC-000048,"Silva, Vincent and Sullivan",Manufacturing,1-50,0.421,none,0,False,1.0,0.235,0,0
ACC-000049,Wilson Ltd,Healthcare,201-1000,0.669,none,5,False,1.0,0.7196,1,1
ACC-000050,"Carter, Buck and Hall",Government,1-50,0.588,none,9,False,1.0,0.7452,1,0
ACC-000051,Daniels Ltd,Government,1-50,0.467,compliance_mandate,1,False,1.0,0.7156,0,0
ACC-000052,Cox-Brown,Retail,1001-5000,0.455,tech_refresh,95,False,0.0,,0,0
ACC-000053,Hernandez Inc,Financial Services,201-1000,0.815,none,34,False,0.0,0.6606,0,1
ACC-000054,"Wolfe, West and Miller",Insurance,51-200,0.722,funding_round,27,True,1.0,0.8209,1,1
ACC-000055,Dean Ltd,Government,51-200,0.639,none,8,False,0.0,,0,0
ACC-000056,Johnson-Thomas,Retail,51-200,0.274,none,34,False,0.0,,0,0
ACC-000057,Pugh-Burke,Legal,51-200,1.0,none,86,False,0.0,,0,1
ACC-000058,"Riggs, Sexton and Nelson",Healthcare,51-200,0.658,none,39,False,1.0,0.3448,1,1
ACC-000059,"Rodriguez, Klein and Crane",Government,201-1000,0.577,funding_round,2,False,1.0,0.6038,1,0
ACC-000060,Hernandez-Hebert,Manufacturing,5000+,0.442,tech_refresh,17,False,1.0,0.5663,0,0
ACC-000061,"Morris, Pollard and Lowe",Financial Services,201-1000,0.766,tech_refresh,22,False,0.0,0.4664,0,1
ACC-000062,Mason-Andrews,Financial Services,201-1000,0.772,funding_round,17,False,1.0,0.7145,1,1
ACC-000063,Andrews and Sons,Financial Services,51-200,0.859,leadership_change,28,False,0.0,0.3676,0,1
ACC-000064,"Warren, Garcia and Lowe",Healthcare,1-50,0.46,none,59,False,1.0,0.5556,0,0
ACC-000065,Johnson Group,Insurance,201-1000,0.848,none,28,False,1.0,0.6996,1,1
ACC-000066,Nelson-Shepard,Manufacturing,51-200,0.432,none,5,False,1.0,0.7177,0,0
ACC-000067,Lopez Ltd,Legal,51-200,0.885,leadership_change,40,False,1.0,0.421,1,1
ACC-000068,Ramos Ltd,Real Estate,51-200,0.801,tech_refresh,22,False,0.0,0.4205,0,1
ACC-000069,"Rush, Oliver and Smith",Government,1-50,0.879,funding_round,5,False,0.0,0.7655,0,1
ACC-000070,Hayes-Abbott,Financial Services,1-50,1.0,compliance_mandate,68,False,0.0,0.2994,0,1
ACC-000071,Wilkinson Group,Retail,51-200,0.453,tech_refresh,24,True,0.0,,0,0
ACC-000072,Nelson-Wilson,Real Estate,1001-5000,0.743,compliance_mandate,0,False,0.0,0.3171,0,1
ACC-000073,Holmes-Krause,Insurance,201-1000,0.767,none,28,True,1.0,0.8366,1,1
ACC-000074,"Jackson, Young and Grant",Legal,1-50,0.924,none,116,False,1.0,0.9256,1,1
ACC-000075,"Gomez, Sheppard and Smith",Legal,1-50,0.886,none,29,False,0.0,0.2026,0,1
ACC-000076,Adams Ltd,Insurance,1001-5000,0.669,compliance_mandate,59,False,1.0,0.86,1,1
ACC-000077,"Young, Morris and Soto",Legal,201-1000,1.0,none,24,True,1.0,0.9539,1,1
ACC-000078,Marquez-Steele,Retail,201-1000,0.411,compliance_mandate,7,False,1.0,0.6748,0,0
ACC-000079,Hampton PLC,Technology,1-50,0.507,leadership_change,35,False,1.0,0.8038,1,0
ACC-000080,Garcia LLC,Technology,201-1000,0.607,compliance_mandate,19,True,1.0,0.8492,1,0
ACC-000081,Stephens and Sons,Financial Services,1-50,0.786,tech_refresh,53,False,0.0,0.2703,0,1
ACC-000082,"Wiley, Higgins and Banks",Legal,51-200,0.943,tech_refresh,12,False,1.0,0.6508,1,1
ACC-000083,"Christensen, Smith and Mckenzie",Manufacturing,201-1000,0.41,tech_refresh,2,False,1.0,0.5901,0,0
ACC-000084,"Steele, Cox and Newton",Retail,51-200,0.649,none,0,False,0.0,0.1036,0,0
ACC-000085,Mills-Mcbride,Real Estate,51-200,0.84,funding_round,35,False,1.0,0.7577,1,1
ACC-000086,Carlson-Smith,Government,51-200,0.466,none,8,False,1.0,0.4238,0,0
ACC-000087,Welch-Tran,Healthcare,1-50,0.535,funding_round,45,False,1.0,0.4229,1,0
ACC-000088,Crosby-Miller,Manufacturing,51-200,0.409,none,21,False,0.0,0.692,0,0
ACC-000089,"Dennis, Wiley and Williams",Manufacturing,51-200,0.477,leadership_change,5,False,0.0,0.3008,0,0
ACC-000090,"Mcdonald, Thompson and Aguilar",Government,51-200,0.506,none,35,False,1.0,0.5836,1,0
ACC-000091,Thompson Group,Technology,1-50,0.63,compliance_mandate,2,False,1.0,0.6159,1,0
ACC-000092,Jefferson PLC,Manufacturing,1-50,0.562,leadership_change,0,False,1.0,0.788,1,0
ACC-000093,"Lopez, Diaz and Ewing",Real Estate,1001-5000,0.964,none,68,True,0.0,0.5957,0,1
ACC-000094,Rogers Ltd,Technology,5000+,0.84,leadership_change,12,False,1.0,0.7793,1,1
ACC-000095,"Miller, Gardner and Palmer",Real Estate,201-1000,0.764,funding_round,0,False,1.0,0.8828,1,1
ACC-000096,Wells-Gordon,Retail,1-50,0.317,compliance_mandate,17,False,0.0,0.2017,0,0
ACC-000097,Cooper LLC,Technology,1-50,0.718,none,8,False,1.0,0.678,1,1
ACC-000098,"Phillips, Freeman and Giles",Financial Services,51-200,0.807,none,41,True,1.0,0.77,1,1
ACC-000099,"Sanchez, Cooper and Bass",Real Estate,1-50,0.876,none,55,False,1.0,0.6726,1,1
ACC-000100,"Ryan, Richards and Moore",Financial Services,1-50,0.751,funding_round,42,False,1.0,0.7506,1,1
ACC-000101,"Newman, Hurst and Ramos",Financial Services,201-1000,0.874,none,19,False,1.0,0.8597,1,1
ACC-000102,"Marsh, Bailey and Lee",Insurance,51-200,0.786,compliance_mandate,85,False,1.0,0.8542,1,1
ACC-000103,Greene and Sons,Government,51-200,0.476,none,4,False,1.0,0.5287,0,0
ACC-000104,"Jackson, Brooks and Stewart",Insurance,201-1000,0.658,none,17,True,1.0,0.8263,1,1
ACC-000105,Johnson Inc,Insurance,5000+,0.816,none,14,True,1.0,0.9635,1,1
ACC-000106,Johnson-Juarez,Real Estate,201-1000,0.823,tech_refresh,20,False,1.0,0.5733,1,1
ACC-000107,Vaughn-Melton,Legal,201-1000,0.944,leadership_change,131,False,1.0,0.6901,1,1
ACC-000108,Morgan Ltd,Technology,1-50,0.79,none,25,False,1.0,0.2411,1,1
ACC-000109,Marquez-Garcia,Government,5000+,0.453,none,43,False,0.0,0.2584,0,0
ACC-000110,"Martinez, Cannon and Saunders",Manufacturing,1-50,0.296,leadership_change,31,False,1.0,0.5338,0,0
ACC-000111,"Meyers, Gonzales and Randall",Real Estate,51-200,0.587,none,19,True,0.0,0.6788,0,0
ACC-000112,"Gibson, Smith and Taylor",Healthcare,1001-5000,0.715,compliance_mandate,1,False,0.0,0.1133,0,1
ACC-000113,Jones Group,Technology,1-50,0.426,leadership_change,18,False,1.0,0.6489,0,0
ACC-000114,"Jacobson, Perez and Sanders",Financial Services,201-1000,0.936,none,4,False,1.0,0.8247,1,1
ACC-000115,Robles-Jensen,Government,1001-5000,0.604,none,29,True,0.0,0.4671,0,0
ACC-000116,"Barnes, Lewis and Cross",Retail,1001-5000,0.564,none,42,False,0.0,0.8498,0,0
ACC-000117,"Johnson, Roman and Matthews",Real Estate,1001-5000,0.751,funding_round,9,False,1.0,0.7952,1,1
ACC-000118,"Porter, Sanchez and Ali",Technology,1-50,0.62,none,18,False,1.0,0.7919,1,0
ACC-000119,Ortiz-Lester,Government,5000+,0.621,none,6,False,0.0,,0,0
ACC-000120,Lee and Sons,Healthcare,201-1000,0.442,none,19,False,0.0,0.21,0,0
ACC-000121,Gonzalez-Freeman,Insurance,1-50,0.95,none,6,True,1.0,0.5446,1,1
ACC-000122,Green Group,Legal,201-1000,1.0,none,46,False,1.0,0.4135,1,1
ACC-000123,Chapman-Gonzalez,Technology,51-200,0.509,compliance_mandate,10,False,1.0,0.5363,1,0
ACC-000124,Frederick-Hawkins,Insurance,51-200,0.442,funding_round,35,False,0.0,0.1066,0,0
ACC-000125,Lawrence-Wilson,Insurance,1-50,0.85,none,32,False,1.0,0.9101,1,1
ACC-000126,Gallegos Group,Financial Services,201-1000,0.83,none,39,False,1.0,0.93,1,1
ACC-000127,Morris-Oliver,Manufacturing,201-1000,0.398,none,19,True,1.0,0.6534,0,0
ACC-000128,Hill LLC,Real Estate,5000+,0.838,none,0,False,1.0,0.7616,1,1
ACC-000129,"Huff, Williams and Daugherty",Manufacturing,1-50,0.356,none,1,False,1.0,0.7217,0,0
ACC-000130,Clark-Smith,Legal,51-200,0.871,none,7,True,1.0,0.8483,1,1
ACC-000131,Harper-Thompson,Technology,201-1000,0.441,none,17,False,0.0,0.0839,0,0
ACC-000132,"Orozco, Mccormick and Gonzalez",Healthcare,1-50,0.526,none,14,False,1.0,0.4475,1,0
ACC-000133,Leon LLC,Financial Services,51-200,0.932,leadership_change,18,False,1.0,0.8761,1,1
ACC-000134,"Michael, Nichols and Zavala",Legal,1-50,0.72,leadership_change,21,False,1.0,0.7561,1,1
ACC-000135,"Farrell, Montgomery and Ramirez",Legal,5000+,0.763,none,20,True,0.0,,0,1
ACC-000136,"Lara, Gonzales and Johnson",Manufacturing,1-50,0.483,none,2,True,1.0,0.5015,0,0
ACC-000137,Rush-Todd,Financial Services,1-50,0.58,none,57,False,0.0,0.3063,0,0
ACC-000138,"Farley, Adkins and Brown",Retail,1-50,0.512,funding_round,2,False,1.0,0.3515,1,0
ACC-000139,Brown-Williams,Government,1001-5000,0.601,tech_refresh,62,False,1.0,0.8528,1,0
ACC-000140,"Williams, Lewis and Dodson",Insurance,51-200,0.639,none,74,False,1.0,0.9307,1,0
ACC-000141,Gonzalez Inc,Insurance,1-50,0.826,none,6,True,1.0,0.8136,1,1
ACC-000142,"Perez, Torres and Bauer",Retail,1-50,0.333,leadership_change,74,False,1.0,0.7445,0,0
ACC-000143,"Jones, Thomas and Jackson",Real Estate,51-200,0.831,funding_round,1,True,0.0,0.4899,0,1
ACC-000144,Sullivan-Bell,Retail,1-50,0.407,tech_refresh,0,True,1.0,0.6947,0,0
ACC-000145,Graham Group,Retail,5000+,0.507,none,80,False,0.0,0.4858,0,0
ACC-000146,"Ochoa, French and Fox",Real Estate,201-1000,0.782,none,43,False,1.0,0.6772,1,1
ACC-000147,Lyons-Perez,Technology,201-1000,0.336,none,32,False,1.0,0.4218,0,0
ACC-000148,Arnold PLC,Government,1-50,0.499,funding_round,39,False,1.0,0.8463,0,0
ACC-000149,"Perez, Chen and Brown",Government,201-1000,0.732,leadership_change,42,False,1.0,0.6594,1,1
ACC-000150,Nelson-Jones,Insurance,1-50,0.681,none,61,True,0.0,,0,1
ACC-000151,Burgess Group,Technology,1001-5000,0.502,leadership_change,4,False,1.0,0.8622,1,0
ACC-000152,Smith-Turner,Legal,1-50,0.761,none,55,False,1.0,0.7007,1,1
ACC-000153,Smith-Steele,Healthcare,51-200,0.636,leadership_change,20,False,1.0,0.8432,1,0
ACC-000154,Martinez LLC,Insurance,1-50,0.704,compliance_mandate,21,True,1.0,0.8522,1,1
ACC-000155,"Hogan, Davis and Smith",Manufacturing,1-50,0.67,none,59,False,1.0,0.8004,1,1
ACC-000156,Bryant Group,Government,1001-5000,0.616,none,65,False,1.0,0.9272,1,0
ACC-000157,Walker LLC,Retail,51-200,0.516,tech_refresh,51,True,1.0,0.7766,1,0
ACC-000158,"Williams, Donaldson and Nash",Real Estate,51-200,0.802,none,3,False,1.0,0.8124,1,1
ACC-000159,Barnes-Jimenez,Real Estate,5000+,0.682,none,120,False,0.0,,0,1
ACC-000160,"Brooks, Mueller and Bender",Real Estate,1-50,0.639,none,52,False,1.0,0.2773,1,0
ACC-000161,"Figueroa, Walter and Barrett",Legal,1-50,0.779,tech_refresh,170,False,1.0,0.7045,1,1
ACC-000162,Fisher-Hodges,Government,1-50,0.573,leadership_change,66,False,0.0,0.322,0,0
ACC-000163,Washington-Scott,Financial Services,5000+,0.717,tech_refresh,3,True,1.0,0.7927,1,1
ACC-000164,"Williams, Hood and Solis",Insurance,51-200,0.45,compliance_mandate,40,False,0.0,0.3021,0,0
ACC-000165,Hill and Sons,Legal,1-50,0.905,none,7,False,1.0,0.9163,1,1
ACC-000166,Hardin and Sons,Technology,1-50,0.366,none,41,False,1.0,0.5155,0,0
ACC-000167,"Kelly, Reynolds and Perry",Retail,1-50,0.325,none,62,True,1.0,0.5004,0,0
ACC-000168,"Martinez, Delgado and Murray",Real Estate,1001-5000,0.71,none,2,False,1.0,0.7218,1,1
ACC-000169,Robertson-Carson,Legal,201-1000,1.0,compliance_mandate,23,False,1.0,0.8052,1,1
ACC-000170,Martin Ltd,Retail,1-50,0.362,tech_refresh,76,False,1.0,0.5295,0,0
ACC-000171,Lam-Kelly,Legal,51-200,1.0,none,48,False,1.0,0.2925,1,1
ACC-000172,Reynolds Inc,Real Estate,1-50,0.854,none,59,True,1.0,0.713,1,1
ACC-000173,Hill PLC,Healthcare,51-200,0.512,none,2,True,1.0,0.5637,1,0
ACC-000174,"Bryant, Stephens and Reed",Healthcare,51-200,0.709,none,13,False,1.0,0.7794,1,1
ACC-000175,Reese-White,Insurance,1-50,0.398,compliance_mandate,46,False,1.0,0.513,0,0
ACC-000176,"Young, Guzman and Martinez",Government,5000+,0.461,none,4,False,1.0,0.7363,0,0
ACC-000177,"Reeves, Brown and Anderson",Healthcare,201-1000,0.65,leadership_change,21,False,1.0,0.6707,1,1
ACC-000178,Harris Inc,Technology,201-1000,0.546,tech_refresh,33,True,1.0,0.6512,1,0
ACC-000179,Brown-Barrett,Real Estate,51-200,0.804,none,15,False,1.0,0.7826,1,1
ACC-000180,Long LLC,Healthcare,51-200,0.525,none,14,False,0.0,0.155,0,0
ACC-000181,Jones and Sons,Insurance,51-200,0.806,none,8,False,0.0,0.3621,0,1
ACC-000182,Aguilar and Sons,Insurance,1-50,0.581,compliance_mandate,11,False,1.0,0.7667,1,0
ACC-000183,Perez-Williams,Government,51-200,0.542,none,15,False,1.0,0.6683,1,0
ACC-000184,Smith PLC,Retail,51-200,0.442,leadership_change,47,False,0.0,0.432,0,0
ACC-000185,"Stone, Smith and Johnson",Retail,51-200,0.393,none,9,False,0.0,0.2941,0,0
ACC-000186,Fox Inc,Legal,1-50,0.98,funding_round,68,True,1.0,0.6411,1,1
ACC-000187,Johnson and Sons,Healthcare,51-200,0.823,leadership_change,63,False,1.0,0.7539,1,1
ACC-000188,"Oliver, Norman and Jackson",Insurance,1-50,0.717,none,29,False,1.0,0.693,1,1
ACC-000189,White LLC,Retail,1001-5000,0.449,none,56,False,1.0,0.785,0,0
ACC-000190,Brandt PLC,Manufacturing,1-50,0.449,none,32,False,0.0,0.5891,0,0
ACC-000191,"Mcconnell, Barnes and Benjamin",Manufacturing,201-1000,0.508,none,62,False,0.0,,0,0
ACC-000192,"Howard, Giles and Goodwin",Real Estate,5000+,0.881,none,20,False,1.0,0.6999,1,1
ACC-000193,"Cox, Rivera and Rhodes",Real Estate,201-1000,0.709,none,67,False,1.0,0.5226,1,1
ACC-000194,Bates Ltd,Legal,5000+,0.751,leadership_change,23,False,1.0,0.6812,1,1
ACC-000195,"Cameron, Hester and Bailey",Government,51-200,0.777,funding_round,25,False,1.0,0.7886,1,1
ACC-000196,"King, Wright and Walsh",Technology,51-200,0.724,compliance_mandate,27,True,1.0,0.8437,1,1
ACC-000197,Murray Group,Manufacturing,1-50,0.321,leadership_change,50,True,0.0,,0,0
ACC-000198,"Hess, Hunt and Harrison",Retail,1-50,0.372,tech_refresh,13,True,0.0,0.5555,0,0
ACC-000199,Reed-Jones,Retail,51-200,0.737,tech_refresh,92,True,1.0,0.9173,1,1
ACC-000200,Madden Ltd,Insurance,201-1000,0.757,compliance_mandate,14,True,1.0,0.6888,1,1
ACC-000201,Gonzalez PLC,Healthcare,1001-5000,0.728,none,12,False,1.0,0.5214,1,1
ACC-000202,Dorsey-Chaney,Legal,201-1000,0.821,tech_refresh,56,True,1.0,0.785,1,1
ACC-000203,Cox and Sons,Retail,201-1000,0.517,none,26,False,1.0,0.4833,1,0
ACC-000204,Marshall-Kennedy,Healthcare,201-1000,0.518,leadership_change,39,False,1.0,0.3039,1,0
ACC-000205,Simpson Ltd,Financial Services,51-200,0.951,leadership_change,88,False,1.0,0.747,1,1
ACC-000206,"Thompson, Kelley and Crosby",Healthcare,1-50,0.659,none,3,False,0.0,0.7042,0,1
ACC-000207,Wagner-Wright,Insurance,1-50,0.804,none,10,False,1.0,0.4814,1,1
ACC-000208,"Hall, Williams and Hardin",Financial Services,201-1000,1.0,none,10,False,1.0,0.7221,1,1
ACC-000209,Rosales Ltd,Financial Services,1001-5000,0.818,compliance_mandate,3,False,1.0,0.5928,1,1
ACC-000210,"Morris, Stewart and Juarez",Technology,1-50,0.554,none,43,False,1.0,0.5109,1,0
ACC-000211,Christian Ltd,Retail,51-200,0.16,none,40,True,0.0,0.289,0,0
ACC-000212,Cooper Ltd,Retail,1-50,0.522,compliance_mandate,33,False,1.0,0.5751,1,0
ACC-000213,Johnson PLC,Financial Services,1-50,0.783,none,20,False,1.0,0.9001,1,1
ACC-000214,"Johnston, Jones and Perez",Insurance,1001-5000,0.58,none,85,False,0.0,0.2421,0,0
ACC-000215,"Carr, Roberson and Soto",Insurance,201-1000,0.632,funding_round,216,False,0.0,0.3894,0,0
ACC-000216,Hill-Young,Technology,1-50,0.412,none,5,False,1.0,0.7599,0,0
ACC-000217,Haynes-Butler,Financial Services,201-1000,0.658,funding_round,22,False,1.0,0.9001,1,1
ACC-000218,Mason Inc,Healthcare,51-200,0.753,leadership_change,2,True,1.0,0.8385,1,1
ACC-000219,Ford PLC,Technology,1-50,0.512,funding_round,16,False,1.0,0.4102,1,0
ACC-000220,Brown PLC,Financial Services,51-200,0.819,none,3,False,0.0,0.5775,0,1
ACC-000221,Andrews-Montgomery,Technology,1-50,0.439,none,6,False,1.0,0.6718,0,0
ACC-000222,Johnson PLC,Financial Services,1-50,0.838,compliance_mandate,38,False,1.0,0.806,1,1
ACC-000223,"Jones, Graham and Brown",Real Estate,1-50,1.0,none,18,False,0.0,0.3018,0,1
ACC-000224,Powers-Chaney,Government,5000+,0.282,none,17,False,1.0,0.5525,0,0
ACC-000225,"Johnson, King and Lopez",Government,1-50,0.759,leadership_change,50,False,1.0,0.7121,1,1
ACC-000226,Holloway and Sons,Healthcare,1-50,0.713,none,62,False,1.0,0.4054,1,1
ACC-000227,Guzman and Sons,Insurance,1001-5000,0.684,tech_refresh,10,False,0.0,0.6726,0,1
ACC-000228,Valentine-Garcia,Legal,51-200,0.939,funding_round,3,False,1.0,0.3865,1,1
ACC-000229,Schmidt-Young,Insurance,1-50,0.936,compliance_mandate,41,False,0.0,,0,1
ACC-000230,Mckinney-Garcia,Retail,51-200,0.408,tech_refresh,36,False,0.0,,0,0
ACC-000231,Herring PLC,Real Estate,51-200,0.916,funding_round,31,False,1.0,0.8342,1,1
ACC-000232,Herrera and Sons,Real Estate,51-200,0.893,none,9,True,1.0,0.6436,1,1
ACC-000233,Williams Inc,Technology,201-1000,0.562,none,63,False,1.0,0.5099,1,0
ACC-000234,"Cruz, Williams and Jones",Technology,1001-5000,0.629,funding_round,38,True,1.0,0.7762,1,0
ACC-000235,"Travis, Davis and Howell",Legal,5000+,0.855,tech_refresh,23,True,1.0,0.7857,1,1
ACC-000236,"Hudson, Cunningham and Anderson",Manufacturing,201-1000,0.494,none,40,False,0.0,0.3683,0,0
ACC-000237,"Rose, Lynch and Johnston",Financial Services,51-200,0.946,none,3,False,1.0,0.8408,1,1
ACC-000238,Johnson Group,Government,51-200,0.699,none,21,False,1.0,0.6812,1,1
ACC-000239,"Gibbs, Anderson and Davila",Government,51-200,0.631,tech_refresh,163,False,1.0,0.1558,1,0
ACC-000240,"Mendoza, Thompson and Johnston",Government,51-200,0.606,none,23,False,1.0,0.6913,1,0
ACC-000241,"Taylor, Farrell and Wilson",Healthcare,51-200,0.62,tech_refresh,12,False,1.0,0.6698,1,0
ACC-000242,Potter-Goodwin,Insurance,51-200,0.608,leadership_change,55,False,1.0,0.5455,1,0
ACC-000243,"Reyes, Harvey and Goodman",Real Estate,51-200,1.0,none,8,False,0.0,0.2824,0,1
ACC-000244,Avila-Lynch,Real Estate,1-50,0.733,none,27,True,0.0,0.6934,0,1
ACC-000245,Kirby and Sons,Retail,51-200,0.435,none,16,True,0.0,0.1503,0,0
ACC-000246,"Smith, Young and Jordan",Technology,1-50,0.655,none,24,False,1.0,0.8284,1,1
ACC-000247,Camacho-Beck,Real Estate,1-50,0.879,compliance_mandate,50,False,1.0,0.6981,1,1
ACC-000248,Mitchell and Sons,Healthcare,1-50,0.587,tech_refresh,36,True,1.0,0.7193,1,0
ACC-000249,"Conner, Blake and Jimenez",Real Estate,201-1000,0.91,tech_refresh,4,False,1.0,0.5081,1,1
ACC-000250,"Baker, Robertson and Reynolds",Retail,1-50,0.487,compliance_mandate,9,False,1.0,0.3504,0,0
ACC-000251,"Stevens, King and Watkins",Government,1001-5000,0.551,none,49,True,1.0,0.8114,1,0
ACC-000252,Sellers-Mcmillan,Healthcare,51-200,0.604,none,22,True,1.0,0.8004,1,0
ACC-000253,"Garcia, Baker and Martinez",Insurance,1001-5000,0.865,compliance_mandate,74,True,1.0,0.93,1,1
ACC-000254,"Wood, Douglas and Anderson",Insurance,51-200,0.771,compliance_mandate,34,False,1.0,0.7661,1,1
ACC-000255,Jackson Ltd,Government,51-200,0.562,none,16,False,1.0,0.6248,1,0
ACC-000256,Shepherd Group,Healthcare,1-50,0.69,none,122,False,0.0,0.2613,0,1
ACC-000257,"Johnson, Cruz and Cook",Financial Services,1-50,0.905,none,100,False,1.0,0.6256,1,1
ACC-000258,"Friedman, Whitaker and Price",Real Estate,5000+,0.631,none,0,True,0.0,0.4501,0,0
ACC-000259,Ramos-Johnson,Technology,1-50,0.48,funding_round,27,False,1.0,0.573,0,0
ACC-000260,Graham-Moreno,Manufacturing,1-50,0.4,funding_round,20,False,1.0,0.6111,0,0
ACC-000261,Adkins Ltd,Manufacturing,51-200,0.348,none,25,False,1.0,0.8366,0,0
ACC-000262,"Webb, Gordon and Riddle",Government,201-1000,0.575,none,33,False,1.0,0.5428,1,0
ACC-000263,"Johnston, Harrell and Guerrero",Real Estate,201-1000,0.899,none,21,True,1.0,0.8956,1,1
ACC-000264,Flores-Campbell,Retail,1-50,0.296,none,17,False,1.0,0.7309,0,0
ACC-000265,May Ltd,Insurance,51-200,0.395,none,26,False,0.0,0.2912,0,0
ACC-000266,"Mcdowell, Foster and Wilson",Insurance,51-200,0.923,funding_round,1,False,1.0,0.6723,1,1
ACC-000267,Thomas-Johnson,Financial Services,51-200,0.813,none,3,False,1.0,0.471,1,1
ACC-000268,Jones Inc,Retail,201-1000,0.576,funding_round,53,False,0.0,,0,0
ACC-000269,White Ltd,Manufacturing,51-200,0.493,leadership_change,39,False,1.0,0.4729,0,0
ACC-000270,Harvey Inc,Manufacturing,1001-5000,0.455,leadership_change,71,False,1.0,0.6383,0,0
ACC-000271,"Nguyen, Clarke and Martin",Real Estate,201-1000,0.813,none,25,False,1.0,0.7697,1,1
ACC-000272,Cunningham and Sons,Legal,1-50,1.0,tech_refresh,6,True,1.0,0.4989,1,1
ACC-000273,Andrews-Parker,Insurance,1-50,0.818,compliance_mandate,61,False,0.0,,0,1
ACC-000274,Pope PLC,Government,51-200,0.435,none,1,False,0.0,0.2184,0,0
ACC-000275,Calderon-Moore,Healthcare,1-50,0.575,leadership_change,7,False,1.0,0.8956,1,0
ACC-000276,Giles Group,Legal,201-1000,0.985,none,95,False,1.0,0.7575,1,1
ACC-000277,"Hernandez, Jones and Butler",Government,51-200,0.64,none,6,False,1.0,0.6338,1,0
ACC-000278,Whitaker PLC,Insurance,51-200,0.766,none,37,False,1.0,0.5828,1,1
ACC-000279,"Glover, Miller and Bell",Retail,51-200,0.198,leadership_change,21,False,0.0,0.4992,0,0
ACC-000280,Gibson Group,Manufacturing,1001-5000,0.298,funding_round,66,False,0.0,,0,0
ACC-000281,"Hudson, Carter and Moody",Manufacturing,201-1000,0.579,none,1,False,1.0,0.6611,1,0
ACC-000282,Bailey-Bauer,Technology,51-200,0.587,funding_round,116,True,1.0,0.9233,1,0
ACC-000283,Walker Group,Technology,1-50,0.64,compliance_mandate,42,False,1.0,0.7598,1,0
ACC-000284,Willis-Weaver,Healthcare,1-50,0.814,tech_refresh,9,False,1.0,0.8249,1,1
ACC-000285,Harris-Wells,Real Estate,1-50,0.847,none,2,False,1.0,0.7005,1,1
ACC-000286,Sanders Group,Retail,1001-5000,0.325,none,10,False,1.0,0.8865,0,0
ACC-000287,"Martin, Torres and Cortez",Real Estate,1-50,0.753,none,50,False,1.0,0.5912,1,1
ACC-000288,"Norton, Wheeler and Weaver",Real Estate,1-50,0.66,none,14,False,0.0,,0,1
ACC-000289,Bullock-Wright,Legal,1-50,0.874,leadership_change,41,False,1.0,0.7823,1,1
ACC-000290,Gray-Roy,Government,1-50,0.723,tech_refresh,1,False,1.0,0.8139,1,1
ACC-000291,Chen-Nelson,Healthcare,51-200,0.716,none,25,False,1.0,0.6211,1,1
ACC-000292,"Allen, Kennedy and Thompson",Healthcare,1-50,0.532,none,21,False,1.0,0.8207,1,0
ACC-000293,Sanchez-Peterson,Real Estate,201-1000,0.712,tech_refresh,13,False,1.0,0.9131,1,1
ACC-000294,Medina-Chapman,Legal,1-50,0.772,leadership_change,8,False,0.0,0.3778,0,1
ACC-000295,Gray-Gregory,Insurance,1-50,0.713,none,3,False,1.0,0.8253,1,1
ACC-000296,"Lopez, Crawford and Baldwin",Healthcare,1001-5000,0.685,none,10,True,1.0,0.852,1,1
ACC-000297,Martinez-Adams,Insurance,5000+,0.814,none,149,False,1.0,0.5335,1,1
ACC-000298,"Burns, Hall and Powell",Legal,1-50,0.906,leadership_change,12,False,0.0,0.2937,0,1
ACC-000299,"Sawyer, Duncan and Patterson",Financial Services,1001-5000,0.569,none,4,False,1.0,0.7684,1,0
ACC-000300,"Jones, Mccoy and Harrison",Technology,201-1000,0.568,none,24,False,1.0,0.6264,1,0
ACC-000301,Ortiz-Hardy,Legal,201-1000,1.0,compliance_mandate,10,False,1.0,0.8376,1,1
ACC-000302,Rollins Inc,Financial Services,201-1000,0.795,none,10,False,1.0,0.8021,1,1
ACC-000303,"Bates, Banks and Jackson",Government,51-200,0.74,none,138,False,1.0,0.5432,1,1
ACC-000304,Gomez-Sparks,Government,201-1000,0.554,none,5,False,0.0,0.6107,0,0
ACC-000305,Phillips PLC,Legal,5000+,0.99,tech_refresh,61,False,1.0,0.7909,1,1
ACC-000306,Walker Inc,Real Estate,51-200,0.943,none,1,False,1.0,0.8855,1,1
ACC-000307,"Patton, Griffith and Bowen",Manufacturing,1-50,0.366,none,24,False,1.0,0.6473,0,0
ACC-000308,Moyer-Avery,Government,201-1000,0.406,funding_round,58,False,1.0,0.6695,0,0
ACC-000309,"Carpenter, Dennis and Walker",Legal,1-50,0.72,leadership_change,11,False,1.0,0.8276,1,1
ACC-000310,"Allen, Dougherty and Ball",Technology,51-200,0.485,none,44,False,0.0,0.5639,0,0
ACC-000311,Nguyen-Bowen,Financial Services,1-50,0.661,compliance_mandate,47,False,1.0,0.7418,1,1
ACC-000312,"Young, Crawford and Williamson",Legal,51-200,0.844,none,10,True,1.0,0.4405,1,1
ACC-000313,"Robinson, Manning and Sims",Healthcare,5000+,0.591,funding_round,58,False,0.0,0.8204,0,0
ACC-000314,Jordan-Ramirez,Financial Services,51-200,0.881,none,20,False,0.0,0.8022,0,1
ACC-000315,Johnston PLC,Technology,51-200,0.627,none,120,False,1.0,0.5562,1,0
ACC-000316,"Hill, Norris and Simon",Retail,51-200,0.473,none,5,True,0.0,0.6445,0,0
ACC-000317,Henderson-Barker,Insurance,1-50,0.981,none,1,False,0.0,0.6393,0,1
ACC-000318,Baird LLC,Retail,201-1000,0.405,compliance_mandate,40,False,0.0,0.3205,0,0
ACC-000319,"Dawson, Hernandez and Mora",Manufacturing,201-1000,0.388,none,21,True,1.0,0.6357,0,0
ACC-000320,Burnett and Sons,Real Estate,1-50,0.753,none,24,False,1.0,0.6802,1,1
ACC-000321,Cole PLC,Government,201-1000,0.507,none,12,False,1.0,0.6346,1,0
ACC-000322,"Mcneil, Hatfield and Acevedo",Retail,201-1000,0.326,none,37,False,1.0,0.5483,0,0
ACC-000323,Henderson-Torres,Healthcare,51-200,0.855,funding_round,41,True,1.0,0.9664,1,1
ACC-000324,Donaldson-Fox,Legal,201-1000,0.824,none,33,False,0.0,,0,1
ACC-000325,Daniel Group,Retail,1-50,0.501,none,79,False,1.0,0.5648,1,0
ACC-000326,Hernandez LLC,Government,51-200,0.609,none,28,False,1.0,0.5838,1,0
ACC-000327,"Johnson, Ramsey and Chapman",Government,5000+,0.438,none,26,False,1.0,0.3938,0,0
ACC-000328,"Bernard, Duffy and Morrow",Healthcare,51-200,0.358,tech_refresh,25,False,1.0,0.4114,0,0
ACC-000329,Mitchell-Mccann,Financial Services,5000+,0.659,none,19,True,1.0,0.5396,1,1
ACC-000330,Frazier-Herrera,Manufacturing,51-200,0.414,leadership_change,2,False,1.0,0.3954,0,0
ACC-000331,"Wilson, Powers and Taylor",Financial Services,1-50,0.782,none,31,False,0.0,,0,1
ACC-000332,Stewart-Johnson,Real Estate,51-200,0.811,none,12,False,1.0,0.7973,1,1
ACC-000333,"Weber, Rasmussen and Nelson",Manufacturing,201-1000,0.565,tech_refresh,17,False,1.0,0.8004,1,0
ACC-000334,"Hall, Jones and Smith",Real Estate,1-50,0.745,tech_refresh,51,False,1.0,0.6254,1,1
ACC-000335,Richardson PLC,Legal,201-1000,0.647,tech_refresh,19,False,1.0,0.8422,1,0
ACC-000336,"Chambers, Murphy and Cunningham",Retail,51-200,0.503,tech_refresh,77,False,1.0,0.7941,1,0
ACC-000337,Lee Ltd,Government,51-200,0.65,funding_round,18,False,0.0,,0,1
ACC-000338,Carroll LLC,Real Estate,201-1000,0.692,none,10,True,1.0,0.9345,1,1
ACC-000339,"Morgan, Byrd and Camacho",Real Estate,1001-5000,0.643,none,198,False,1.0,0.6379,1,0
ACC-000340,"Hines, Shepard and Wood",Healthcare,51-200,0.573,funding_round,6,True,1.0,0.6099,1,0
ACC-000341,"Robertson, Thompson and Reynolds",Financial Services,1-50,0.767,none,46,True,1.0,0.7499,1,1
ACC-000342,Miller-Lawson,Technology,51-200,0.42,none,13,False,1.0,0.7071,0,0
ACC-000343,"Rodriguez, Watson and Green",Manufacturing,1-50,0.425,tech_refresh,63,True,1.0,0.7682,0,0
ACC-000344,Thomas PLC,Insurance,201-1000,0.676,funding_round,43,False,1.0,0.8314,1,1
ACC-000345,French-Dixon,Healthcare,51-200,0.867,none,35,True,1.0,0.7924,1,1
ACC-000346,Griffith-Clarke,Financial Services,201-1000,0.862,none,22,False,1.0,0.7862,1,1
ACC-000347,Morgan Group,Real Estate,201-1000,0.613,leadership_change,9,False,0.0,0.5787,0,0
ACC-000348,"Sandoval, Reese and Fitzpatrick",Manufacturing,1-50,0.418,none,22,False,1.0,0.5219,0,0
ACC-000349,Martinez PLC,Manufacturing,1-50,0.321,tech_refresh,2,False,1.0,0.7806,0,0
ACC-000350,Krueger-Wolfe,Technology,5000+,0.411,none,68,False,0.0,0.5202,0,0
ACC-000351,Blankenship-Garcia,Financial Services,1001-5000,0.756,funding_round,4,False,1.0,0.9346,1,1
ACC-000352,Stevenson-Hendricks,Financial Services,201-1000,0.776,funding_round,10,False,1.0,0.8455,1,1
ACC-000353,"Long, Hammond and Smith",Manufacturing,1-50,0.573,compliance_mandate,15,False,1.0,0.6201,1,0
ACC-000354,Washington Inc,Technology,5000+,0.428,none,10,False,1.0,0.3945,0,0
ACC-000355,"Morales, Buchanan and Mccall",Legal,51-200,0.796,leadership_change,9,False,1.0,0.8147,1,1
ACC-000356,Moore LLC,Manufacturing,1001-5000,0.369,funding_round,46,False,0.0,0.3202,0,0
ACC-000357,Ramirez Group,Real Estate,201-1000,0.538,none,2,False,1.0,0.7329,1,0
ACC-000358,"Mueller, Newman and Black",Government,1-50,0.84,leadership_change,1,False,0.0,0.5025,0,1
ACC-000359,Levine Group,Real Estate,1001-5000,0.826,compliance_mandate,5,False,1.0,0.7564,1,1
ACC-000360,"Brown, Rodriguez and Jennings",Legal,1-50,0.92,none,3,True,1.0,0.898,1,1
ACC-000361,Carter LLC,Manufacturing,201-1000,0.508,none,15,False,0.0,0.4034,0,0
ACC-000362,Pierce-Montoya,Retail,51-200,0.363,none,35,False,1.0,0.7043,0,0
ACC-000363,Swanson-Phillips,Real Estate,201-1000,0.573,none,23,False,1.0,0.845,1,0
ACC-000364,Smith-Adams,Legal,1001-5000,0.904,none,24,True,0.0,,0,1
ACC-000365,"Cooper, Dawson and Schneider",Real Estate,51-200,0.708,none,2,False,1.0,0.739,1,1
ACC-000366,Ford Ltd,Government,1-50,0.716,leadership_change,2,False,1.0,0.7361,1,1
ACC-000367,Galvan-Rodriguez,Insurance,201-1000,0.686,tech_refresh,0,False,1.0,0.8506,1,1
ACC-000368,Bennett-Jackson,Insurance,1-50,0.581,tech_refresh,1,False,1.0,0.7937,1,0
ACC-000369,Le Inc,Technology,1001-5000,0.625,none,58,False,1.0,0.576,1,0
ACC-000370,Hill PLC,Financial Services,1-50,1.0,none,57,True,1.0,0.7571,1,1
ACC-000371,"Hoffman, Welch and Moore",Healthcare,51-200,0.707,none,39,False,0.0,0.3498,0,1
ACC-000372,"Adams, Wilson and Guerrero",Government,1001-5000,0.423,none,42,False,1.0,0.7439,0,0
ACC-000373,Gilmore-Parker,Technology,51-200,0.707,none,28,True,1.0,0.8533,1,1
ACC-000374,"Stewart, Oliver and Bradley",Real Estate,1-50,0.744,none,124,False,1.0,0.7101,1,1
ACC-000375,Bruce-King,Real Estate,51-200,0.879,leadership_change,31,False,1.0,0.7727,1,1
ACC-000376,Reese-Smith,Financial Services,51-200,0.91,tech_refresh,15,True,1.0,0.7117,1,1
ACC-000377,"Curry, Holloway and Rodriguez",Government,51-200,0.739,none,60,True,0.0,,0,1
ACC-000378,"Edwards, Lane and Mason",Legal,5000+,0.683,leadership_change,50,False,1.0,0.5924,1,1
ACC-000379,"Price, Wu and Bauer",Government,51-200,0.633,none,22,True,0.0,0.5697,0,0
ACC-000380,Harris-Valdez,Technology,1-50,0.614,none,2,True,0.0,0.4806,0,0
ACC-000381,Macdonald Inc,Manufacturing,1-50,0.419,none,21,True,1.0,0.9071,0,0
ACC-000382,Warren-Medina,Insurance,51-200,0.491,none,2,True,1.0,0.7445,0,0
ACC-000383,Gay LLC,Real Estate,1-50,0.819,tech_refresh,32,False,0.0,0.3981,0,1
ACC-000384,Schneider LLC,Government,51-200,0.656,leadership_change,43,False,1.0,0.5877,1,1
ACC-000385,Hart PLC,Technology,51-200,0.561,compliance_mandate,29,False,1.0,0.7849,1,0
ACC-000386,Cook-Huff,Technology,5000+,0.581,none,18,True,1.0,0.8825,1,0
ACC-000387,Lee Group,Financial Services,201-1000,0.789,funding_round,104,True,1.0,0.8669,1,1
ACC-000388,Strickland LLC,Retail,51-200,0.46,none,3,False,1.0,0.7872,0,0
ACC-000389,Brewer-Davila,Legal,51-200,0.908,none,9,False,1.0,0.7583,1,1
ACC-000390,Rodriguez and Sons,Retail,51-200,0.303,none,34,True,1.0,0.7941,0,0
ACC-000391,Mcdonald-Sanchez,Legal,51-200,0.837,none,10,False,1.0,0.9145,1,1
ACC-000392,Hendricks and Sons,Retail,201-1000,0.439,compliance_mandate,11,False,1.0,0.5314,0,0
ACC-000393,"Bishop, Cohen and Johnson",Insurance,1-50,0.788,funding_round,10,False,1.0,0.6342,1,1
ACC-000394,Valdez-Cooper,Insurance,51-200,0.664,none,40,False,1.0,0.4749,1,1
ACC-000395,Stewart-Smith,Healthcare,1-50,0.665,none,40,True,1.0,0.9363,1,1
ACC-000396,Simpson-Spence,Real Estate,1001-5000,0.872,none,39,False,1.0,0.6024,1,1
ACC-000397,Avila PLC,Insurance,51-200,0.687,none,28,False,1.0,0.6269,1,1
ACC-000398,Crane-Frazier,Retail,1-50,0.738,tech_refresh,20,False,1.0,0.8083,1,1
ACC-000399,"Alexander, Briggs and Adams",Insurance,51-200,0.621,none,14,False,1.0,0.6896,1,0
ACC-000400,Kelley Inc,Government,201-1000,0.661,none,15,False,1.0,0.6982,1,1
ACC-000401,Humphrey-Gonzalez,Legal,201-1000,0.677,tech_refresh,54,False,0.0,,0,1
ACC-000402,Sherman LLC,Technology,51-200,0.791,none,17,True,0.0,0.5466,0,1
ACC-000403,Ramos Inc,Healthcare,51-200,0.654,none,5,False,1.0,0.7645,1,1
ACC-000404,Gonzalez-Wood,Legal,51-200,0.802,none,89,False,1.0,0.8753,1,1
ACC-000405,"Moyer, Thornton and Preston",Manufacturing,51-200,0.58,none,124,False,0.0,0.5193,0,0
ACC-000406,Fischer-Vaughn,Real Estate,51-200,0.895,tech_refresh,6,True,1.0,0.3678,1,1
ACC-000407,"Smith, Davis and Jackson",Financial Services,51-200,0.852,leadership_change,69,False,0.0,,0,1
ACC-000408,Hubbard-Ward,Government,201-1000,0.508,leadership_change,56,False,1.0,0.585,1,0
ACC-000409,Cummings LLC,Government,1-50,0.618,none,52,False,1.0,0.4859,1,0
ACC-000410,Rogers Group,Technology,1-50,0.396,leadership_change,4,True,1.0,0.2468,0,0
ACC-000411,Johnson-Flores,Real Estate,1001-5000,0.789,none,19,False,1.0,0.2545,1,1
ACC-000412,Stevens LLC,Healthcare,201-1000,0.763,none,1,False,1.0,0.2485,1,1
ACC-000413,Morris-Hutchinson,Retail,1-50,0.393,leadership_change,69,False,0.0,0.0333,0,0
ACC-000414,Larsen-Brown,Healthcare,51-200,0.774,none,7,False,0.0,0.5579,0,1
ACC-000415,"Ellison, Randall and Humphrey",Technology,51-200,0.616,tech_refresh,5,False,1.0,0.9219,1,0
ACC-000416,Andrews-Cummings,Financial Services,51-200,0.945,none,115,False,1.0,0.9099,1,1
ACC-000417,Gonzalez Inc,Healthcare,1001-5000,0.7,none,42,True,1.0,0.723,1,1
ACC-000418,"Ortiz, Hodges and Wallace",Legal,5000+,0.747,none,11,False,1.0,0.695,1,1
ACC-000419,"Faulkner, Jones and Sanchez",Legal,51-200,0.902,compliance_mandate,5,False,1.0,0.8202,1,1
ACC-000420,Trevino Inc,Financial Services,1001-5000,1.0,funding_round,5,True,1.0,0.8018,1,1
ACC-000421,Matthews-Williams,Retail,1-50,0.544,none,65,True,1.0,0.5944,1,0
ACC-000422,Mclaughlin-Tucker,Insurance,1001-5000,0.689,none,6,False,1.0,0.6757,1,1
ACC-000423,Vazquez Group,Government,1-50,0.548,none,17,False,1.0,0.553,1,0
ACC-000424,Padilla Ltd,Financial Services,5000+,0.881,compliance_mandate,0,False,1.0,0.6328,1,1
ACC-000425,"Reynolds, Pineda and Andrews",Technology,1001-5000,0.61,leadership_change,20,False,1.0,0.6459,1,0
ACC-000426,Chung-Jones,Financial Services,51-200,0.9,none,32,False,1.0,0.7051,1,1
ACC-000427,Nelson-Harris,Real Estate,51-200,0.862,compliance_mandate,8,True,1.0,0.7397,1,1
ACC-000428,"Griffin, Salinas and Mooney",Technology,1001-5000,0.364,none,0,True,1.0,0.4844,0,0
ACC-000429,Norris-Crawford,Retail,201-1000,0.732,none,5,True,1.0,0.6688,1,1
ACC-000430,"Gutierrez, Harrington and Rush",Government,201-1000,0.353,none,18,False,1.0,0.1013,0,0
ACC-000431,Wolfe-Arroyo,Manufacturing,1-50,0.367,none,31,False,1.0,0.8081,0,0
ACC-000432,Owens-Middleton,Healthcare,201-1000,0.674,compliance_mandate,19,False,0.0,0.5802,0,1
ACC-000433,Shepherd and Sons,Government,1-50,0.745,tech_refresh,42,False,0.0,,0,1
ACC-000434,"Chase, Burns and Gray",Technology,51-200,0.854,none,7,False,1.0,0.5043,1,1
ACC-000435,Parks PLC,Real Estate,1-50,0.895,none,12,False,1.0,0.7738,1,1
ACC-000436,"Lara, Rodriguez and Johnston",Government,1001-5000,0.307,none,29,False,1.0,0.4253,0,0
ACC-000437,Horn-Johnson,Financial Services,201-1000,0.817,leadership_change,99,False,1.0,0.6837,1,1
ACC-000438,"Fox, Smith and Harrell",Insurance,5000+,0.557,funding_round,44,False,1.0,0.5346,1,0
ACC-000439,Randolph-White,Retail,5000+,0.485,none,28,False,1.0,0.4682,0,0
ACC-000440,Cooper PLC,Government,1-50,0.578,funding_round,30,False,1.0,0.9356,1,0
ACC-000441,"Dawson, Chaney and Clark",Manufacturing,201-1000,0.484,leadership_change,78,False,1.0,0.4983,0,0
ACC-000442,"Harris, Miller and Parker",Financial Services,1-50,0.885,none,68,False,1.0,0.7553,1,1
ACC-000443,Jenkins LLC,Manufacturing,1-50,0.639,none,102,False,1.0,0.5147,1,0
ACC-000444,"Leblanc, Hubbard and Stevenson",Real Estate,51-200,0.724,none,23,False,1.0,0.706,1,1
ACC-000445,Rodriguez-Rogers,Manufacturing,51-200,0.636,none,7,True,0.0,0.5373,0,0
ACC-000446,"Rice, Gordon and Fisher",Healthcare,5000+,0.648,none,2,False,1.0,0.6115,1,0
ACC-000447,"Campbell, Berger and Gonzales",Real Estate,1001-5000,0.812,leadership_change,21,True,1.0,0.7115,1,1
ACC-000448,"Ferrell, Wilson and Foster",Insurance,5000+,0.783,none,16,False,1.0,0.4375,1,1
ACC-000449,Mason Group,Manufacturing,51-200,0.333,none,45,False,1.0,0.7234,0,0
ACC-000450,"Walker, Curtis and Sanchez",Healthcare,201-1000,0.742,compliance_mandate,13,True,1.0,0.7776,1,1
ACC-000451,Giles LLC,Financial Services,5000+,0.751,none,32,False,0.0,,0,1
ACC-000452,"Mcclain, Arnold and Miller",Retail,1-50,0.17,none,126,True,0.0,0.6685,0,0
ACC-000453,Roberts-Summers,Real Estate,1-50,0.716,none,21,False,1.0,0.8285,1,1
ACC-000454,"Rush, Stephenson and Bailey",Government,201-1000,0.545,none,6,False,1.0,0.659,1,0
ACC-000455,Rosario-Hood,Real Estate,201-1000,0.556,funding_round,62,True,1.0,0.7467,1,0
ACC-000456,Guerrero-Hernandez,Financial Services,51-200,0.876,none,0,False,1.0,0.7131,1,1
ACC-000457,"Liu, Griffith and Combs",Insurance,51-200,0.852,none,10,False,1.0,0.7978,1,1
ACC-000458,Hampton-Scott,Government,5000+,0.516,none,22,False,1.0,0.4517,1,0
ACC-000459,Figueroa-Reed,Real Estate,51-200,0.785,tech_refresh,7,False,1.0,0.511,1,1
ACC-000460,Copeland-Barnes,Insurance,1-50,0.871,none,54,False,1.0,0.7867,1,1
ACC-000461,"Stevens, Reyes and Mcgee",Financial Services,201-1000,0.893,funding_round,9,True,1.0,0.9155,1,1
ACC-000462,Edwards-Murray,Retail,201-1000,0.497,none,23,False,1.0,0.6094,0,0
ACC-000463,Lopez-Martin,Financial Services,1001-5000,0.917,funding_round,27,False,1.0,0.9,1,1
ACC-000464,Massey-Contreras,Insurance,5000+,0.724,compliance_mandate,2,True,1.0,0.7566,1,1
ACC-000465,"Valentine, Evans and Stuart",Healthcare,1-50,0.605,none,3,False,1.0,0.7296,1,0
ACC-000466,Copeland Group,Financial Services,201-1000,0.867,funding_round,3,False,1.0,0.575,1,1
ACC-000467,Hart-Nguyen,Real Estate,1001-5000,0.605,none,50,False,1.0,0.7688,1,0
ACC-000468,Strickland Inc,Real Estate,201-1000,0.894,leadership_change,2,True,1.0,0.8519,1,1
ACC-000469,"Hicks, Travis and King",Real Estate,201-1000,0.592,funding_round,26,False,0.0,0.4023,0,0
ACC-000470,Golden Ltd,Insurance,51-200,0.797,none,23,True,0.0,,0,1
ACC-000471,Collins Inc,Government,1001-5000,0.779,tech_refresh,14,False,1.0,0.6473,1,1
ACC-000472,"Velasquez, Dougherty and Arellano",Real Estate,5000+,0.687,none,29,False,1.0,0.8588,1,1
ACC-000473,"Washington, Parker and Bartlett",Legal,1-50,1.0,none,16,False,0.0,0.8649,0,1
ACC-000474,Zimmerman-Robertson,Technology,51-200,0.452,none,2,False,0.0,0.5381,0,0
ACC-000475,Douglas LLC,Manufacturing,1-50,0.566,leadership_change,11,False,1.0,0.472,1,0
ACC-000476,"Brooks, Mcdonald and Elliott",Real Estate,201-1000,0.875,compliance_mandate,60,False,1.0,0.4002,1,1
ACC-000477,"Reynolds, Hamilton and Hamilton",Retail,201-1000,0.301,tech_refresh,5,False,0.0,0.2859,0,0
ACC-000478,"Scott, Tran and Martin",Technology,1-50,0.719,none,21,False,1.0,0.4205,1,1
ACC-000479,"Bass, Lambert and Evans",Financial Services,51-200,0.731,compliance_mandate,2,False,1.0,0.5988,1,1
ACC-000480,"Brown, Stewart and Brown",Real Estate,201-1000,0.728,none,36,False,1.0,0.7292,1,1
ACC-000481,Bender-Roberts,Technology,51-200,0.662,compliance_mandate,9,False,0.0,0.428,0,1
ACC-000482,Martinez-Luna,Manufacturing,1001-5000,0.475,funding_round,5,False,0.0,0.1242,0,0
ACC-000483,"Wells, Taylor and Thompson",Government,1-50,0.502,none,3,False,1.0,0.7373,1,0
ACC-000484,Miller Inc,Real Estate,1001-5000,0.937,compliance_mandate,16,False,1.0,0.8247,1,1
ACC-000485,Dennis Group,Real Estate,1-50,0.774,compliance_mandate,82,False,1.0,0.0738,1,1
ACC-000486,Morgan Inc,Financial Services,1001-5000,0.735,none,59,False,1.0,0.4778,1,1
ACC-000487,Payne LLC,Real Estate,1-50,0.835,tech_refresh,16,False,0.0,0.614,0,1
ACC-000488,Macdonald-Clayton,Government,1001-5000,0.501,none,109,False,1.0,0.6837,1,0
ACC-000489,Morgan-Mccarty,Healthcare,51-200,0.704,none,19,True,1.0,0.5828,1,1
ACC-000490,Hernandez PLC,Legal,201-1000,0.914,none,66,True,1.0,0.8474,1,1
ACC-000491,Smith Inc,Retail,1-50,0.483,none,52,False,0.0,0.5774,0,0
ACC-000492,"Lynn, Gutierrez and Singh",Government,51-200,0.788,funding_round,2,False,1.0,0.7065,1,1
ACC-000493,Jones LLC,Healthcare,1-50,0.623,none,38,False,1.0,0.8463,1,0
ACC-000494,"Jackson, Lopez and Mullins",Retail,51-200,0.371,none,35,False,1.0,0.379,0,0
ACC-000495,Young and Sons,Healthcare,1-50,0.642,leadership_change,78,False,1.0,0.8172,1,0
ACC-000496,Golden-Bauer,Technology,51-200,0.597,tech_refresh,5,False,1.0,0.792,1,0
ACC-000497,"Thomas, Love and Smith",Retail,1-50,0.542,none,42,False,0.0,,0,0
ACC-000498,Flores Group,Government,1-50,0.586,compliance_mandate,2,False,1.0,0.779,1,0
ACC-000499,"Guzman, Hubbard and Tate",Insurance,51-200,0.733,none,2,True,0.0,0.3135,0,1
ACC-000500,Lewis PLC,Technology,1-50,0.571,none,10,False,0.0,0.211,0,0
ACC-000501,Mckinney LLC,Healthcare,201-1000,0.606,tech_refresh,9,False,0.0,0.4107,0,0
ACC-000502,Ward-Schneider,Retail,201-1000,0.244,compliance_mandate,37,False,1.0,0.4778,0,0
ACC-000503,Hernandez PLC,Financial Services,51-200,0.737,leadership_change,4,False,1.0,0.6609,1,1
ACC-000504,Hernandez-Rowland,Manufacturing,1-50,0.572,leadership_change,6,True,0.0,0.4855,0,0
ACC-000505,Kennedy-White,Healthcare,1-50,0.74,none,4,False,1.0,0.4855,1,1
ACC-000506,Ball-Johnson,Technology,51-200,0.406,tech_refresh,2,False,0.0,0.1214,0,0
ACC-000507,"Lynch, Woods and Armstrong",Legal,1-50,0.817,tech_refresh,13,False,1.0,0.8434,1,1
ACC-000508,Simon Inc,Legal,1001-5000,0.681,none,24,False,1.0,0.8518,1,1
ACC-000509,Ewing LLC,Healthcare,1001-5000,0.719,funding_round,42,False,1.0,0.7534,1,1
ACC-000510,Smith Inc,Technology,1-50,0.494,none,68,False,0.0,0.6398,0,0
ACC-000511,Robinson-Scott,Real Estate,1-50,0.86,none,0,False,0.0,,0,1
ACC-000512,Boyer Group,Retail,51-200,0.331,compliance_mandate,19,False,1.0,0.7363,0,0
ACC-000513,Moore and Sons,Real Estate,5000+,0.738,none,61,False,1.0,0.3554,1,1
ACC-000514,"Pitts, Green and Larsen",Insurance,51-200,0.819,none,46,True,1.0,0.8572,1,1
ACC-000515,Pollard-Lloyd,Real Estate,51-200,0.682,tech_refresh,1,False,1.0,0.6562,1,1
ACC-000516,Martinez-Clark,Insurance,1-50,0.585,none,40,False,1.0,0.5645,1,0
ACC-000517,Simpson-Morrison,Technology,51-200,0.551,none,2,False,1.0,0.7457,1,0
ACC-000518,"Todd, Conrad and Garrison",Legal,51-200,0.715,none,51,True,0.0,,0,1
ACC-000519,Cabrera PLC,Legal,1-50,0.886,tech_refresh,22,False,1.0,0.8855,1,1
ACC-000520,Snyder-Jones,Technology,1-50,0.668,none,41,False,0.0,0.3385,0,1
ACC-000521,Adams Ltd,Insurance,51-200,0.817,none,12,False,1.0,0.3849,1,1
ACC-000522,"Simpson, Hernandez and Larson",Manufacturing,5000+,0.37,leadership_change,4,False,1.0,0.7872,0,0
ACC-000523,"Evans, Johnson and Jimenez",Financial Services,201-1000,0.967,none,2,False,1.0,0.573,1,1
ACC-000524,Martinez-Brewer,Government,201-1000,0.789,none,4,False,0.0,0.322,0,1
ACC-000525,"Barber, Simon and Baker",Financial Services,1-50,0.674,leadership_change,39,False,1.0,0.7379,1,1
ACC-000526,George Ltd,Real Estate,51-200,0.861,funding_round,27,False,1.0,0.5444,1,1
ACC-000527,Peck-Perkins,Retail,51-200,0.319,none,6,True,1.0,0.8668,0,0
ACC-000528,Ferguson LLC,Healthcare,1-50,0.586,none,25,False,1.0,0.6758,1,0
ACC-000529,Mullins and Sons,Insurance,51-200,0.84,tech_refresh,98,True,1.0,0.5278,1,1
ACC-000530,Martinez-Walker,Financial Services,1-50,0.802,none,7,True,1.0,0.9146,1,1
ACC-000531,Martin-Stephens,Retail,1-50,0.32,tech_refresh,4,False,1.0,0.4403,0,0
ACC-000532,Peterson Ltd,Healthcare,51-200,0.747,none,15,True,1.0,0.7808,1,1
ACC-000533,"Moreno, Jones and Dixon",Legal,51-200,0.851,none,57,False,1.0,0.9106,1,1
ACC-000534,Flores-Romero,Real Estate,201-1000,0.742,leadership_change,37,False,1.0,0.8165,1,1
ACC-000535,Brown-Garcia,Government,1-50,0.833,funding_round,7,False,1.0,0.7882,1,1
ACC-000536,"Adams, Chen and Myers",Technology,51-200,0.577,funding_round,122,False,1.0,0.6952,1,0
ACC-000537,"Torres, Smith and Smith",Financial Services,51-200,0.946,funding_round,21,False,1.0,0.8573,1,1
ACC-000538,Preston-Deleon,Healthcare,5000+,0.791,compliance_mandate,39,False,0.0,0.5536,0,1
ACC-000539,Wagner-Case,Healthcare,201-1000,0.821,leadership_change,69,True,1.0,0.4873,1,1
ACC-000540,Mendez Group,Legal,201-1000,0.865,compliance_mandate,12,False,1.0,0.5515,1,1
ACC-000541,Willis-Jackson,Financial Services,1-50,0.937,tech_refresh,2,False,1.0,0.8885,1,1
ACC-000542,Diaz Group,Real Estate,51-200,0.498,none,41,False,0.0,0.3297,0,0
ACC-000543,"Moore, Thompson and James",Legal,1-50,0.922,compliance_mandate,42,False,1.0,0.6458,1,1
ACC-000544,Murphy and Sons,Technology,1-50,0.553,none,22,True,1.0,0.6182,1,0
ACC-000545,Hayes Inc,Government,1-50,0.594,none,40,False,0.0,0.2146,0,0
ACC-000546,Davis Ltd,Technology,201-1000,0.389,none,12,False,0.0,,0,0
ACC-000547,"Evans, Powell and Davis",Technology,1-50,0.539,none,26,False,1.0,0.8073,1,0
ACC-000548,Brown-Henry,Manufacturing,51-200,0.621,none,21,False,1.0,0.5292,1,0
ACC-000549,"Schroeder, Brown and Carter",Manufacturing,51-200,0.527,none,101,False,1.0,0.6624,1,0
ACC-000550,Bates-Schwartz,Financial Services,51-200,0.705,leadership_change,4,True,1.0,0.8966,1,1
ACC-000551,Ellison Ltd,Technology,5000+,0.633,leadership_change,118,False,1.0,0.7456,1,0
ACC-000552,Bates-Williams,Manufacturing,201-1000,0.577,none,6,True,1.0,0.9208,1,0
ACC-000553,"Reynolds, Frank and Fritz",Real Estate,201-1000,0.749,leadership_change,11,False,1.0,0.549,1,1
ACC-000554,Rogers-Harris,Technology,51-200,0.595,compliance_mandate,125,False,1.0,0.6593,1,0
ACC-000555,"Miranda, Welch and Warren",Technology,5000+,0.73,none,3,False,1.0,0.8933,1,1
ACC-000556,"Smith, Tate and Harris",Manufacturing,1-50,0.538,none,40,False,0.0,0.4037,0,0
ACC-000557,"Jarvis, Stevens and Bell",Legal,201-1000,0.969,none,23,True,1.0,0.6016,1,1
ACC-000558,Smith-Knox,Financial Services,51-200,0.838,leadership_change,41,False,1.0,0.7778,1,1
ACC-000559,"Scott, Schmidt and Fuller",Insurance,201-1000,0.643,leadership_change,23,False,1.0,0.8781,1,0
ACC-000560,Lee-Reed,Manufacturing,51-200,0.557,none,18,True,0.0,,0,0
ACC-000561,Andersen-Olson,Healthcare,51-200,0.641,leadership_change,71,False,1.0,0.7489,1,0
ACC-000562,Brooks-Carlson,Legal,1-50,0.862,leadership_change,77,False,1.0,0.8012,1,1
ACC-000563,Walls-Rivera,Insurance,1-50,0.715,none,0,False,1.0,0.6881,1,1
ACC-000564,Alvarez-Byrd,Financial Services,1001-5000,0.875,leadership_change,22,False,1.0,0.8999,1,1
ACC-000565,Boone-Combs,Financial Services,1-50,0.849,funding_round,46,True,1.0,0.7351,1,1
ACC-000566,Deleon Group,Real Estate,51-200,0.828,none,20,False,1.0,0.78,1,1
ACC-000567,Rogers and Sons,Healthcare,5000+,0.541,none,39,False,1.0,0.8277,1,0
ACC-000568,Lee PLC,Financial Services,1-50,0.756,none,13,False,1.0,0.7423,1,1
ACC-000569,Walton Group,Retail,201-1000,0.642,tech_refresh,124,True,1.0,0.785,1,0
ACC-000570,"Norris, Doyle and Malone",Healthcare,51-200,0.642,none,85,False,1.0,0.8803,1,0
ACC-000571,Reed Group,Government,51-200,0.502,none,1,False,0.0,,0,0
ACC-000572,Mcclain-Knight,Healthcare,1-50,0.74,none,1,False,1.0,0.909,1,1
ACC-000573,"Owen, Terry and Baker",Government,201-1000,0.64,none,31,True,1.0,0.7216,1,0
ACC-000574,"Rodriguez, Davis and Quinn",Manufacturing,5000+,0.445,tech_refresh,24,False,0.0,0.2103,0,0
ACC-000575,Rodriguez-Huffman,Healthcare,5000+,0.57,none,4,True,1.0,0.5445,1,0
ACC-000576,"Bailey, Sanchez and Jordan",Insurance,51-200,0.878,leadership_change,36,True,1.0,0.7756,1,1
ACC-000577,"Franco, Walker and Ramirez",Financial Services,201-1000,0.755,none,14,False,1.0,0.7647,1,1
ACC-000578,Mccarty and Sons,Government,1001-5000,0.586,leadership_change,13,False,1.0,0.7525,1,0
ACC-000579,"Anderson, Smith and Barnett",Legal,201-1000,0.95,funding_round,19,False,0.0,,0,1
ACC-000580,Wyatt and Sons,Legal,51-200,0.725,none,15,False,1.0,0.8615,1,1
ACC-000581,Hale-Reynolds,Healthcare,1-50,0.731,none,31,False,1.0,0.5805,1,1
ACC-000582,Barnes Group,Retail,1-50,0.257,funding_round,29,False,1.0,0.2625,0,0
ACC-000583,"Bernard, Fox and Mercer",Insurance,1001-5000,0.843,tech_refresh,8,False,1.0,0.9035,1,1
ACC-000584,"Miller, Monroe and Page",Insurance,1-50,0.632,none,40,False,1.0,0.4777,1,0
ACC-000585,Manning-Miller,Technology,1-50,0.386,leadership_change,4,False,1.0,0.6811,0,0
ACC-000586,"Gray, Lloyd and Woods",Government,1-50,0.501,leadership_change,70,True,1.0,0.8355,1,0
ACC-000587,Wells PLC,Real Estate,5000+,0.644,funding_round,39,False,1.0,0.6519,1,0
ACC-000588,Adams-Martinez,Technology,51-200,0.513,none,0,True,1.0,0.8424,1,0
ACC-000589,Buchanan-Weaver,Government,1-50,0.723,none,51,False,0.0,0.5946,0,1
ACC-000590,Cohen-Patterson,Healthcare,1-50,0.772,none,32,False,0.0,0.8136,0,1
ACC-000591,Mitchell-Sullivan,Real Estate,51-200,0.92,tech_refresh,25,False,1.0,0.7586,1,1
ACC-000592,Beltran-Mayo,Government,1-50,0.529,none,17,False,1.0,0.9059,1,0
ACC-000593,Jones-Rollins,Technology,201-1000,0.624,none,1,False,1.0,0.6895,1,0
ACC-000594,Morgan-Lam,Legal,5000+,0.842,none,53,False,0.0,0.7089,0,1
ACC-000595,"Cole, Robinson and Becker",Financial Services,1-50,0.712,none,3,False,1.0,0.5133,1,1
ACC-000596,Petersen Group,Legal,51-200,0.94,compliance_mandate,43,False,1.0,0.7387,1,1
ACC-000597,Smith-Hall,Financial Services,51-200,0.988,none,32,False,1.0,0.2621,1,1
ACC-000598,Hayes-Brown,Technology,1-50,0.472,none,7,False,1.0,0.8674,0,0
ACC-000599,Clark PLC,Legal,1001-5000,0.769,none,20,False,1.0,0.6668,1,1
ACC-000600,Cooper-Nguyen,Real Estate,1-50,0.795,leadership_change,135,False,1.0,0.5327,1,1
ACC-000601,Chavez-Morris,Healthcare,201-1000,0.629,none,3,True,0.0,0.2565,0,0
ACC-000602,Cole-Dunn,Financial Services,51-200,0.758,funding_round,47,False,1.0,0.7029,1,1
ACC-000603,"Stewart, Kelly and Sherman",Legal,201-1000,1.0,none,19,False,1.0,0.7795,1,1
ACC-000604,"Webb, Jenkins and Arnold",Healthcare,51-200,0.527,funding_round,14,False,0.0,,0,0
ACC-000605,Romero-Robinson,Legal,1001-5000,0.83,compliance_mandate,14,False,0.0,,0,1
ACC-000606,Morgan and Sons,Retail,1-50,0.466,none,31,False,1.0,0.2731,0,0
ACC-000607,Hull-Rowe,Real Estate,1001-5000,0.862,funding_round,10,False,1.0,0.8689,1,1
ACC-000608,Alexander Ltd,Insurance,5000+,0.828,none,7,False,0.0,,0,1
ACC-000609,"Thomas, Lopez and Carson",Technology,5000+,0.531,leadership_change,98,True,1.0,0.8243,1,0
ACC-000610,Shannon-Huber,Retail,201-1000,0.42,none,8,False,1.0,0.8686,0,0
ACC-000611,"Phillips, Thomas and Martin",Financial Services,1001-5000,0.858,compliance_mandate,82,False,1.0,0.7023,1,1
ACC-000612,Francis-Roberts,Government,1-50,0.552,none,40,True,1.0,0.6325,1,0
ACC-000613,Montgomery Ltd,Technology,1-50,0.421,funding_round,95,True,1.0,0.8351,0,0
ACC-000614,"Stephens, Paul and Sullivan",Financial Services,1001-5000,0.674,funding_round,3,True,1.0,0.8337,1,1
ACC-000615,Barnett-Tanner,Government,51-200,0.49,compliance_mandate,48,False,0.0,0.6623,0,0
ACC-000616,Johnson-Jones,Retail,51-200,0.076,none,2,False,0.0,0.5403,0,0
ACC-000617,"Duncan, Roach and Gomez",Manufacturing,51-200,0.47,none,47,False,1.0,0.5668,0,0
ACC-000618,Brown-Downs,Retail,1-50,0.246,compliance_mandate,36,False,1.0,0.2191,0,0
ACC-000619,"Hernandez, Weeks and Smith",Healthcare,201-1000,0.619,compliance_mandate,54,False,1.0,0.8761,1,0
ACC-000620,Jordan Group,Manufacturing,1-50,0.525,leadership_change,69,False,1.0,0.44,1,0
ACC-000621,Spencer-Mitchell,Financial Services,1-50,0.889,none,129,True,0.0,0.8756,0,1
ACC-000622,Cruz and Sons,Real Estate,201-1000,0.74,funding_round,20,False,1.0,0.7925,1,1
ACC-000623,Cannon-Miller,Legal,5000+,0.805,none,18,False,1.0,0.4055,1,1
ACC-000624,Bell-Boone,Real Estate,51-200,0.577,tech_refresh,27,False,1.0,0.7538,1,0
ACC-000625,Trujillo-Guerrero,Technology,51-200,0.676,compliance_mandate,15,False,1.0,0.3791,1,1
ACC-000626,Bradley PLC,Healthcare,201-1000,0.851,none,19,False,1.0,0.3696,1,1
ACC-000627,Byrd-Arellano,Retail,1-50,0.137,funding_round,33,False,1.0,0.4218,0,0
ACC-000628,"Mendoza, Adams and George",Legal,201-1000,0.914,compliance_mandate,20,False,1.0,0.6828,1,1
ACC-000629,"Swanson, Morton and Cook",Retail,1-50,0.386,leadership_change,26,False,0.0,0.1393,0,0
ACC-000630,Bauer Group,Real Estate,201-1000,0.863,tech_refresh,61,False,1.0,0.7323,1,1
ACC-000631,Garcia-Marshall,Government,5000+,0.559,leadership_change,13,True,1.0,0.8045,1,0
ACC-000632,"Hall, Tran and Ware",Financial Services,201-1000,0.816,compliance_mandate,1,False,1.0,0.5124,1,1
ACC-000633,Pratt PLC,Technology,51-200,0.505,none,19,False,1.0,0.4192,1,0
ACC-000634,"Rosales, Webster and Chang",Insurance,1-50,0.745,none,2,False,1.0,0.3852,1,1
ACC-000635,Martin-Smith,Technology,201-1000,0.725,funding_round,8,False,1.0,0.7485,1,1
ACC-000636,Cole-Hall,Real Estate,51-200,0.812,none,8,False,1.0,0.7237,1,1
ACC-000637,Ritter Inc,Government,51-200,0.848,none,66,False,1.0,0.765,1,1
ACC-000638,Thomas Ltd,Manufacturing,51-200,0.414,none,71,False,1.0,0.6941,0,0
ACC-000639,Mason-Salas,Technology,5000+,0.293,none,40,False,0.0,,0,0
ACC-000640,Brown Inc,Financial Services,1-50,0.967,compliance_mandate,5,False,1.0,0.5901,1,1
ACC-000641,Haynes-Humphrey,Insurance,1001-5000,0.782,leadership_change,6,False,1.0,0.2867,1,1
ACC-000642,Hunter LLC,Insurance,51-200,0.779,compliance_mandate,10,False,1.0,0.8053,1,1
ACC-000643,Cole-Gillespie,Technology,1-50,0.522,leadership_change,47,False,1.0,0.4273,1,0
ACC-000644,"Murray, Nelson and Valentine",Real Estate,1001-5000,0.819,none,14,False,1.0,0.9199,1,1
ACC-000645,Drake Inc,Insurance,1001-5000,0.626,compliance_mandate,13,True,0.0,0.2999,0,0
ACC-000646,"Dickerson, Taylor and Farley",Technology,1001-5000,0.535,tech_refresh,27,False,0.0,0.1508,0,0
ACC-000647,Wang Group,Insurance,1-50,0.752,none,66,True,1.0,0.7352,1,1
ACC-000648,Flores Inc,Technology,1-50,0.44,none,36,False,0.0,0.4038,0,0
ACC-000649,Benjamin-Campbell,Healthcare,201-1000,0.637,funding_round,75,False,0.0,0.4036,0,0
ACC-000650,"Grant, Carpenter and Clark",Real Estate,51-200,0.64,funding_round,6,False,1.0,0.8835,1,0
ACC-000651,"Nelson, Acevedo and Fernandez",Healthcare,1001-5000,0.671,funding_round,66,False,0.0,0.3266,0,1
ACC-000652,Beasley PLC,Insurance,1-50,0.943,tech_refresh,68,False,1.0,0.9203,1,1
ACC-000653,"Allen, Baker and Freeman",Manufacturing,51-200,0.308,compliance_mandate,10,False,1.0,0.2635,0,0
ACC-000654,Johnson LLC,Technology,1-50,0.599,compliance_mandate,13,True,0.0,,0,0
ACC-000655,Chapman-Huffman,Technology,201-1000,0.399,none,22,False,1.0,0.7756,0,0
ACC-000656,"Brown, Lewis and Hill",Retail,1-50,0.459,none,3,True,1.0,0.4168,0,0
ACC-000657,Erickson-Alvarez,Legal,1-50,0.891,none,5,False,1.0,0.9419,1,1
ACC-000658,Kane Ltd,Technology,201-1000,0.389,none,22,True,1.0,0.8884,0,0
ACC-000659,Blanchard and Sons,Insurance,51-200,0.787,none,73,False,1.0,0.8025,1,1
ACC-000660,"Cooper, Lopez and Green",Financial Services,201-1000,0.844,none,10,False,1.0,0.4972,1,1
ACC-000661,Clark-Shaw,Real Estate,1-50,1.0,none,29,False,1.0,0.8841,1,1
ACC-000662,Mason Inc,Financial Services,1-50,1.0,tech_refresh,56,False,1.0,0.8151,1,1
ACC-000663,Parrish Group,Healthcare,1-50,0.452,none,55,False,1.0,0.6554,0,0
ACC-000664,Grant LLC,Insurance,1-50,0.68,none,34,False,0.0,0.5607,0,1
ACC-000665,Cooley-Ritter,Real Estate,1-50,0.903,leadership_change,2,True,1.0,0.9273,1,1
ACC-000666,Brown PLC,Manufacturing,201-1000,0.375,leadership_change,74,False,1.0,0.8683,0,0
ACC-000667,Gilmore LLC,Legal,5000+,0.906,compliance_mandate,29,False,1.0,0.7893,1,1
ACC-000668,Bowman Group,Real Estate,5000+,0.722,funding_round,66,False,1.0,0.8295,1,1
ACC-000669,Macias-Miller,Government,51-200,0.76,leadership_change,44,False,0.0,0.5903,0,1
ACC-000670,Pham-Smith,Manufacturing,201-1000,0.372,tech_refresh,44,False,1.0,0.7635,0,0
ACC-000671,Matthews-Jensen,Retail,1-50,0.564,none,9,False,1.0,0.6986,1,0
ACC-000672,Henderson-Suarez,Government,1-50,0.675,compliance_mandate,40,True,1.0,0.755,1,1
ACC-000673,Wright Ltd,Real Estate,201-1000,0.801,compliance_mandate,1,False,1.0,0.8948,1,1
ACC-000674,Hunt LLC,Government,51-200,0.41,leadership_change,20,False,0.0,,0,0
ACC-000675,"Garcia, Lawson and Sawyer",Financial Services,1-50,0.909,tech_refresh,9,False,1.0,0.7315,1,1
ACC-000676,White and Sons,Technology,1-50,0.424,none,20,False,0.0,0.2791,0,0
ACC-000677,"Morgan, Herman and Potter",Legal,51-200,0.967,funding_round,18,False,0.0,,0,1
ACC-000678,"Woods, Cox and Hunt",Real Estate,1001-5000,0.851,none,70,True,1.0,0.5714,1,1
ACC-000679,Ruiz PLC,Retail,201-1000,0.167,none,11,False,0.0,0.5908,0,0
ACC-000680,Gallegos-Patterson,Real Estate,51-200,0.673,tech_refresh,3,False,1.0,0.8554,1,1
ACC-000681,"Perez, Lambert and Dunn",Legal,201-1000,0.806,none,0,True,0.0,0.895,0,1
ACC-000682,Decker LLC,Financial Services,201-1000,0.817,leadership_change,24,False,0.0,0.647,0,1
ACC-000683,Wheeler and Sons,Manufacturing,1-50,0.356,none,2,True,1.0,0.6323,0,0
ACC-000684,Montoya-Stevens,Financial Services,201-1000,0.856,tech_refresh,13,False,0.0,0.2711,0,1
ACC-000685,Rogers-Smith,Healthcare,1-50,0.816,none,38,False,1.0,0.4616,1,1
ACC-000686,Carroll Ltd,Insurance,1-50,0.834,compliance_mandate,21,False,1.0,0.5266,1,1
ACC-000687,Mueller-Barber,Real Estate,51-200,0.741,leadership_change,40,False,1.0,0.5844,1,1
ACC-000688,Taylor-Walker,Healthcare,5000+,0.445,none,10,False,1.0,0.4398,0,0
ACC-000689,Camacho-Lindsey,Legal,51-200,1.0,none,25,True,1.0,0.4017,1,1
ACC-000690,"Padilla, Madden and Williams",Retail,1-50,0.491,funding_round,17,False,1.0,0.5737,0,0
ACC-000691,Phillips-Colon,Government,5000+,0.576,leadership_change,35,False,1.0,0.6617,1,0
ACC-000692,"Hudson, Leonard and Trevino",Financial Services,51-200,0.886,none,15,False,1.0,0.7938,1,1
ACC-000693,Bass-Dudley,Legal,1-50,0.954,none,22,True,1.0,0.7949,1,1
ACC-000694,Bauer-Golden,Financial Services,1-50,0.916,none,22,False,1.0,0.7248,1,1
ACC-000695,White Group,Technology,51-200,0.541,funding_round,13,False,0.0,0.1739,0,0
ACC-000696,Alexander Group,Government,1-50,0.819,tech_refresh,17,True,1.0,0.6853,1,1
ACC-000697,Hart Ltd,Healthcare,5000+,0.591,none,71,False,1.0,0.5602,1,0
ACC-000698,Wagner Inc,Technology,51-200,0.529,tech_refresh,36,False,1.0,0.445,1,0
ACC-000699,"Spencer, Montgomery and Mitchell",Retail,1-50,0.362,funding_round,37,False,1.0,0.8921,0,0
ACC-000700,Zimmerman Inc,Government,201-1000,0.5,none,17,True,1.0,0.4881,0,0
ACC-000701,Bennett-Brown,Insurance,1-50,0.713,leadership_change,21,False,1.0,0.3018,1,1
ACC-000702,"Williams, Simpson and Garza",Technology,1001-5000,0.542,none,14,False,1.0,0.6757,1,0
ACC-000703,"Dunn, Smith and Orozco",Retail,51-200,0.548,none,48,False,1.0,0.8168,1,0
ACC-000704,"King, Conway and Jones",Real Estate,51-200,0.828,none,5,False,1.0,0.6326,1,1
ACC-000705,"Jones, Watts and Richard",Technology,51-200,0.529,none,35,False,1.0,0.7887,1,0
ACC-000706,"Hoffman, Gill and Allison",Retail,1-50,0.362,none,44,False,1.0,0.6138,0,0
ACC-000707,"Richardson, Willis and Peters",Government,1-50,0.822,none,9,False,0.0,,0,1
ACC-000708,Tran-Jennings,Real Estate,1-50,0.703,none,24,False,1.0,0.5087,1,1
ACC-000709,Jensen LLC,Technology,1-50,0.561,none,12,False,0.0,0.4252,0,0
ACC-000710,"Odom, Jensen and Keith",Government,51-200,0.454,tech_refresh,32,True,1.0,0.825,0,0
ACC-000711,Martin-Davenport,Legal,51-200,0.769,tech_refresh,10,False,0.0,0.6617,0,1
ACC-000712,Ayers-Jimenez,Real Estate,1-50,0.677,none,47,True,1.0,0.8153,1,1
ACC-000713,"White, Mccarthy and Smith",Legal,51-200,0.852,none,2,False,1.0,0.7877,1,1
ACC-000714,"Wright, Mendoza and Martin",Manufacturing,51-200,0.619,none,2,True,1.0,0.8773,1,0
ACC-000715,Hernandez-Hayes,Healthcare,1-50,0.532,funding_round,5,False,0.0,0.1488,0,0
ACC-000716,Green-Sanders,Financial Services,1-50,0.569,none,6,False,1.0,0.7358,1,0
ACC-000717,"Benson, Diaz and Jones",Manufacturing,5000+,0.665,tech_refresh,35,True,1.0,0.8459,1,1
ACC-000718,Phillips-Collins,Government,1-50,0.572,none,36,False,1.0,0.5257,1,0
ACC-000719,Price and Sons,Legal,1-50,0.775,none,48,False,1.0,0.9156,1,1
ACC-000720,"Brown, Bishop and Blackwell",Legal,1-50,0.632,none,6,False,1.0,0.5639,1,0
ACC-000721,"Lee, Baker and Oneal",Technology,1-50,0.597,tech_refresh,4,False,0.0,0.2982,0,0
ACC-000722,Grant Group,Legal,1-50,1.0,none,33,False,1.0,0.856,1,1
ACC-000723,Hopkins-Liu,Technology,1-50,0.423,tech_refresh,4,False,0.0,0.6831,0,0
ACC-000724,Taylor-Miller,Real Estate,201-1000,0.944,tech_refresh,42,False,1.0,0.7472,1,1
ACC-000725,"Morales, Edwards and Lee",Manufacturing,201-1000,0.413,none,21,False,0.0,,0,0
ACC-000726,Martin LLC,Government,51-200,0.757,none,56,True,1.0,0.7901,1,1
ACC-000727,Lawrence LLC,Government,5000+,0.886,none,26,False,1.0,0.7279,1,1
ACC-000728,"Kim, Hill and Sims",Real Estate,201-1000,0.709,funding_round,24,False,1.0,0.74,1,1
ACC-000729,Wright LLC,Real Estate,1001-5000,0.961,none,17,False,1.0,0.6517,1,1
ACC-000730,Lopez Inc,Real Estate,5000+,0.675,none,25,True,1.0,0.4406,1,1
ACC-000731,Brennan Inc,Government,201-1000,0.628,leadership_change,24,True,0.0,0.4981,0,0
ACC-000732,Armstrong and Sons,Retail,201-1000,0.489,none,2,False,1.0,0.7711,0,0
ACC-000733,West-White,Real Estate,201-1000,0.636,none,29,False,1.0,0.397,1,0
ACC-000734,Garcia Group,Real Estate,201-1000,0.691,none,45,False,1.0,0.6461,1,1
ACC-000735,"Hayes, Baldwin and Byrd",Legal,201-1000,0.972,none,5,False,1.0,0.6219,1,1
ACC-000736,"Oliver, Molina and Brown",Manufacturing,1-50,0.48,none,16,False,0.0,0.6722,0,0
ACC-000737,Walker PLC,Government,201-1000,0.563,none,62,False,1.0,0.4477,1,0
ACC-000738,"Smith, Garner and Wolfe",Technology,1001-5000,0.581,leadership_change,10,False,1.0,0.7667,1,0
ACC-000739,Mcclain-Keith,Legal,51-200,1.0,compliance_mandate,116,False,1.0,0.8313,1,1
ACC-000740,Velazquez LLC,Real Estate,1-50,0.637,compliance_mandate,22,False,0.0,,0,0
ACC-000741,Williams-Lewis,Retail,5000+,0.476,compliance_mandate,39,False,1.0,0.2789,0,0
ACC-000742,Wilson-Hubbard,Manufacturing,51-200,0.521,leadership_change,45,False,0.0,0.2868,0,0
ACC-000743,"Lang, Nelson and Harmon",Healthcare,201-1000,0.567,none,16,True,1.0,0.4827,1,0
ACC-000744,Smith-Davidson,Healthcare,1001-5000,0.534,leadership_change,27,False,1.0,0.8119,1,0
ACC-000745,Shaffer-Nicholson,Technology,1-50,0.557,none,6,True,1.0,0.8355,1,0
ACC-000746,"Porter, Sullivan and Carter",Financial Services,51-200,0.895,none,66,False,0.0,0.5373,0,1
ACC-000747,Livingston-Johnson,Retail,51-200,0.471,none,5,False,1.0,0.5743,0,0
ACC-000748,Tanner-Jacobs,Legal,51-200,0.95,compliance_mandate,25,False,0.0,,0,1
ACC-000749,Parker Inc,Healthcare,1-50,0.624,none,58,False,1.0,0.7635,1,0
ACC-000750,Hayes-Ayala,Government,201-1000,0.287,none,54,False,0.0,0.3552,0,0
ACC-000751,"Johnson, Smith and Richardson",Insurance,201-1000,0.853,funding_round,41,False,1.0,0.3739,1,1
ACC-000752,Hall and Sons,Retail,201-1000,0.194,tech_refresh,75,True,1.0,0.7446,0,0
ACC-000753,Bryant Group,Healthcare,1-50,0.558,none,0,False,0.0,0.4994,0,0
ACC-000754,Gutierrez-Bird,Insurance,1001-5000,0.802,none,5,False,1.0,0.4849,1,1
ACC-000755,"Sanchez, Zuniga and Torres",Technology,1-50,0.772,none,27,True,1.0,0.7766,1,1
ACC-000756,Kim PLC,Financial Services,201-1000,0.854,none,0,False,1.0,0.8824,1,1
ACC-000757,Houston Inc,Manufacturing,1-50,0.353,none,15,True,1.0,0.3673,0,0
ACC-000758,Lambert-Kim,Manufacturing,1-50,0.373,none,41,False,1.0,0.5822,0,0
ACC-000759,"Parker, Rodriguez and Frazier",Manufacturing,1-50,0.439,none,3,False,1.0,0.6115,0,0
ACC-000760,Wolfe Group,Manufacturing,201-1000,0.358,funding_round,34,False,1.0,0.731,0,0
ACC-000761,Adkins LLC,Government,1-50,0.766,leadership_change,1,True,1.0,0.8112,1,1
ACC-000762,"Wade, Stanley and Deleon",Technology,1001-5000,0.525,funding_round,34,False,0.0,0.2096,0,0
ACC-000763,Jones-Brewer,Real Estate,51-200,0.811,leadership_change,10,False,1.0,0.7168,1,1
ACC-000764,Rodriguez-Booth,Legal,1-50,0.945,none,11,True,0.0,,0,1
ACC-000765,"Castillo, Kemp and Conrad",Financial Services,51-200,1.0,none,1,False,1.0,0.7855,1,1
ACC-000766,Li-Singh,Technology,1-50,0.389,compliance_mandate,24,False,0.0,0.3623,0,0
ACC-000767,Williams-Neal,Insurance,201-1000,0.739,none,81,False,1.0,0.3768,1,1
ACC-000768,Curtis-Thomas,Financial Services,5000+,0.744,compliance_mandate,36,False,1.0,0.2984,1,1
ACC-000769,Tapia LLC,Retail,1-50,0.44,compliance_mandate,14,False,1.0,0.8974,0,0
ACC-000770,"Weeks, Erickson and Pearson",Insurance,51-200,1.0,none,33,True,1.0,0.8496,1,1
ACC-000771,"Boone, Norris and Jackson",Financial Services,1001-5000,0.763,tech_refresh,4,True,1.0,0.8336,1,1
ACC-000772,Sutton-Murillo,Legal,1-50,1.0,compliance_mandate,3,False,0.0,,0,1
ACC-000773,"Anderson, Foley and Ramirez",Financial Services,51-200,0.888,leadership_change,12,False,1.0,0.6711,1,1
ACC-000774,Aguilar Inc,Healthcare,51-200,0.619,none,20,False,1.0,0.8784,1,0
ACC-000775,Williams PLC,Insurance,5000+,0.754,none,26,False,1.0,0.9192,1,1
ACC-000776,Barton Ltd,Government,1-50,0.766,tech_refresh,44,False,0.0,0.7934,0,1
ACC-000777,Anderson-Tran,Government,51-200,0.795,funding_round,23,True,1.0,0.5165,1,1
ACC-000778,Carpenter Ltd,Government,51-200,0.648,leadership_change,16,False,0.0,,0,0
ACC-000779,"Pollard, White and Ruiz",Healthcare,1-50,0.735,none,27,False,1.0,0.8791,1,1
ACC-000780,Clark Ltd,Retail,1-50,0.427,none,25,True,0.0,0.3975,0,0
ACC-000781,Smith-Hall,Financial Services,1-50,0.715,none,49,False,0.0,0.396,0,1
ACC-000782,"Navarro, Harris and Turner",Insurance,1001-5000,0.776,compliance_mandate,12,True,1.0,0.4575,1,1
ACC-000783,Jacobson-Sanders,Retail,201-1000,0.348,compliance_mandate,34,False,1.0,0.7447,0,0
ACC-000784,Powell-Tucker,Technology,51-200,0.684,none,22,False,1.0,0.4396,1,1
ACC-000785,Vaughn-Davidson,Legal,5000+,0.844,none,11,True,0.0,0.2583,0,1
ACC-000786,Arnold-Smith,Retail,1-50,0.539,none,2,False,1.0,0.6311,1,0
ACC-000787,Gates-Robbins,Real Estate,1-50,1.0,none,68,True,1.0,0.6999,1,1
ACC-000788,Hanna-Walker,Insurance,51-200,0.635,none,23,False,1.0,0.3195,1,0
ACC-000789,"Oliver, Russell and Orozco",Technology,51-200,0.501,leadership_change,23,False,1.0,0.6466,1,0
ACC-000790,Wilson LLC,Healthcare,51-200,0.597,none,31,True,1.0,0.8227,1,0
ACC-000791,Martinez-Raymond,Retail,201-1000,0.454,leadership_change,58,False,0.0,0.7497,0,0
ACC-000792,Jordan Group,Technology,1-50,0.682,funding_round,41,False,1.0,0.7527,1,1
ACC-000793,"Rodriguez, Cunningham and Calderon",Financial Services,1001-5000,0.881,none,1,False,1.0,0.4038,1,1
ACC-000794,Cooper-Coffey,Legal,1-50,0.905,none,0,False,0.0,0.5618,0,1
ACC-000795,Jenkins-Richardson,Healthcare,51-200,0.585,funding_round,24,False,1.0,0.3659,1,0
ACC-000796,"Woods, Ellis and Edwards",Legal,1-50,0.914,none,1,False,1.0,0.7711,1,1
ACC-000797,"Ross, Rodriguez and Adams",Real Estate,1001-5000,0.868,none,22,False,1.0,0.715,1,1
ACC-000798,"Lewis, Wallace and Rhodes",Government,1-50,0.669,none,2,False,1.0,0.8016,1,1
ACC-000799,Knox Inc,Government,1001-5000,0.57,none,15,False,1.0,0.4841,1,0
ACC-000800,Smith Group,Technology,51-200,0.593,compliance_mandate,77,False,0.0,,0,0
ACC-000801,"Mata, Walls and Nelson",Technology,201-1000,0.526,none,12,False,0.0,0.6025,0,0
ACC-000802,"Orr, Hayes and Esparza",Legal,1001-5000,1.0,none,36,False,1.0,0.4983,1,1
ACC-000803,Santos-Contreras,Financial Services,1-50,0.891,none,50,False,1.0,0.4904,1,1
ACC-000804,Chapman Group,Insurance,1001-5000,0.729,funding_round,0,False,1.0,0.8448,1,1
ACC-000805,Clark-Smith,Legal,201-1000,0.764,none,27,False,1.0,0.662,1,1
ACC-000806,Liu Ltd,Technology,201-1000,0.493,none,52,False,0.0,0.2493,0,0
ACC-000807,Mendoza and Sons,Technology,201-1000,0.467,none,23,False,0.0,0.7895,0,0
ACC-000808,Carpenter-Nunez,Government,5000+,0.792,none,3,False,0.0,,0,1
ACC-000809,Johnson Ltd,Government,51-200,0.461,leadership_change,1,False,1.0,0.7627,0,0
ACC-000810,Ross-Manning,Retail,51-200,0.394,none,31,True,1.0,0.8418,0,0
ACC-000811,"Webb, Beard and Ferguson",Manufacturing,201-1000,0.602,funding_round,50,False,1.0,0.7288,1,0
ACC-000812,"Williamson, Cross and Harper",Insurance,1-50,0.734,none,22,False,1.0,0.4572,1,1
ACC-000813,Diaz-Bender,Healthcare,1-50,0.798,none,76,False,1.0,0.7228,1,1
ACC-000814,Robinson LLC,Real Estate,51-200,0.629,leadership_change,9,False,1.0,0.7621,1,0
ACC-000815,"Gamble, Bowman and Padilla",Retail,201-1000,0.233,funding_round,35,False,0.0,,0,0
ACC-000816,Hodges-Willis,Healthcare,201-1000,0.695,none,4,True,1.0,0.7047,1,1
ACC-000817,Martin-Wilson,Financial Services,5000+,0.682,none,25,False,1.0,0.5648,1,1
ACC-000818,"Ramirez, Benson and Stevens",Healthcare,201-1000,0.662,none,35,True,1.0,0.7798,1,1
ACC-000819,Potts-Thompson,Legal,201-1000,0.901,leadership_change,34,False,1.0,0.7575,1,1
ACC-000820,Nunez-Rodriguez,Real Estate,201-1000,1.0,none,19,False,1.0,0.7673,1,1
ACC-000821,Martinez Ltd,Financial Services,1-50,0.896,leadership_change,3,False,1.0,0.8465,1,1
ACC-000822,"Sanders, Villanueva and Mathews",Insurance,51-200,0.749,none,38,False,1.0,0.7567,1,1
ACC-000823,"Henry, Sanchez and Cannon",Manufacturing,1-50,0.36,none,25,True,1.0,0.4677,0,0
ACC-000824,Brown LLC,Retail,201-1000,0.338,tech_refresh,20,False,1.0,0.7609,0,0
ACC-000825,Nunez Inc,Retail,51-200,0.452,funding_round,4,False,1.0,0.3582,0,0
ACC-000826,"Baker, Lopez and Barrera",Insurance,1-50,0.712,tech_refresh,32,True,0.0,,0,1
ACC-000827,"Hernandez, Meyer and King",Retail,51-200,0.439,funding_round,19,False,1.0,0.7017,0,0
ACC-000828,Clark Ltd,Real Estate,201-1000,0.621,compliance_mandate,31,True,1.0,0.7774,1,0
ACC-000829,"Hanson, Galvan and Hernandez",Manufacturing,5000+,0.642,none,32,False,1.0,0.5281,1,0
ACC-000830,Munoz-Lewis,Government,1-50,0.58,none,30,False,1.0,0.6163,1,0
ACC-000831,Marsh LLC,Legal,1-50,0.997,funding_round,20,True,1.0,0.9557,1,1
ACC-000832,Bailey-Hill,Manufacturing,1001-5000,0.323,none,17,False,1.0,0.6967,0,0
ACC-000833,Jenkins and Sons,Manufacturing,51-200,0.308,none,33,True,1.0,0.4186,0,0
ACC-000834,Williams and Sons,Government,201-1000,0.635,none,15,True,1.0,0.5132,1,0
ACC-000835,"Ross, Jones and Morales",Real Estate,51-200,0.69,none,7,False,0.0,0.6117,0,1
ACC-000836,Swanson-Park,Government,1001-5000,0.668,none,6,False,0.0,,0,1
ACC-000837,Soto Group,Technology,1001-5000,0.566,none,54,True,1.0,0.606,1,0
ACC-000838,Palmer-Richard,Legal,1001-5000,1.0,none,1,False,1.0,0.5386,1,1
ACC-000839,Thomas-Kim,Retail,51-200,0.477,none,1,False,1.0,0.2542,0,0
ACC-000840,Marsh-Gaines,Financial Services,1-50,0.481,none,2,False,1.0,0.313,0,0
ACC-000841,Weaver LLC,Manufacturing,5000+,0.504,leadership_change,10,False,0.0,0.3416,0,0
ACC-000842,Phillips LLC,Legal,1-50,0.953,compliance_mandate,58,False,1.0,0.8981,1,1
ACC-000843,"Fleming, Robinson and Houston",Real Estate,1-50,0.743,compliance_mandate,18,False,1.0,0.8653,1,1
ACC-000844,Clark-Smith,Real Estate,51-200,0.765,leadership_change,49,False,1.0,0.8637,1,1
ACC-000845,Torres-Singleton,Real Estate,51-200,0.745,none,1,False,1.0,0.8132,1,1
ACC-000846,Young Inc,Real Estate,51-200,0.844,none,18,False,1.0,0.7202,1,1
ACC-000847,Mcknight Inc,Healthcare,51-200,0.792,none,3,False,1.0,0.691,1,1
ACC-000848,Hardy LLC,Real Estate,51-200,0.786,none,41,True,1.0,0.7046,1,1
ACC-000849,"Sharp, Villa and Rodriguez",Healthcare,51-200,0.598,none,36,False,1.0,0.8089,1,0
ACC-000850,Medina Group,Healthcare,1001-5000,0.849,none,72,False,1.0,0.5804,1,1
ACC-000851,"Howe, Davis and Irwin",Legal,201-1000,0.767,none,2,False,0.0,0.4647,0,1
ACC-000852,Mann-Moore,Technology,1-50,0.644,none,33,False,0.0,0.5422,0,0
ACC-000853,Wong Inc,Government,1001-5000,0.492,none,46,False,0.0,0.2049,0,0
ACC-000854,Grant-Moore,Healthcare,5000+,0.593,none,33,True,1.0,0.7927,1,0
ACC-000855,Ware-Blackburn,Technology,5000+,0.548,none,156,False,1.0,0.3084,1,0
ACC-000856,"Taylor, Freeman and Ward",Healthcare,1-50,0.622,funding_round,2,False,1.0,0.7393,1,0
ACC-000857,"Sanchez, Wilkerson and Logan",Real Estate,201-1000,0.817,none,10,True,1.0,0.8967,1,1
ACC-000858,Pitts Ltd,Government,51-200,0.405,none,24,False,0.0,0.741,0,0
ACC-000859,"Howard, Taylor and Lewis",Financial Services,5000+,0.956,funding_round,29,False,1.0,0.7401,1,1
ACC-000860,"Carter, White and Robinson",Healthcare,201-1000,0.638,leadership_change,24,True,1.0,0.8965,1,0
ACC-000861,Smith LLC,Legal,1-50,1.0,none,2,True,1.0,0.8967,1,1
ACC-000862,Patel-Weber,Technology,1001-5000,0.562,none,13,True,1.0,0.914,1,0
ACC-000863,Allen-Hayden,Technology,51-200,0.396,leadership_change,45,False,1.0,0.4035,0,0
ACC-000864,Weeks-Fields,Technology,51-200,0.582,leadership_change,12,False,1.0,0.8442,1,0
ACC-000865,Baker-Zhang,Real Estate,51-200,0.789,none,6,False,1.0,0.6387,1,1
ACC-000866,Moyer-Bright,Insurance,201-1000,0.782,funding_round,36,False,1.0,0.8363,1,1
ACC-000867,"Collins, Turner and Rodriguez",Technology,51-200,0.453,none,43,False,1.0,0.6753,0,0
ACC-000868,Wilson Ltd,Healthcare,1-50,0.58,leadership_change,10,False,1.0,0.784,1,0
ACC-000869,Robinson Group,Manufacturing,1-50,0.469,none,36,False,0.0,,0,0
ACC-000870,Wolfe-Rivas,Real Estate,1-50,0.936,none,23,True,1.0,0.7885,1,1
ACC-000871,Snyder-Roberson,Real Estate,201-1000,0.781,leadership_change,21,False,1.0,0.7051,1,1
ACC-000872,"Davis, Clayton and Castillo",Financial Services,1-50,0.756,tech_refresh,24,False,1.0,0.5418,1,1
ACC-000873,Welch-Flores,Government,1-50,0.587,none,17,False,0.0,0.4386,0,0
ACC-000874,Woods and Sons,Insurance,201-1000,0.602,none,17,False,1.0,0.6745,1,0
ACC-000875,"Gardner, Rose and Ortiz",Retail,201-1000,0.461,none,74,False,0.0,0.2251,0,0
ACC-000876,Wyatt-Robinson,Retail,51-200,0.282,leadership_change,22,False,1.0,0.7814,0,0
ACC-000877,Simmons-Russo,Technology,1-50,0.743,funding_round,8,True,1.0,0.7457,1,1
ACC-000878,"Smith, Carter and Keller",Financial Services,51-200,0.532,none,23,False,1.0,0.8559,1,0
ACC-000879,"Harris, Hogan and Herman",Retail,201-1000,0.298,none,64,False,1.0,0.7824,0,0
ACC-000880,Newman Group,Retail,51-200,0.298,none,54,False,1.0,0.2779,0,0
ACC-000881,Williams PLC,Government,51-200,0.601,none,59,False,1.0,0.5297,1,0
ACC-000882,"Banks, Lewis and Williams",Government,51-200,0.588,tech_refresh,14,False,1.0,0.585,1,0
ACC-000883,Wagner Group,Healthcare,201-1000,0.704,tech_refresh,18,False,1.0,0.6109,1,1
ACC-000884,Gill-Martinez,Manufacturing,1-50,0.448,none,37,False,1.0,0.5997,0,0
ACC-000885,Solis PLC,Healthcare,51-200,0.577,none,15,False,1.0,0.6363,1,0
ACC-000886,Pena-Hurley,Manufacturing,1-50,0.445,none,17,False,0.0,0.7151,0,0
ACC-000887,Webb-Clark,Government,201-1000,0.67,compliance_mandate,1,False,0.0,0.5875,0,1
ACC-000888,"Hardy, Long and Phillips",Manufacturing,51-200,0.541,funding_round,19,False,0.0,0.5553,0,0
ACC-000889,Leonard-Reed,Insurance,201-1000,0.523,leadership_change,18,False,1.0,0.4611,1,0
ACC-000890,"Thomas, Myers and Simpson",Manufacturing,1-50,0.362,none,7,False,1.0,0.5039,0,0
ACC-000891,"Landry, Jones and Simpson",Legal,1-50,0.922,none,17,False,1.0,0.9166,1,1
ACC-000892,Phillips Inc,Real Estate,51-200,0.908,none,40,False,1.0,0.4567,1,1
ACC-000893,Garcia-Garcia,Financial Services,1-50,0.826,compliance_mandate,16,False,1.0,0.5628,1,1
ACC-000894,Swanson-Thomas,Financial Services,1-50,0.773,tech_refresh,102,False,1.0,0.6687,1,1
ACC-000895,Davis PLC,Technology,51-200,0.63,none,41,False,1.0,0.9213,1,0
ACC-000896,Tucker-Harrison,Technology,1001-5000,0.808,none,36,False,1.0,0.6698,1,1
ACC-000897,"Mckenzie, Stevenson and Frank",Healthcare,51-200,0.506,none,3,False,0.0,0.1038,0,0
ACC-000898,Moreno-Massey,Insurance,201-1000,0.618,funding_round,75,True,1.0,0.7602,1,0
ACC-000899,Owen and Sons,Real Estate,1-50,0.853,leadership_change,56,False,1.0,0.2649,1,1
ACC-000900,"Pratt, Rodriguez and Sanchez",Government,1-50,0.667,none,31,True,1.0,0.8002,1,1
ACC-000901,Bradford and Sons,Real Estate,1-50,0.789,none,55,False,0.0,,0,1
ACC-000902,"Lee, Howard and Roy",Manufacturing,1001-5000,0.458,funding_round,23,False,1.0,0.5315,0,0
ACC-000903,"Johnson, Barajas and Perkins",Insurance,51-200,0.844,funding_round,1,True,1.0,0.9304,1,1
ACC-000904,West-Smith,Government,1-50,0.643,funding_round,7,False,1.0,0.5727,1,0
ACC-000905,Cooper-Porter,Government,1-50,0.594,leadership_change,1,True,1.0,0.8977,1,0
ACC-000906,"Tucker, Ingram and Smith",Healthcare,51-200,0.492,tech_refresh,12,False,0.0,0.3257,0,0
ACC-000907,Johnson PLC,Legal,1-50,1.0,none,24,False,1.0,0.5838,1,1
ACC-000908,"Oconnor, Quinn and Rice",Retail,1001-5000,0.354,none,45,False,1.0,0.602,0,0
ACC-000909,Pitts Group,Healthcare,1-50,0.536,none,37,True,1.0,0.5431,1,0
ACC-000910,"Hamilton, Leonard and Hernandez",Healthcare,51-200,0.877,none,3,False,0.0,0.5702,0,1
ACC-000911,"Zimmerman, Murray and Santiago",Insurance,1-50,0.886,none,12,False,1.0,0.4129,1,1
ACC-000912,Smith Inc,Manufacturing,51-200,0.46,none,21,True,0.0,0.9376,0,0
ACC-000913,Spencer Ltd,Legal,51-200,0.975,none,62,False,1.0,0.6161,1,1
ACC-000914,"Waters, Cline and Morgan",Technology,51-200,0.417,none,3,False,1.0,0.6775,0,0
ACC-000915,Sandoval and Sons,Government,51-200,0.719,tech_refresh,11,False,1.0,0.764,1,1
ACC-000916,Sanders LLC,Insurance,1001-5000,0.885,funding_round,27,True,0.0,0.7391,0,1
ACC-000917,Griffin-Dominguez,Manufacturing,201-1000,0.678,none,1,False,1.0,0.9502,1,1
ACC-000918,"Robinson, Morris and Chavez",Manufacturing,1001-5000,0.549,funding_round,36,False,1.0,0.9235,1,0
ACC-000919,"Tucker, Moreno and Rodgers",Technology,1-50,0.601,funding_round,21,True,1.0,0.2995,1,0
ACC-000920,Brewer-Martinez,Real Estate,201-1000,0.769,none,13,False,1.0,0.6813,1,1
ACC-000921,"Jones, Mitchell and Grant",Technology,1-50,0.359,none,8,False,1.0,0.706,0,0
ACC-000922,Clayton PLC,Healthcare,1-50,0.497,none,29,False,1.0,0.4191,0,0
ACC-000923,Huerta LLC,Legal,1-50,0.85,none,54,False,1.0,0.3857,1,1
ACC-000924,Snyder-Ramos,Financial Services,51-200,0.981,none,37,False,1.0,0.6294,1,1
ACC-000925,"Gordon, Lawrence and West",Manufacturing,51-200,0.436,none,70,True,1.0,0.5696,0,0
ACC-000926,"Brewer, Ross and Gomez",Insurance,1-50,0.9,none,4,False,1.0,0.4612,1,1
ACC-000927,"Ford, Davis and Lopez",Technology,51-200,0.457,tech_refresh,24,True,1.0,0.7349,0,0
ACC-000928,Shaffer-Alvarez,Government,201-1000,0.383,none,24,True,0.0,0.8462,0,0
ACC-000929,Wells Inc,Real Estate,51-200,0.674,funding_round,46,True,1.0,0.824,1,1
ACC-000930,Carlson-Mcgee,Retail,1-50,0.312,none,55,False,1.0,0.4567,0,0
ACC-000931,Rubio LLC,Healthcare,201-1000,0.659,none,18,True,1.0,0.8327,1,1
ACC-000932,Wilson-Harris,Healthcare,1-50,0.615,compliance_mandate,45,False,1.0,0.7207,1,0
ACC-000933,Watts-Baldwin,Government,201-1000,0.746,leadership_change,59,False,1.0,0.8427,1,1
ACC-000934,Hooper and Sons,Retail,51-200,0.405,none,2,True,1.0,0.7884,0,0
ACC-000935,Lopez Inc,Real Estate,1-50,0.682,none,1,True,1.0,0.719,1,1
ACC-000936,Mason-Nguyen,Real Estate,1-50,0.683,none,32,False,0.0,0.4039,0,1
ACC-000937,Richardson-Ramirez,Insurance,1001-5000,0.808,none,15,True,1.0,0.8822,1,1
ACC-000938,"Taylor, Nelson and Wilson",Real Estate,1-50,1.0,funding_round,4,True,1.0,0.8879,1,1
ACC-000939,"Stephenson, Garcia and Palmer",Legal,51-200,1.0,none,0,True,1.0,0.8486,1,1
ACC-000940,Hall Inc,Financial Services,1001-5000,0.819,none,7,False,1.0,0.3358,1,1
ACC-000941,Graham and Sons,Legal,201-1000,0.995,none,38,False,0.0,,0,1
ACC-000942,Blanchard-Warren,Legal,1-50,0.978,none,34,False,1.0,0.9104,1,1
ACC-000943,Powers-Reynolds,Healthcare,51-200,0.589,none,68,False,1.0,0.6818,1,0
ACC-000944,Cook-Long,Manufacturing,1-50,0.338,leadership_change,12,False,0.0,0.1638,0,0
ACC-000945,"Higgins, Campbell and Holland",Financial Services,51-200,0.811,none,10,False,0.0,0.5493,0,1
ACC-000946,Jacobs-Walker,Real Estate,1001-5000,0.456,none,4,False,1.0,0.5779,0,0
ACC-000947,Parker-Rodriguez,Healthcare,1001-5000,0.84,tech_refresh,6,False,1.0,0.5773,1,1
ACC-000948,"Reyes, Perry and Coleman",Government,51-200,0.606,funding_round,37,True,1.0,0.4978,1,0
ACC-000949,Lewis-Newman,Government,201-1000,0.659,none,76,False,0.0,0.4086,0,1
ACC-000950,Lara Group,Insurance,1-50,0.771,funding_round,40,False,1.0,0.9021,1,1
ACC-000951,Hart-Gilbert,Healthcare,51-200,0.772,compliance_mandate,67,False,1.0,0.3849,1,1
ACC-000952,Foster Group,Insurance,5000+,0.997,none,3,False,1.0,0.6905,1,1
ACC-000953,"Holmes, Rivera and Ramirez",Manufacturing,201-1000,0.37,none,0,False,0.0,0.1775,0,0
ACC-000954,Franklin LLC,Financial Services,1-50,0.721,none,23,False,0.0,0.5851,0,1
ACC-000955,Johnson-Howard,Insurance,51-200,0.763,none,32,True,1.0,0.7681,1,1
ACC-000956,Burgess Ltd,Financial Services,51-200,1.0,none,53,False,1.0,0.8064,1,1
ACC-000957,George Inc,Insurance,1-50,0.724,none,23,False,0.0,0.1976,0,1
ACC-000958,Walters-Parker,Retail,51-200,0.372,leadership_change,10,True,1.0,0.7818,0,0
ACC-000959,Wolfe and Sons,Real Estate,51-200,0.846,leadership_change,29,False,1.0,0.7389,1,1
ACC-000960,"Sherman, Howard and Garcia",Legal,51-200,0.806,compliance_mandate,5,False,1.0,0.3578,1,1
ACC-000961,"Nicholson, Gomez and Jones",Legal,1-50,0.663,leadership_change,57,False,1.0,0.6191,1,1
ACC-000962,Moore LLC,Technology,201-1000,0.517,funding_round,38,False,1.0,0.5902,1,0
ACC-000963,Hancock and Sons,Insurance,51-200,0.685,none,16,False,0.0,0.103,0,1
ACC-000964,"Waller, Ortiz and Howard",Financial Services,1-50,0.762,compliance_mandate,85,False,1.0,0.4889,1,1
ACC-000965,Olson-Kelly,Financial Services,201-1000,0.949,none,12,False,1.0,0.7676,1,1
ACC-000966,"Stevens, Odom and Vazquez",Government,51-200,0.639,leadership_change,42,False,1.0,0.6229,1,0
ACC-000967,Williams-Glover,Financial Services,1-50,1.0,none,53,False,1.0,0.351,1,1
ACC-000968,"Andersen, Tucker and Gonzalez",Insurance,1-50,0.779,none,6,False,1.0,0.7476,1,1
ACC-000969,Daniels-Campbell,Healthcare,5000+,0.532,none,144,False,0.0,0.2129,0,0
ACC-000970,"Glass, Sanders and Tyler",Healthcare,51-200,0.755,none,29,True,0.0,0.2949,0,1
ACC-000971,Johnson and Sons,Real Estate,201-1000,0.578,none,11,False,1.0,0.7012,1,0
ACC-000972,"Hicks, Fischer and Wilson",Real Estate,51-200,0.846,none,46,False,0.0,0.3071,0,1
ACC-000973,Hernandez PLC,Retail,201-1000,0.287,none,5,False,1.0,0.9206,0,0
ACC-000974,"Hicks, Jones and Anderson",Real Estate,5000+,0.841,none,12,False,0.0,0.5939,0,1
ACC-000975,Flowers-Tyler,Financial Services,201-1000,0.845,tech_refresh,39,False,1.0,0.9101,1,1
ACC-000976,Crawford Group,Legal,5000+,1.0,none,27,False,1.0,0.6493,1,1
ACC-000977,"Wilson, Krause and Rodriguez",Government,51-200,0.762,none,111,False,0.0,0.4347,0,1
ACC-000978,Houston LLC,Financial Services,1-50,0.847,compliance_mandate,8,False,0.0,0.1974,0,1
ACC-000979,Mitchell Ltd,Insurance,5000+,0.78,compliance_mandate,16,False,1.0,0.721,1,1
ACC-000980,Bailey-King,Manufacturing,1-50,0.645,leadership_change,13,False,1.0,0.702,1,0
ACC-000981,Davis PLC,Technology,51-200,0.597,funding_round,9,True,1.0,0.67,1,0
ACC-000982,Young Inc,Manufacturing,1-50,0.545,leadership_change,2,False,1.0,0.6349,1,0
ACC-000983,"Brown, Gutierrez and Tucker",Retail,201-1000,0.424,none,18,False,0.0,,0,0
ACC-000984,"Turner, Rodriguez and Wells",Manufacturing,5000+,0.622,leadership_change,15,False,1.0,0.6315,1,0
ACC-000985,"Terrell, Bryant and Smith",Financial Services,51-200,0.969,tech_refresh,0,True,1.0,0.1253,1,1
ACC-000986,Martinez-Coffey,Real Estate,51-200,0.793,tech_refresh,70,True,1.0,0.6497,1,1
ACC-000987,Lewis-Brown,Real Estate,51-200,1.0,none,3,False,1.0,0.5687,1,1
ACC-000988,Coleman-Kennedy,Government,1001-5000,0.601,tech_refresh,17,True,1.0,0.938,1,0
ACC-000989,"Miller, Williams and Jones",Legal,1-50,0.825,none,0,False,1.0,0.7897,1,1
ACC-000990,Alexander PLC,Real Estate,51-200,0.762,none,30,False,0.0,0.5608,0,1
ACC-000991,Soto-Black,Government,1-50,0.52,none,5,True,1.0,0.7829,1,0
ACC-000992,Perez-Torres,Healthcare,1-50,0.538,none,21,False,1.0,0.6238,1,0
ACC-000993,Jones-Ferguson,Insurance,1-50,0.673,leadership_change,8,False,1.0,0.5291,1,1
ACC-000994,Evans-Fitzpatrick,Insurance,1-50,0.82,compliance_mandate,9,False,1.0,0.8549,1,1
ACC-000995,Hernandez-Tyler,Legal,51-200,0.988,compliance_mandate,196,False,1.0,0.6548,1,1
ACC-000996,Hall-Lee,Healthcare,51-200,0.654,tech_refresh,5,False,1.0,0.5507,1,1
ACC-000997,Jimenez and Sons,Manufacturing,51-200,0.386,none,12,False,1.0,0.6194,0,0
ACC-000998,Thompson Inc,Healthcare,1-50,0.505,none,8,False,1.0,0.7798,1,0
ACC-000999,Griffith-Smith,Technology,1001-5000,0.636,none,31,True,1.0,0.9126,1,0
ACC-001000,"King, Gill and Marsh",Legal,51-200,0.719,none,25,False,1.0,0.3728,1,1
ACC-001001,Tyler Group,Insurance,201-1000,0.669,none,149,True,1.0,0.8301,1,1
ACC-001002,"Duarte, Rodriguez and Allen",Government,51-200,0.44,none,3,False,0.0,0.4833,0,0
ACC-001003,"Weaver, Ray and Knight",Financial Services,201-1000,0.658,leadership_change,25,False,0.0,0.4219,0,1
ACC-001004,Harris and Sons,Manufacturing,201-1000,0.661,tech_refresh,24,False,1.0,0.8606,1,1
ACC-001005,Oconnor LLC,Legal,51-200,1.0,none,30,False,0.0,0.1543,0,1
ACC-001006,Armstrong-Lopez,Manufacturing,51-200,0.433,tech_refresh,4,False,1.0,0.5891,0,0
ACC-001007,"Jones, Valentine and Mitchell",Financial Services,51-200,0.895,none,64,False,1.0,0.581,1,1
ACC-001008,Kelly and Sons,Technology,51-200,0.582,funding_round,68,False,1.0,0.7842,1,0
ACC-001009,Chan-Lawson,Technology,1-50,0.432,none,31,False,1.0,0.7246,0,0
ACC-001010,"Bautista, Moore and Mcgee",Government,51-200,0.696,funding_round,4,False,1.0,0.804,1,1
ACC-001011,Smith-Stout,Legal,51-200,0.869,funding_round,0,False,1.0,0.334,1,1
ACC-001012,"Burton, Hampton and Johnson",Real Estate,201-1000,0.728,none,15,True,1.0,0.6313,1,1
ACC-001013,"Joseph, Thompson and Cole",Retail,51-200,0.133,none,109,False,1.0,0.355,0,0
ACC-001014,Thomas-Phillips,Financial Services,1-50,0.703,none,6,False,0.0,0.3849,0,1
ACC-001015,"Robles, Evans and Cortez",Retail,51-200,0.215,none,8,True,1.0,0.359,0,0
ACC-001016,Moore Group,Insurance,51-200,0.847,none,29,False,1.0,0.48,1,1
ACC-001017,Martin and Sons,Government,1001-5000,0.702,none,52,False,1.0,0.9006,1,1
ACC-001018,Price-Martinez,Technology,51-200,0.546,none,36,False,0.0,0.585,0,0
ACC-001019,Marshall-Campbell,Financial Services,1001-5000,0.893,compliance_mandate,12,False,1.0,0.7912,1,1
ACC-001020,Houston-Valenzuela,Retail,51-200,0.416,tech_refresh,9,False,1.0,0.7056,0,0
ACC-001021,Mitchell LLC,Real Estate,201-1000,1.0,compliance_mandate,31,True,1.0,0.7004,1,1
ACC-001022,English-Mcgrath,Retail,51-200,0.381,none,4,False,1.0,0.356,0,0
ACC-001023,Parrish-Hernandez,Manufacturing,1001-5000,0.48,none,14,False,1.0,0.4555,0,0
ACC-001024,Howell LLC,Healthcare,1-50,0.949,tech_refresh,38,True,1.0,0.9411,1,1
ACC-001025,"Fletcher, Adams and Chen",Retail,1001-5000,0.561,none,34,False,1.0,0.2651,1,0
ACC-001026,"Rangel, Nguyen and Francis",Financial Services,1001-5000,0.662,none,33,False,1.0,0.4876,1,1
ACC-001027,Riggs-Grimes,Real Estate,51-200,0.743,leadership_change,3,True,1.0,0.9081,1,1
ACC-001028,Garcia-Robinson,Technology,5000+,0.423,none,8,True,0.0,0.5465,0,0
ACC-001029,Snyder-Howard,Government,1-50,0.578,compliance_mandate,47,False,1.0,0.5876,1,0
ACC-001030,"White, Perry and Wilson",Insurance,1001-5000,0.805,none,22,False,1.0,0.7236,1,1
ACC-001031,Fleming-Estrada,Legal,1001-5000,0.86,tech_refresh,20,False,1.0,0.8696,1,1
ACC-001032,"Solis, Joyce and Lara",Financial Services,51-200,0.699,funding_round,22,False,1.0,0.764,1,1
ACC-001033,Lewis-Boyd,Insurance,201-1000,0.861,none,19,False,1.0,0.557,1,1
ACC-001034,Mcintosh Group,Financial Services,1-50,0.837,leadership_change,41,True,1.0,0.5672,1,1
ACC-001035,Phillips-Osborne,Insurance,201-1000,0.773,none,11,True,1.0,0.8527,1,1
ACC-001036,Jones-Ortega,Retail,1001-5000,0.0,none,5,False,0.0,0.7849,0,0
ACC-001037,Randolph Inc,Financial Services,51-200,0.517,compliance_mandate,18,False,1.0,0.61,1,0
ACC-001038,Bennett LLC,Insurance,1-50,0.794,leadership_change,64,False,1.0,0.9459,1,1
ACC-001039,Estrada-Cruz,Technology,1-50,0.76,tech_refresh,12,False,1.0,0.6257,1,1
ACC-001040,Bowman Inc,Technology,201-1000,0.555,compliance_mandate,22,False,1.0,0.6644,1,0
ACC-001041,Dunn-Smith,Legal,1001-5000,0.834,none,18,False,0.0,0.5923,0,1
ACC-001042,"Orr, Potter and Li",Financial Services,51-200,0.895,funding_round,53,False,1.0,0.8671,1,1
ACC-001043,Crawford-Smith,Manufacturing,201-1000,0.439,funding_round,24,False,0.0,0.7578,0,0
ACC-001044,"Medina, Thompson and Lopez",Government,1001-5000,0.646,leadership_change,40,True,1.0,0.9005,1,0
ACC-001045,Vaughan and Sons,Retail,201-1000,0.203,none,23,False,0.0,0.5808,0,0
ACC-001046,Webb-Mosley,Real Estate,51-200,0.754,leadership_change,105,False,1.0,0.8597,1,1
ACC-001047,Smith PLC,Healthcare,1-50,0.815,none,99,False,1.0,0.6223,1,1
ACC-001048,"Dominguez, Mendez and Schultz",Real Estate,201-1000,0.972,none,35,False,1.0,0.6693,1,1
ACC-001049,Winters-Stevens,Technology,51-200,0.477,compliance_mandate,40,False,1.0,0.7171,0,0
ACC-001050,Haley Group,Financial Services,51-200,0.731,none,33,False,1.0,0.5991,1,1
ACC-001051,"Lee, Randolph and Robinson",Healthcare,1001-5000,0.554,none,1,False,0.0,0.3808,0,0
ACC-001052,"Steele, Gentry and Benton",Retail,1001-5000,0.371,none,2,False,1.0,0.3983,0,0
ACC-001053,Wilson-Moody,Insurance,51-200,0.768,funding_round,13,False,1.0,0.7178,1,1
ACC-001054,"Hall, Hughes and Moore",Manufacturing,201-1000,0.245,leadership_change,19,False,1.0,0.6546,0,0
ACC-001055,"Jefferson, Carpenter and Moore",Financial Services,201-1000,0.854,none,18,False,1.0,0.6563,1,1
ACC-001056,Patterson-Valdez,Manufacturing,1-50,0.529,none,5,True,1.0,0.5307,1,0
ACC-001057,Smith PLC,Healthcare,201-1000,0.72,none,0,False,1.0,0.7808,1,1
ACC-001058,Clarke-Miller,Retail,51-200,0.312,none,1,False,1.0,0.6417,0,0
ACC-001059,Costa-Harrison,Insurance,1-50,0.888,funding_round,17,False,1.0,0.4828,1,1
ACC-001060,Miller Inc,Technology,201-1000,0.141,compliance_mandate,19,True,0.0,0.249,0,0
ACC-001061,Murray-Kelly,Financial Services,1001-5000,0.808,none,54,False,1.0,0.514,1,1
ACC-001062,"Williams, Rice and Mckee",Legal,201-1000,1.0,none,14,False,1.0,0.3506,1,1
ACC-001063,Anthony-Rodriguez,Government,1-50,0.638,none,8,False,0.0,0.4916,0,0
ACC-001064,Nolan-Marshall,Manufacturing,201-1000,0.266,none,29,True,0.0,0.6108,0,0
ACC-001065,Hernandez Ltd,Government,201-1000,0.664,funding_round,4,False,1.0,0.7728,1,1
ACC-001066,Cabrera PLC,Retail,1001-5000,0.347,tech_refresh,28,False,1.0,0.7502,0,0
ACC-001067,Ray-Phelps,Government,1-50,0.57,funding_round,15,False,1.0,0.7251,1,0
ACC-001068,"Mitchell, Wheeler and Hensley",Manufacturing,1001-5000,0.534,funding_round,3,False,1.0,0.7231,1,0
ACC-001069,Edwards Group,Manufacturing,1-50,0.432,none,33,False,1.0,0.5038,0,0
ACC-001070,"Rodriguez, Alexander and Reid",Retail,51-200,0.506,none,3,False,0.0,0.2219,0,0
ACC-001071,"Gutierrez, Randall and Duncan",Manufacturing,201-1000,0.503,none,27,False,1.0,0.5659,1,0
ACC-001072,Mcintosh-Kim,Government,1-50,0.373,none,8,False,0.0,,0,0
ACC-001073,"Brandt, Melton and Willis",Financial Services,201-1000,0.785,funding_round,40,False,1.0,0.7729,1,1
ACC-001074,Reed and Sons,Real Estate,51-200,0.563,tech_refresh,25,False,1.0,0.5085,1,0
ACC-001075,"Henry, Beard and Davis",Financial Services,51-200,0.78,funding_round,35,False,1.0,0.7562,1,1
ACC-001076,Henry Inc,Legal,51-200,1.0,none,1,False,1.0,0.779,1,1
ACC-001077,Mitchell Group,Government,5000+,0.729,none,19,False,1.0,0.8301,1,1
ACC-001078,"Hayden, Li and Wilson",Technology,51-200,0.547,funding_round,30,False,1.0,0.6899,1,0
ACC-001079,Lee Ltd,Insurance,1001-5000,0.626,none,22,True,0.0,0.6828,0,0
ACC-001080,Smith-Moore,Technology,51-200,0.516,compliance_mandate,45,False,1.0,0.7557,1,0
ACC-001081,Zamora Ltd,Financial Services,201-1000,1.0,none,38,True,1.0,0.9129,1,1
ACC-001082,"Downs, Thompson and Meyers",Retail,1-50,0.322,leadership_change,13,False,1.0,0.3552,0,0
ACC-001083,Lowe Group,Financial Services,1001-5000,0.844,compliance_mandate,6,False,0.0,0.678,0,1
ACC-001084,Henry Ltd,Government,1-50,0.708,none,10,False,1.0,0.5148,1,1
ACC-001085,Silva and Sons,Healthcare,1-50,0.62,tech_refresh,85,False,1.0,0.4841,1,0
ACC-001086,"Buck, Williams and Soto",Healthcare,1-50,0.702,none,0,False,1.0,0.5235,1,1
ACC-001087,Wood-Lucas,Legal,5000+,0.834,none,32,True,0.0,0.4548,0,1
ACC-001088,Levine Group,Legal,51-200,0.796,none,80,False,1.0,0.2938,1,1
ACC-001089,Ryan Ltd,Legal,1-50,0.969,none,3,False,0.0,0.4058,0,1
ACC-001090,"Russo, Roach and Hudson",Financial Services,201-1000,0.904,none,47,False,1.0,0.7986,1,1
ACC-001091,"Mcclain, Thomas and Cox",Government,1001-5000,0.455,none,66,True,0.0,0.1873,0,0
ACC-001092,Miller Ltd,Real Estate,1-50,0.821,none,18,False,1.0,0.5115,1,1
ACC-001093,"Jones, Little and Richardson",Insurance,201-1000,0.56,none,36,True,1.0,0.5963,1,0
ACC-001094,Morgan-Smith,Healthcare,51-200,0.429,none,27,False,1.0,0.8069,0,0
ACC-001095,Hahn-Kline,Financial Services,1-50,0.631,leadership_change,1,True,1.0,0.9156,1,0
ACC-001096,Smith-Dunn,Financial Services,201-1000,0.933,none,1,False,1.0,0.7434,1,1
ACC-001097,"Beasley, Edwards and Wise",Manufacturing,201-1000,0.466,funding_round,10,False,0.0,0.3122,0,0
ACC-001098,Shannon-Benjamin,Legal,51-200,0.732,tech_refresh,9,False,1.0,0.8761,1,1
ACC-001099,Dalton-Sanders,Government,201-1000,0.504,none,14,False,1.0,0.5538,1,0
ACC-001100,Martinez Inc,Manufacturing,201-1000,0.426,none,47,True,0.0,0.5856,0,0
ACC-001101,"Lamb, Dixon and Kelly",Real Estate,1-50,0.732,leadership_change,8,True,1.0,0.7617,1,1
ACC-001102,Mitchell-Dunn,Legal,1-50,0.891,none,3,False,0.0,0.6306,0,1
ACC-001103,"Vaughn, Jackson and Frank",Legal,201-1000,0.842,none,36,False,1.0,0.5447,1,1
ACC-001104,"Lane, Hanson and Smith",Legal,1-50,0.862,none,5,True,1.0,0.7528,1,1
ACC-001105,Smith-Smith,Insurance,1-50,0.774,funding_round,20,False,0.0,,0,1
ACC-001106,Morris-Douglas,Retail,1001-5000,0.042,compliance_mandate,89,False,1.0,0.6401,0,0
ACC-001107,Walker-Bishop,Legal,1-50,0.949,none,3,True,1.0,0.6558,1,1
ACC-001108,Meyer-Werner,Legal,5000+,0.782,funding_round,25,False,0.0,0.2277,0,1
ACC-001109,Graves-Lester,Financial Services,1001-5000,0.838,funding_round,8,False,0.0,0.6176,0,1
ACC-001110,"Young, Costa and Cook",Financial Services,5000+,0.91,none,30,False,1.0,0.615,1,1
ACC-001111,"Reed, Howard and Dalton",Retail,5000+,0.442,none,12,False,1.0,0.8106,0,0
ACC-001112,"Nichols, Cook and Williams",Financial Services,51-200,0.814,funding_round,13,False,0.0,0.6833,0,1
ACC-001113,Marquez PLC,Financial Services,201-1000,0.843,funding_round,14,False,0.0,0.4233,0,1
ACC-001114,"Galvan, Mitchell and Smith",Healthcare,1-50,0.586,none,7,False,1.0,0.9043,1,0
ACC-001115,Jones LLC,Healthcare,1-50,0.506,tech_refresh,38,False,0.0,0.2106,0,0
ACC-001116,"Moran, Turner and Richard",Legal,1-50,0.836,leadership_change,17,False,1.0,0.5367,1,1
ACC-001117,"Brown, Herman and Salas",Manufacturing,1-50,0.346,none,22,False,1.0,0.7953,0,0
ACC-001118,Guzman LLC,Manufacturing,1-50,0.492,none,61,True,1.0,0.8621,0,0
ACC-001119,Kim Ltd,Manufacturing,51-200,0.32,none,6,True,0.0,0.442,0,0
ACC-001120,Parker-Wallace,Manufacturing,1-50,0.697,none,17,False,1.0,0.7325,1,1
ACC-001121,Baxter LLC,Technology,1001-5000,0.286,compliance_mandate,15,False,1.0,0.3342,0,0
ACC-001122,Miller-Maddox,Financial Services,51-200,0.935,compliance_mandate,12,False,1.0,0.9692,1,1
ACC-001123,Holland Ltd,Financial Services,1-50,0.81,leadership_change,9,True,1.0,0.8105,1,1
ACC-001124,Boyle-Oneal,Legal,5000+,1.0,none,91,False,0.0,0.5264,0,1
ACC-001125,Pittman-Brown,Insurance,51-200,0.959,tech_refresh,46,False,1.0,0.8265,1,1
ACC-001126,"Campbell, Scott and Hammond",Government,51-200,0.513,compliance_mandate,10,True,1.0,0.8797,1,0
ACC-001127,"Palmer, Cooper and Cole",Financial Services,201-1000,0.903,compliance_mandate,5,False,1.0,0.8044,1,1
ACC-001128,"Garcia, Nielsen and Williams",Technology,1-50,0.79,none,5,True,1.0,0.9,1,1
ACC-001129,Wright-Thompson,Financial Services,1-50,0.676,none,64,False,1.0,0.7812,1,1
ACC-001130,Flores Inc,Real Estate,201-1000,0.783,none,7,False,1.0,0.6249,1,1
ACC-001131,Gonzalez-Browning,Financial Services,51-200,0.848,tech_refresh,16,False,0.0,0.7952,0,1
ACC-001132,Long PLC,Technology,5000+,0.593,tech_refresh,8,False,0.0,0.7301,0,0
ACC-001133,Hoover Ltd,Retail,1001-5000,0.338,none,76,False,0.0,0.4107,0,0
ACC-001134,Barber Group,Insurance,51-200,0.673,leadership_change,12,False,1.0,0.487,1,1
ACC-001135,Gonzales-Sullivan,Technology,1001-5000,0.801,leadership_change,10,False,1.0,0.7596,1,1
ACC-001136,"Ross, Harper and Owens",Financial Services,1-50,0.774,none,13,False,1.0,0.6532,1,1
ACC-001137,Ward-Martin,Insurance,51-200,0.83,none,10,False,1.0,0.7476,1,1
ACC-001138,Gomez LLC,Legal,51-200,0.862,compliance_mandate,61,False,1.0,0.8266,1,1
ACC-001139,Mcdaniel-Ramirez,Financial Services,1-50,0.891,tech_refresh,41,False,1.0,0.9156,1,1
ACC-001140,Cantu-Gordon,Government,51-200,0.701,none,6,False,1.0,0.6877,1,1
ACC-001141,Cherry-Rivera,Retail,1001-5000,0.428,compliance_mandate,28,False,0.0,0.1473,0,0
ACC-001142,"Ellis, Miller and Dickson",Government,5000+,0.441,none,21,False,1.0,0.8678,0,0
ACC-001143,Nichols and Sons,Manufacturing,1001-5000,0.433,none,28,False,0.0,,0,0
ACC-001144,Russell Ltd,Real Estate,5000+,0.816,none,14,False,1.0,0.4464,1,1
ACC-001145,Diaz and Sons,Legal,51-200,0.892,compliance_mandate,12,False,1.0,0.6356,1,1
ACC-001146,"Alexander, Valdez and Woods",Legal,51-200,0.825,tech_refresh,64,False,1.0,0.4215,1,1
ACC-001147,"Welch, Davenport and Wilson",Healthcare,1-50,0.615,compliance_mandate,7,False,1.0,0.6632,1,0
ACC-001148,Gonzales Ltd,Technology,1001-5000,0.512,leadership_change,2,False,1.0,0.5739,1,0
ACC-001149,Todd PLC,Retail,1-50,0.396,tech_refresh,23,True,1.0,0.7841,0,0
ACC-001150,Gilbert Group,Technology,51-200,0.538,funding_round,124,False,1.0,0.8082,1,0
ACC-001151,Thompson LLC,Manufacturing,1-50,0.292,compliance_mandate,11,False,1.0,0.747,0,0
ACC-001152,Burns-Casey,Financial Services,51-200,0.997,leadership_change,92,False,1.0,0.8693,1,1
ACC-001153,Watkins PLC,Financial Services,201-1000,1.0,none,82,False,1.0,0.4681,1,1
ACC-001154,Myers-Potts,Technology,51-200,0.576,none,5,False,1.0,0.5396,1,0
ACC-001155,"Edwards, Barron and Mejia",Insurance,201-1000,0.632,none,36,False,1.0,0.7157,1,0
ACC-001156,Patton-Santiago,Legal,1-50,0.762,none,15,True,1.0,0.8371,1,1
ACC-001157,Obrien Inc,Financial Services,51-200,0.895,none,85,False,0.0,,0,1
ACC-001158,"Berger, Gonzalez and Russell",Manufacturing,51-200,0.539,compliance_mandate,53,False,1.0,0.8289,1,0
ACC-001159,Howard-Webb,Real Estate,1001-5000,1.0,compliance_mandate,15,True,1.0,0.6973,1,1
ACC-001160,"Cantu, Robinson and Kelley",Legal,51-200,0.785,leadership_change,52,False,1.0,0.761,1,1
ACC-001161,Sparks-Vaughn,Retail,51-200,0.412,funding_round,31,False,1.0,0.714,0,0
ACC-001162,Taylor PLC,Financial Services,51-200,0.968,none,9,False,1.0,0.6838,1,1
ACC-001163,Davis PLC,Retail,1-50,0.27,compliance_mandate,16,False,1.0,0.4742,0,0
ACC-001164,"Washington, Melton and Andrews",Manufacturing,1001-5000,0.408,funding_round,10,True,1.0,0.5357,0,0
ACC-001165,Morgan-Cole,Insurance,201-1000,0.816,none,36,False,1.0,0.691,1,1
ACC-001166,"Jones, Terrell and Freeman",Financial Services,1001-5000,0.967,tech_refresh,68,False,1.0,0.8555,1,1
ACC-001167,"Sherman, Rich and Flores",Technology,201-1000,0.584,tech_refresh,11,False,0.0,0.5223,0,0
ACC-001168,"Barker, Malone and Munoz",Legal,1-50,1.0,none,17,False,1.0,0.7633,1,1
ACC-001169,Thomas-Conley,Government,51-200,0.38,tech_refresh,25,False,1.0,0.6516,0,0
ACC-001170,Moore Ltd,Technology,201-1000,0.449,tech_refresh,2,False,1.0,0.6707,0,0
ACC-001171,Wilson Inc,Government,51-200,0.643,none,16,False,1.0,0.6817,1,0
ACC-001172,"Smith, Barber and Hart",Healthcare,51-200,0.898,funding_round,7,False,1.0,0.4138,1,1
ACC-001173,King-Young,Healthcare,5000+,0.738,none,26,False,0.0,0.1742,0,1
ACC-001174,Wright-Bailey,Healthcare,51-200,0.619,none,9,False,0.0,0.7019,0,0
ACC-001175,Harding Ltd,Insurance,5000+,0.629,none,17,True,1.0,0.873,1,0
ACC-001176,Maldonado Ltd,Technology,51-200,0.565,leadership_change,47,False,0.0,0.7435,0,0
ACC-001177,"Hall, Patterson and Rose",Healthcare,5000+,0.689,none,33,True,0.0,0.2309,0,1
ACC-001178,Jones-Edwards,Financial Services,201-1000,0.911,compliance_mandate,8,False,1.0,0.891,1,1
ACC-001179,"Santana, Best and Rodriguez",Manufacturing,1-50,0.501,none,118,True,1.0,0.3812,1,0
ACC-001180,"Brock, Morris and Reed",Manufacturing,1-50,0.42,none,2,False,1.0,0.6114,0,0
ACC-001181,Harvey Group,Government,51-200,0.73,funding_round,6,False,1.0,0.5584,1,1
ACC-001182,Mcguire-Camacho,Retail,201-1000,0.348,funding_round,13,False,1.0,0.722,0,0
ACC-001183,Hill PLC,Insurance,201-1000,0.858,leadership_change,67,False,1.0,0.6964,1,1
ACC-001184,Ochoa Ltd,Real Estate,201-1000,0.963,none,48,False,1.0,0.6765,1,1
ACC-001185,"Blake, Williams and Powell",Government,1-50,0.677,compliance_mandate,7,False,1.0,0.8284,1,1
ACC-001186,King-Villegas,Retail,51-200,0.264,tech_refresh,16,False,1.0,0.5524,0,0
ACC-001187,"Campbell, Solis and Williams",Retail,1-50,0.291,none,0,True,1.0,0.8766,0,0
ACC-001188,Perez-Valenzuela,Insurance,1-50,0.858,none,72,False,1.0,0.5954,1,1
ACC-001189,Porter Group,Legal,1-50,0.92,leadership_change,18,False,1.0,0.749,1,1
ACC-001190,"Sandoval, Henry and Wright",Healthcare,5000+,0.649,none,11,False,1.0,0.7037,1,0
ACC-001191,Johnson Group,Healthcare,1-50,0.611,none,0,False,1.0,0.7238,1,0
ACC-001192,Knight-Miller,Manufacturing,1001-5000,0.405,funding_round,12,False,0.0,0.4417,0,0
ACC-001193,"Anderson, Donaldson and Jones",Financial Services,201-1000,0.941,compliance_mandate,14,False,1.0,0.9161,1,1
ACC-001194,"Harvey, White and Lyons",Technology,1-50,0.725,leadership_change,24,True,1.0,0.8145,1,1
ACC-001195,Perez-Martinez,Legal,1001-5000,0.691,none,15,True,1.0,0.7572,1,1
ACC-001196,Nguyen-Hughes,Financial Services,1-50,0.824,none,79,False,1.0,0.7265,1,1
ACC-001197,"Roberson, Harris and Rosales",Financial Services,201-1000,0.783,none,17,False,1.0,0.7453,1,1
ACC-001198,Morrow-Mckay,Government,201-1000,0.55,none,97,True,0.0,0.5073,0,0
ACC-001199,Zavala-Willis,Insurance,1001-5000,0.745,leadership_change,68,False,1.0,0.8765,1,1
ACC-001200,Smith Group,Financial Services,1001-5000,1.0,none,7,False,1.0,0.4628,1,1
ACC-001201,Hughes Inc,Healthcare,201-1000,0.663,none,95,True,1.0,0.6643,1,1
ACC-001202,"Hill, Pena and Rojas",Financial Services,201-1000,0.833,funding_round,64,False,0.0,0.0644,0,1
ACC-001203,Rodriguez-Martinez,Technology,51-200,0.6,compliance_mandate,20,False,0.0,0.4881,0,0
ACC-001204,"Dickerson, Mccarthy and Bradshaw",Manufacturing,1-50,0.475,compliance_mandate,41,False,1.0,0.7919,0,0
ACC-001205,Friedman Inc,Technology,51-200,0.269,leadership_change,61,False,1.0,0.5248,0,0
ACC-001206,Ferguson-Ramirez,Legal,5000+,1.0,none,20,True,1.0,0.8949,1,1
ACC-001207,Jones-Schmidt,Manufacturing,51-200,0.263,none,16,False,0.0,0.6467,0,0
ACC-001208,Reynolds and Sons,Government,201-1000,0.596,compliance_mandate,59,False,1.0,0.736,1,0
ACC-001209,Jones-Nixon,Legal,201-1000,0.77,none,41,False,1.0,0.7718,1,1
ACC-001210,Wiley Inc,Financial Services,51-200,0.822,none,5,False,1.0,0.5237,1,1
ACC-001211,"Brown, Martin and Newton",Healthcare,51-200,0.705,none,9,False,0.0,0.3858,0,1
ACC-001212,"Boyd, Villarreal and Williams",Technology,5000+,0.505,funding_round,126,False,1.0,0.6737,1,0
ACC-001213,Dorsey LLC,Financial Services,51-200,0.712,none,0,True,1.0,0.5318,1,1
ACC-001214,Lucas-Scott,Real Estate,201-1000,0.859,none,45,True,1.0,0.7143,1,1
ACC-001215,Miles Ltd,Financial Services,1-50,0.833,tech_refresh,5,True,1.0,0.8716,1,1
ACC-001216,"Brooks, Robinson and Harvey",Real Estate,1001-5000,0.846,none,2,False,1.0,0.7409,1,1
ACC-001217,Johnston-Hall,Government,1001-5000,0.537,none,12,False,1.0,0.795,1,0
ACC-001218,"Costa, Walton and Hernandez",Real Estate,1001-5000,0.763,none,47,False,1.0,0.5864,1,1
ACC-001219,"Bailey, Herrera and George",Technology,5000+,0.533,none,19,False,1.0,0.7166,1,0
ACC-001220,Lopez-Smith,Healthcare,201-1000,0.643,none,59,True,0.0,0.3397,0,0
ACC-001221,Frey-Bright,Real Estate,201-1000,0.796,none,80,False,0.0,0.6892,0,1
ACC-001222,Mcgee LLC,Legal,51-200,1.0,leadership_change,23,False,0.0,0.7778,0,1
ACC-001223,Calderon Inc,Government,51-200,0.57,none,12,True,1.0,0.4428,1,0
ACC-001224,Brown and Sons,Technology,201-1000,0.39,none,150,False,0.0,0.2906,0,0
ACC-001225,Hawkins-Schultz,Real Estate,51-200,0.89,none,45,True,1.0,0.967,1,1
ACC-001226,Allen and Sons,Manufacturing,51-200,0.379,none,13,False,0.0,0.172,0,0
ACC-001227,Bradshaw Ltd,Legal,1-50,0.701,tech_refresh,48,False,0.0,0.2629,0,1
ACC-001228,"Jenkins, Dickerson and Edwards",Legal,1-50,1.0,funding_round,1,False,1.0,0.8778,1,1
ACC-001229,Clark-Campbell,Technology,201-1000,0.786,none,17,False,1.0,0.6412,1,1
ACC-001230,"Espinoza, Conner and Long",Government,51-200,0.55,none,26,False,1.0,0.6183,1,0
ACC-001231,"Kirk, Lewis and Ponce",Insurance,1001-5000,0.812,tech_refresh,55,False,1.0,0.9551,1,1
ACC-001232,"Wilson, Hawkins and Santos",Legal,1-50,1.0,none,10,False,1.0,0.7502,1,1
ACC-001233,Roman-Cox,Manufacturing,5000+,0.268,leadership_change,17,True,1.0,0.5004,0,0
ACC-001234,"Casey, Anthony and Johnson",Financial Services,1-50,0.72,none,4,False,1.0,0.7753,1,1
ACC-001235,Wilson-Chambers,Real Estate,1001-5000,0.652,none,89,False,1.0,0.6901,1,1
ACC-001236,Pham Ltd,Legal,1-50,0.861,funding_round,16,False,1.0,0.8622,1,1
ACC-001237,"Shaw, Clark and Williams",Technology,51-200,0.744,none,37,True,1.0,0.8428,1,1
ACC-001238,"Macias, Chang and Smith",Insurance,201-1000,0.93,none,30,False,1.0,0.6855,1,1
ACC-001239,Steele Ltd,Legal,1001-5000,0.781,tech_refresh,28,False,1.0,0.6574,1,1
ACC-001240,Thompson Inc,Government,201-1000,0.782,none,2,False,1.0,0.8002,1,1
ACC-001241,"Sexton, Smith and Baker",Manufacturing,1-50,0.172,tech_refresh,2,False,1.0,0.6711,0,0
ACC-001242,Mclaughlin-Cruz,Technology,51-200,0.538,leadership_change,24,False,1.0,0.315,1,0
ACC-001243,Barker-Mosley,Insurance,1001-5000,0.964,compliance_mandate,18,False,1.0,0.4889,1,1
ACC-001244,"Clayton, Rodriguez and Villanueva",Legal,201-1000,1.0,leadership_change,115,False,0.0,0.8463,0,1
ACC-001245,Perkins-Holland,Manufacturing,201-1000,0.413,funding_round,33,False,1.0,0.7393,0,0
ACC-001246,"Montes, Ferguson and Reed",Manufacturing,51-200,0.354,none,4,False,1.0,0.5426,0,0
ACC-001247,Carpenter Inc,Real Estate,51-200,0.655,none,25,False,1.0,0.3203,1,1
ACC-001248,Shepherd and Sons,Legal,201-1000,1.0,tech_refresh,23,True,0.0,0.6291,0,1
ACC-001249,"Hobbs, Hernandez and Fletcher",Retail,1-50,0.612,none,17,False,1.0,0.4043,1,0
ACC-001250,Garcia LLC,Insurance,201-1000,0.61,leadership_change,47,False,1.0,0.8035,1,0
ACC-001251,Lyons Ltd,Real Estate,51-200,0.987,none,69,False,1.0,0.6818,1,1
ACC-001252,Ross LLC,Financial Services,1-50,0.717,none,160,False,1.0,0.5704,1,1
ACC-001253,Madden and Sons,Technology,1-50,0.639,none,2,False,0.0,,0,0
ACC-001254,Salinas LLC,Legal,1-50,1.0,funding_round,46,False,1.0,0.6288,1,1
ACC-001255,Parrish-Wang,Technology,1-50,0.493,funding_round,1,False,1.0,0.5614,0,0
ACC-001256,Peters-Mcclain,Government,201-1000,0.731,tech_refresh,6,False,1.0,0.7787,1,1
ACC-001257,King-Stephenson,Healthcare,51-200,0.656,funding_round,0,True,1.0,0.8658,1,1
ACC-001258,Forbes PLC,Insurance,1-50,0.676,none,62,False,1.0,0.4453,1,1
ACC-001259,Roberson-Cooper,Healthcare,201-1000,0.683,compliance_mandate,19,False,1.0,0.6548,1,1
ACC-001260,Barton-Perez,Financial Services,51-200,0.822,compliance_mandate,41,False,1.0,0.8947,1,1
ACC-001261,Shepherd-Fletcher,Insurance,1-50,0.752,none,4,False,1.0,0.7173,1,1
ACC-001262,"Wade, Johnston and Turner",Manufacturing,201-1000,0.355,tech_refresh,25,True,1.0,0.8652,0,0
ACC-001263,"Briggs, Hall and Neal",Financial Services,1-50,0.814,tech_refresh,48,False,1.0,0.7376,1,1
ACC-001264,"Allen, Hanson and Bates",Insurance,1-50,0.714,funding_round,19,False,1.0,0.564,1,1
ACC-001265,Nelson Ltd,Technology,1001-5000,0.551,none,3,True,1.0,0.868,1,0
ACC-001266,Thomas-Garcia,Technology,201-1000,0.395,leadership_change,26,False,1.0,0.6928,0,0
ACC-001267,Bailey PLC,Healthcare,201-1000,0.58,none,11,False,1.0,0.7295,1,0
ACC-001268,"Ortega, Rose and Farmer",Insurance,51-200,0.889,none,18,False,1.0,0.7265,1,1
ACC-001269,Lyons-Bishop,Insurance,1-50,0.645,none,4,False,1.0,0.8422,1,0
ACC-001270,Curry LLC,Legal,1-50,0.995,none,10,True,1.0,0.925,1,1
ACC-001271,Chapman and Sons,Government,1-50,0.476,none,80,False,1.0,0.7436,0,0
ACC-001272,Johnston-Irwin,Technology,51-200,0.663,funding_round,9,False,1.0,0.4476,1,1
ACC-001273,Kidd PLC,Insurance,51-200,0.606,none,5,False,0.0,0.6459,0,0
ACC-001274,Smith-Rodriguez,Real Estate,5000+,0.856,compliance_mandate,29,False,1.0,0.8192,1,1
ACC-001275,"Cabrera, Lewis and Hendrix",Healthcare,201-1000,0.656,leadership_change,17,True,1.0,0.8536,1,1
ACC-001276,"Rogers, Douglas and Garcia",Insurance,51-200,0.554,compliance_mandate,34,False,1.0,0.747,1,0
ACC-001277,Jefferson-Walker,Legal,1-50,0.743,none,10,True,1.0,0.7237,1,1
ACC-001278,"Simpson, Baker and Welch",Government,1-50,0.482,none,11,True,1.0,0.8063,0,0
ACC-001279,House Group,Real Estate,201-1000,0.632,none,12,False,1.0,0.5614,1,0
ACC-001280,Perkins-Jackson,Manufacturing,201-1000,0.363,compliance_mandate,60,False,1.0,0.7021,0,0
ACC-001281,"Carroll, Glover and Sanchez",Manufacturing,201-1000,0.207,funding_round,23,True,1.0,0.6012,0,0
ACC-001282,"Cain, Park and Rodriguez",Legal,1001-5000,0.991,tech_refresh,28,False,1.0,0.7812,1,1
ACC-001283,"Martin, Copeland and Torres",Insurance,1001-5000,0.864,none,42,True,1.0,0.9437,1,1
ACC-001284,Freeman Group,Insurance,51-200,0.664,none,6,False,0.0,0.2801,0,1
ACC-001285,"Hernandez, Gray and Turner",Real Estate,1-50,0.855,leadership_change,28,True,1.0,0.8736,1,1
ACC-001286,Hill-Fritz,Government,201-1000,0.73,leadership_change,69,False,1.0,0.8488,1,1
ACC-001287,Rose-Mccormick,Government,51-200,0.773,tech_refresh,48,False,1.0,0.7792,1,1
ACC-001288,"Adams, Simmons and Ross",Healthcare,1001-5000,0.843,none,11,False,1.0,0.7834,1,1
ACC-001289,Lewis Ltd,Retail,51-200,0.448,leadership_change,86,False,0.0,0.3361,0,0
ACC-001290,Davis Ltd,Real Estate,1-50,0.84,none,3,False,1.0,0.4697,1,1
ACC-001291,"Harmon, Smith and Luna",Retail,201-1000,0.363,none,0,True,1.0,0.7273,0,0
ACC-001292,"Reese, Park and Chen",Government,5000+,0.514,none,31,False,1.0,0.6951,1,0
ACC-001293,Edwards Group,Insurance,51-200,0.56,none,12,False,1.0,0.594,1,0
ACC-001294,Hunt PLC,Legal,201-1000,0.853,none,74,False,1.0,0.8505,1,1
ACC-001295,"White, Thompson and Navarro",Healthcare,201-1000,0.553,none,50,False,1.0,0.645,1,0
ACC-001296,"Cannon, Fuentes and Riley",Government,51-200,0.42,none,12,False,0.0,,0,0
ACC-001297,Chan Ltd,Retail,1-50,0.378,funding_round,1,False,1.0,0.8192,0,0
ACC-001298,Hopkins-Pennington,Insurance,201-1000,0.817,none,41,False,1.0,0.8553,1,1
ACC-001299,"Preston, Klein and Cooley",Manufacturing,1-50,0.588,none,12,False,0.0,0.6079,0,0
ACC-001300,Rush-Barnes,Government,201-1000,0.687,none,4,True,1.0,0.7575,1,1
ACC-001301,Stephens Group,Healthcare,5000+,0.713,none,11,False,1.0,0.4507,1,1
ACC-001302,"Rivas, Coleman and Leach",Retail,201-1000,0.579,funding_round,4,False,1.0,0.571,1,0
ACC-001303,Luna-Roth,Manufacturing,51-200,0.42,leadership_change,3,False,1.0,0.5161,0,0
ACC-001304,Vasquez-Delacruz,Healthcare,1-50,0.677,funding_round,11,False,1.0,0.6215,1,1
ACC-001305,Zamora-Brown,Government,1001-5000,0.327,none,5,False,0.0,0.2789,0,0
ACC-001306,Smith-Maxwell,Real Estate,201-1000,0.925,compliance_mandate,8,False,1.0,0.6507,1,1
ACC-001307,"Ellis, Morris and Harris",Insurance,1-50,0.667,none,29,False,1.0,0.589,1,1
ACC-001308,Morgan-Miles,Real Estate,51-200,0.9,tech_refresh,2,False,1.0,0.6049,1,1
ACC-001309,"Williams, Benson and Perry",Insurance,201-1000,0.745,none,60,False,1.0,0.7693,1,1
ACC-001310,Allen-Nelson,Technology,201-1000,0.674,none,22,False,1.0,0.7674,1,1
ACC-001311,"Nixon, Long and Castro",Retail,1001-5000,0.47,none,13,True,1.0,0.5469,0,0
ACC-001312,Mueller-Quinn,Healthcare,1-50,0.471,none,55,False,1.0,0.7205,0,0
ACC-001313,Clark-Brown,Real Estate,201-1000,0.631,tech_refresh,4,False,1.0,0.852,1,0
ACC-001314,Carrillo Group,Retail,1001-5000,0.462,none,31,True,1.0,0.7638,0,0
ACC-001315,Jackson-Turner,Manufacturing,201-1000,0.452,none,29,False,1.0,0.6518,0,0
ACC-001316,Marsh-Clarke,Healthcare,201-1000,0.558,none,93,False,1.0,0.6864,1,0
ACC-001317,Hayes Inc,Real Estate,51-200,0.901,none,1,False,1.0,0.5895,1,1
ACC-001318,Lee LLC,Insurance,201-1000,0.818,tech_refresh,2,False,1.0,0.4847,1,1
ACC-001319,"Sherman, Sexton and Foley",Insurance,51-200,0.895,compliance_mandate,21,False,1.0,0.9084,1,1
ACC-001320,"Tyler, Chase and Stephens",Manufacturing,1001-5000,0.466,none,9,False,0.0,0.3676,0,0
ACC-001321,Knox-Underwood,Real Estate,51-200,0.841,compliance_mandate,0,False,1.0,0.9464,1,1
ACC-001322,Giles and Sons,Retail,51-200,0.615,none,3,True,0.0,,0,0
ACC-001323,Patterson LLC,Technology,1-50,0.735,funding_round,39,False,1.0,0.9085,1,1
ACC-001324,Sims-Mullen,Government,1-50,0.577,funding_round,8,False,1.0,0.7388,1,0
ACC-001325,Huff LLC,Retail,1001-5000,0.472,none,2,True,1.0,0.7232,0,0
ACC-001326,Perez Group,Government,1001-5000,0.471,none,36,False,0.0,0.5119,0,0
ACC-001327,Robinson Inc,Government,1001-5000,0.532,none,5,False,1.0,0.624,1,0
ACC-001328,"Kim, Davis and Davis",Real Estate,51-200,0.865,none,108,True,1.0,0.5062,1,1
ACC-001329,"Nunez, Case and Yates",Real Estate,1-50,0.892,none,4,True,1.0,0.655,1,1
ACC-001330,Gutierrez-Miller,Technology,1-50,0.5,none,17,False,1.0,0.5829,0,0
ACC-001331,Oconnor PLC,Legal,1001-5000,0.89,none,8,False,0.0,0.4272,0,1
ACC-001332,"Wright, Johnson and Velasquez",Healthcare,51-200,0.556,none,23,False,1.0,0.419,1,0
ACC-001333,"Williams, Villarreal and Reyes",Legal,51-200,1.0,leadership_change,23,True,0.0,0.2693,0,1
ACC-001334,Martinez Inc,Healthcare,201-1000,0.79,none,12,False,1.0,0.5363,1,1
ACC-001335,"Porter, Davis and Jackson",Manufacturing,1-50,0.582,none,9,False,0.0,,0,0
ACC-001336,Vincent Ltd,Healthcare,1-50,0.493,none,31,False,1.0,0.8225,0,0
ACC-001337,Holt Inc,Retail,1001-5000,0.343,leadership_change,2,True,0.0,0.2773,0,0
ACC-001338,White-Campbell,Real Estate,1-50,0.714,none,73,False,1.0,0.8866,1,1
ACC-001339,Whitaker-Anderson,Real Estate,1001-5000,0.936,none,0,False,1.0,0.501,1,1
ACC-001340,"Keith, Avila and Walker",Retail,51-200,0.328,none,8,False,1.0,0.5816,0,0
ACC-001341,Spencer Ltd,Manufacturing,51-200,0.531,tech_refresh,49,False,1.0,0.6105,1,0
ACC-001342,"Bryant, Henderson and Brown",Manufacturing,1-50,0.42,none,20,True,1.0,0.6512,0,0
ACC-001343,Mueller-Rodriguez,Government,1001-5000,0.75,none,36,True,0.0,0.6332,0,1
ACC-001344,"Hays, Morgan and Carter",Insurance,51-200,0.677,compliance_mandate,12,False,1.0,0.8074,1,1
ACC-001345,"Salinas, Hall and Clements",Government,51-200,0.647,none,24,False,0.0,0.5855,0,0
ACC-001346,"Gutierrez, Scott and Carlson",Real Estate,51-200,0.809,leadership_change,41,False,0.0,,0,1
ACC-001347,"Ryan, Baker and Mclean",Insurance,1-50,0.745,none,0,False,1.0,0.7351,1,1
ACC-001348,Compton-Pacheco,Technology,201-1000,0.462,compliance_mandate,48,False,1.0,0.4294,0,0
ACC-001349,Mullins-Johnston,Insurance,51-200,0.771,none,34,False,1.0,0.7003,1,1
ACC-001350,"Walters, Larsen and Kelley",Manufacturing,51-200,0.417,leadership_change,42,False,1.0,0.7321,0,0
ACC-001351,Hoffman-Ballard,Healthcare,201-1000,0.808,funding_round,31,True,1.0,0.79,1,1
ACC-001352,"Wilson, Kline and Ortiz",Retail,201-1000,0.408,compliance_mandate,27,False,0.0,0.4898,0,0
ACC-001353,Atkinson-Martinez,Retail,1-50,0.56,none,20,True,1.0,0.883,1,0
ACC-001354,Gardner PLC,Legal,1-50,0.98,leadership_change,19,True,1.0,0.7868,1,1
ACC-001355,Roberson-Wood,Healthcare,1-50,0.804,none,2,False,0.0,0.3509,0,1
ACC-001356,Taylor Group,Retail,51-200,0.145,none,14,False,1.0,0.7849,0,0
ACC-001357,Clements Ltd,Insurance,51-200,0.707,tech_refresh,51,False,1.0,0.5883,1,1
ACC-001358,Nguyen-Rogers,Technology,1-50,0.698,none,27,False,1.0,0.7251,1,1
ACC-001359,Johnson Inc,Technology,1-50,0.712,leadership_change,12,False,1.0,0.7497,1,1
ACC-001360,"Collins, Sanchez and Barron",Technology,1001-5000,0.525,tech_refresh,67,True,1.0,0.8146,1,0
ACC-001361,"Acosta, Bailey and Spencer",Legal,51-200,0.869,compliance_mandate,2,False,1.0,0.8306,1,1
ACC-001362,Johnson Group,Healthcare,5000+,0.631,tech_refresh,3,False,1.0,0.8072,1,0
ACC-001363,"Gray, Jackson and Perez",Insurance,1-50,0.602,tech_refresh,1,True,0.0,0.6606,0,0
ACC-001364,Hopkins and Sons,Government,1-50,0.307,none,30,False,1.0,0.2048,0,0
ACC-001365,Stewart-Gomez,Real Estate,51-200,0.822,tech_refresh,83,False,1.0,0.7447,1,1
ACC-001366,"Moses, Walker and Wright",Financial Services,1001-5000,0.623,compliance_mandate,142,False,1.0,0.5687,1,0
ACC-001367,Lewis and Sons,Real Estate,1-50,0.691,none,18,False,0.0,0.6211,0,1
ACC-001368,"Tate, Pratt and Hudson",Financial Services,51-200,0.76,compliance_mandate,42,False,1.0,0.4818,1,1
ACC-001369,Marquez Group,Insurance,1-50,0.816,compliance_mandate,7,False,1.0,0.7508,1,1
ACC-001370,Brown LLC,Financial Services,51-200,0.83,compliance_mandate,7,False,1.0,0.8272,1,1
ACC-001371,Moore and Sons,Retail,201-1000,0.49,none,130,True,1.0,0.7581,0,0
ACC-001372,Bauer and Sons,Retail,51-200,0.541,tech_refresh,67,True,1.0,0.9226,1,0
ACC-001373,"Smith, Moore and Jones",Healthcare,1001-5000,0.637,leadership_change,13,False,0.0,0.3993,0,0
ACC-001374,Scott-Lester,Real Estate,1-50,0.52,tech_refresh,18,False,1.0,0.7508,1,0
ACC-001375,Leblanc-Carrillo,Healthcare,1-50,0.691,none,80,False,1.0,0.8312,1,1
ACC-001376,"Henderson, Harper and Mcgee",Financial Services,1-50,0.831,none,30,False,0.0,0.6337,0,1
ACC-001377,Pittman-Mason,Legal,1-50,0.953,none,1,False,1.0,0.9107,1,1
ACC-001378,"Caldwell, Chavez and Parker",Healthcare,201-1000,0.695,funding_round,58,False,0.0,,0,1
ACC-001379,Knapp-Rubio,Government,201-1000,0.477,none,8,False,1.0,0.5859,0,0
ACC-001380,Foster-Watson,Technology,201-1000,0.564,tech_refresh,7,False,0.0,,0,0
ACC-001381,Andrews-Sanchez,Real Estate,51-200,0.915,none,18,False,1.0,0.639,1,1
ACC-001382,"Wood, Ramsey and West",Healthcare,5000+,0.428,funding_round,46,False,1.0,0.6462,0,0
ACC-001383,Robinson-Hall,Insurance,1-50,0.688,none,41,False,1.0,0.7254,1,1
ACC-001384,Hatfield-Robinson,Real Estate,1-50,0.727,none,9,False,1.0,0.7624,1,1
ACC-001385,Rollins-Clark,Real Estate,51-200,0.71,compliance_mandate,5,False,1.0,0.7088,1,1
ACC-001386,Young Group,Insurance,51-200,0.865,funding_round,15,False,1.0,0.8583,1,1
ACC-001387,Nunez-Sanders,Healthcare,1-50,0.47,none,5,False,1.0,0.3968,0,0
ACC-001388,Cook PLC,Real Estate,51-200,0.979,none,0,False,1.0,0.8564,1,1
ACC-001389,"Scott, Brown and Lewis",Government,1001-5000,0.562,none,9,False,1.0,0.6857,1,0
ACC-001390,Simmons Group,Legal,51-200,1.0,none,15,False,1.0,0.7366,1,1
ACC-001391,Smith-Nguyen,Financial Services,201-1000,0.802,funding_round,52,False,1.0,0.7887,1,1
ACC-001392,"Craig, Rodriguez and Butler",Manufacturing,1001-5000,0.423,leadership_change,36,True,0.0,,0,0
ACC-001393,Henderson-Simmons,Legal,51-200,0.916,none,8,False,1.0,0.5757,1,1
ACC-001394,Walker Ltd,Healthcare,51-200,0.593,funding_round,25,False,1.0,0.5713,1,0
ACC-001395,Freeman-Fletcher,Government,1001-5000,0.558,tech_refresh,21,False,1.0,0.4921,1,0
ACC-001396,"Morrison, Rubio and Ward",Financial Services,1-50,0.917,none,4,False,1.0,0.6282,1,1
ACC-001397,"Guzman, Cooke and Martin",Insurance,5000+,0.748,none,27,True,1.0,0.809,1,1
ACC-001398,"Crawford, Miller and Martinez",Government,51-200,0.73,leadership_change,0,True,1.0,0.8259,1,1
ACC-001399,Perez-Mills,Retail,1-50,0.345,leadership_change,11,False,0.0,0.4404,0,0
ACC-001400,"Lee, Alvarez and Clark",Real Estate,1-50,0.938,leadership_change,12,False,1.0,0.8107,1,1
ACC-001401,Guzman-Floyd,Government,1-50,0.598,tech_refresh,27,False,1.0,0.8379,1,0
ACC-001402,Braun-Bond,Retail,1-50,0.502,none,3,False,1.0,0.7727,1,0
ACC-001403,"Miller, Campbell and Bailey",Technology,201-1000,0.41,none,41,False,0.0,0.5489,0,0
ACC-001404,Goodwin-Miles,Financial Services,1-50,0.787,none,9,False,1.0,0.7816,1,1
ACC-001405,Lewis-Smith,Legal,201-1000,0.869,none,51,True,0.0,0.5766,0,1
ACC-001406,"Perez, Murphy and Moore",Government,51-200,0.5,none,1,False,1.0,0.4575,0,0
ACC-001407,Cox Ltd,Healthcare,51-200,0.614,tech_refresh,36,False,0.0,0.6568,0,0
ACC-001408,Murillo-Williams,Manufacturing,51-200,0.445,tech_refresh,1,False,1.0,0.6855,0,0
ACC-001409,"Mcclain, Beck and Gutierrez",Manufacturing,1-50,0.408,none,140,False,1.0,0.5734,0,0
ACC-001410,Brock PLC,Real Estate,201-1000,0.536,none,35,False,1.0,0.6792,1,0
ACC-001411,Harrison-Robinson,Financial Services,201-1000,0.666,compliance_mandate,29,True,1.0,0.9074,1,1
ACC-001412,Smith and Sons,Technology,1-50,0.5,none,1,False,0.0,0.1537,0,0
ACC-001413,Jones PLC,Manufacturing,201-1000,0.375,compliance_mandate,23,False,1.0,0.6153,0,0
ACC-001414,Gordon-Williams,Financial Services,201-1000,0.961,none,67,False,0.0,0.8148,0,1
ACC-001415,Obrien-Rodriguez,Legal,201-1000,0.827,none,115,False,1.0,0.5928,1,1
ACC-001416,Velazquez LLC,Retail,1-50,0.325,funding_round,87,True,1.0,0.8255,0,0
ACC-001417,Watts Inc,Technology,1-50,0.536,none,14,True,1.0,0.638,1,0
ACC-001418,Guzman Inc,Financial Services,201-1000,0.881,tech_refresh,24,True,1.0,0.7306,1,1
ACC-001419,Carlson-Tate,Manufacturing,51-200,0.539,none,18,False,0.0,0.3928,0,0
ACC-001420,"Sheppard, Ruiz and Russo",Real Estate,201-1000,0.878,none,58,True,0.0,0.678,0,1
ACC-001421,Gutierrez-Sims,Healthcare,1-50,0.661,funding_round,61,True,1.0,0.6569,1,1
ACC-001422,"Christensen, Clark and Graves",Retail,51-200,0.332,funding_round,58,False,1.0,0.4618,0,0
ACC-001423,Mills-Hanson,Insurance,5000+,0.611,funding_round,48,False,1.0,0.823,1,0
ACC-001424,"Perry, Davis and Blair",Healthcare,5000+,0.67,none,139,False,1.0,0.7847,1,1
ACC-001425,"Edwards, Woods and Evans",Real Estate,5000+,0.774,none,30,False,1.0,0.7389,1,1
ACC-001426,"Edwards, Edwards and Butler",Manufacturing,51-200,0.336,funding_round,30,True,1.0,0.2643,0,0
ACC-001427,"Carey, Cain and Torres",Manufacturing,1-50,0.398,none,21,False,1.0,0.6992,0,0
ACC-001428,"Joyce, King and Bradley",Financial Services,1-50,0.903,funding_round,5,False,1.0,0.6419,1,1
ACC-001429,May-Velazquez,Manufacturing,1-50,0.294,funding_round,26,False,0.0,0.2748,0,0
ACC-001430,Flynn Inc,Financial Services,51-200,0.606,none,27,False,1.0,0.9136,1,0
ACC-001431,Watson Group,Retail,1-50,0.427,funding_round,100,False,0.0,0.4418,0,0
ACC-001432,"Chase, Palmer and Taylor",Financial Services,1001-5000,0.907,none,16,True,1.0,0.6488,1,1
ACC-001433,Walton and Sons,Financial Services,5000+,0.879,none,11,False,1.0,0.7214,1,1
ACC-001434,Monroe and Sons,Technology,1001-5000,0.539,compliance_mandate,1,True,1.0,0.8581,1,0
ACC-001435,Jones LLC,Healthcare,201-1000,0.692,none,1,False,1.0,0.7384,1,1
ACC-001436,Clarke and Sons,Retail,1001-5000,0.658,tech_refresh,13,False,0.0,0.7006,0,1
ACC-001437,Erickson-Wilson,Insurance,1001-5000,0.695,tech_refresh,91,False,1.0,0.9314,1,1
ACC-001438,"Williamson, Mercer and Juarez",Government,5000+,0.531,compliance_mandate,5,False,1.0,0.7405,1,0
ACC-001439,"Morris, Kaufman and Crane",Insurance,1-50,0.646,none,18,True,1.0,0.8267,1,0
ACC-001440,"Burke, Gray and Stewart",Technology,1-50,0.653,funding_round,32,False,0.0,0.5585,0,1
ACC-001441,Brown Ltd,Technology,1-50,0.607,leadership_change,26,False,1.0,0.6638,1,0
ACC-001442,"Robles, Stone and Walsh",Real Estate,51-200,0.878,leadership_change,21,False,1.0,0.8776,1,1
ACC-001443,"Walker, Williams and Bartlett",Government,1-50,0.719,leadership_change,11,False,1.0,0.7672,1,1
ACC-001444,Fox PLC,Manufacturing,1-50,0.427,tech_refresh,52,False,1.0,0.6881,0,0
ACC-001445,Strong PLC,Manufacturing,51-200,0.484,leadership_change,33,False,1.0,0.7577,0,0
ACC-001446,Sullivan and Sons,Financial Services,51-200,0.883,none,0,False,1.0,0.5463,1,1
ACC-001447,Cruz Group,Manufacturing,51-200,0.36,none,8,True,1.0,0.5686,0,0
ACC-001448,Porter-Ray,Financial Services,1001-5000,0.921,tech_refresh,2,False,1.0,0.6928,1,1
ACC-001449,"Harvey, Day and Murphy",Real Estate,5000+,0.753,leadership_change,21,False,1.0,0.7142,1,1
ACC-001450,"Price, Sanchez and Moss",Insurance,201-1000,0.618,funding_round,25,False,0.0,0.312,0,0
ACC-001451,Gonzalez PLC,Insurance,201-1000,0.744,funding_round,9,False,0.0,,0,1
ACC-001452,Jackson Inc,Manufacturing,5000+,0.427,none,30,True,0.0,,0,0
ACC-001453,Cabrera-Hopkins,Retail,5000+,0.351,none,15,False,0.0,0.431,0,0
ACC-001454,Alexander Ltd,Government,51-200,0.607,none,21,False,0.0,0.3696,0,0
ACC-001455,Wilson-West,Insurance,1-50,0.584,none,48,True,1.0,0.5246,1,0
ACC-001456,"Wood, Kelley and Martin",Technology,5000+,0.478,none,2,False,1.0,0.635,0,0
ACC-001457,Santos-Phelps,Government,1-50,0.574,tech_refresh,3,False,0.0,0.6479,0,0
ACC-001458,Hernandez-Smith,Technology,51-200,0.461,tech_refresh,10,True,0.0,0.2478,0,0
ACC-001459,Sims-Hernandez,Financial Services,201-1000,0.546,leadership_change,0,False,0.0,0.3296,0,0
ACC-001460,Baker LLC,Insurance,201-1000,0.693,none,2,False,0.0,0.3727,0,1
ACC-001461,Shaw Ltd,Government,201-1000,0.598,tech_refresh,24,False,0.0,0.471,0,0
ACC-001462,"Fowler, Blair and Hunter",Legal,201-1000,0.902,funding_round,147,True,1.0,0.8457,1,1
ACC-001463,Wright-Marks,Real Estate,5000+,0.603,none,29,False,1.0,0.5373,1,0
ACC-001464,Lynch-Hunter,Insurance,201-1000,0.791,compliance_mandate,72,False,1.0,0.6126,1,1
ACC-001465,"Delacruz, Rodriguez and Sexton",Real Estate,51-200,0.889,none,50,False,1.0,0.6239,1,1
ACC-001466,Reynolds-Turner,Healthcare,1-50,0.6,none,85,False,1.0,0.7751,1,0
ACC-001467,Torres-Hayes,Legal,1-50,0.938,compliance_mandate,7,False,0.0,0.8021,0,1
ACC-001468,Clark and Sons,Healthcare,51-200,0.626,funding_round,151,False,1.0,0.6642,1,0
ACC-001469,"Bruce, Rosales and Flores",Technology,1-50,0.721,none,16,False,1.0,0.586,1,1
ACC-001470,Hickman PLC,Healthcare,1-50,0.659,leadership_change,12,False,1.0,0.6025,1,1
ACC-001471,Garcia-Gonzalez,Legal,1-50,0.884,tech_refresh,83,False,1.0,0.85,1,1
ACC-001472,Hart-Snyder,Healthcare,1-50,0.676,funding_round,25,False,1.0,0.6919,1,1
ACC-001473,Garcia LLC,Technology,51-200,0.541,leadership_change,10,True,1.0,0.7727,1,0
ACC-001474,"Simmons, Phillips and Stark",Technology,5000+,0.869,funding_round,55,False,1.0,0.4017,1,1
ACC-001475,Reid Group,Real Estate,1001-5000,0.642,tech_refresh,47,False,1.0,0.6399,1,0
ACC-001476,Wood PLC,Retail,1-50,0.546,none,1,False,1.0,0.5689,1,0
ACC-001477,Bradley-Ruiz,Manufacturing,1-50,0.355,none,9,False,0.0,0.1177,0,0
ACC-001478,Boyd-Kerr,Retail,201-1000,0.253,none,33,False,0.0,0.3333,0,0
ACC-001479,Shea-Garcia,Real Estate,1-50,0.98,funding_round,42,False,1.0,0.8358,1,1
ACC-001480,"Hebert, Barton and Welch",Insurance,201-1000,0.863,tech_refresh,15,True,1.0,0.7532,1,1
ACC-001481,Brown-Cabrera,Legal,201-1000,0.936,tech_refresh,33,False,1.0,0.4808,1,1
ACC-001482,Robinson-Adams,Technology,5000+,0.384,compliance_mandate,10,False,1.0,0.6156,0,0
ACC-001483,Ball PLC,Healthcare,51-200,0.741,none,7,False,1.0,0.6693,1,1
ACC-001484,Wilson LLC,Healthcare,51-200,0.782,none,14,True,1.0,0.9503,1,1
ACC-001485,Vincent-Bradshaw,Insurance,51-200,0.817,none,0,False,1.0,0.7419,1,1
ACC-001486,Smith PLC,Manufacturing,201-1000,0.616,leadership_change,12,False,1.0,0.4262,1,0
ACC-001487,"Ortiz, Hull and Wilson",Government,51-200,0.753,none,67,False,0.0,0.473,0,1
ACC-001488,"Castillo, Mcclain and Cannon",Insurance,5000+,0.826,none,43,False,1.0,0.9267,1,1
ACC-001489,Koch Inc,Manufacturing,51-200,0.474,tech_refresh,85,False,1.0,0.5789,0,0
ACC-001490,Huang PLC,Manufacturing,51-200,0.748,tech_refresh,7,False,0.0,0.506,0,1
ACC-001491,Cohen Inc,Real Estate,51-200,0.776,none,9,True,1.0,0.7196,1,1
ACC-001492,Bradley Group,Healthcare,1001-5000,0.796,none,63,False,0.0,0.7755,0,1
ACC-001493,"Cole, Lynch and Carpenter",Real Estate,51-200,0.812,leadership_change,10,False,1.0,0.4717,1,1
ACC-001494,"Johnson, Keller and Alexander",Financial Services,1-50,1.0,leadership_change,26,False,1.0,0.804,1,1
ACC-001495,Moore-Norton,Legal,51-200,0.894,none,37,False,1.0,0.9043,1,1
ACC-001496,Fox-Hernandez,Manufacturing,5000+,0.437,none,2,False,0.0,0.3297,0,0
ACC-001497,"Lucas, Hale and French",Real Estate,1-50,0.744,tech_refresh,18,False,0.0,0.3839,0,1
ACC-001498,"Davis, Monroe and Wilson",Retail,1-50,0.511,none,21,False,1.0,0.447,1,0
ACC-001499,Barajas Group,Real Estate,1-50,0.95,funding_round,29,False,1.0,0.8747,1,1
ACC-001500,Baker-Dennis,Legal,201-1000,0.745,funding_round,6,False,1.0,0.8915,1,1
ACC-001501,Chaney LLC,Healthcare,1001-5000,0.731,none,42,True,1.0,0.804,1,1
ACC-001502,"Brown, Mendoza and Gonzalez",Healthcare,201-1000,0.768,compliance_mandate,11,False,1.0,0.7938,1,1
ACC-001503,"Johnson, Horne and Brown",Manufacturing,1-50,0.503,none,51,False,1.0,0.4592,1,0
ACC-001504,Norman PLC,Retail,1-50,0.442,leadership_change,43,True,1.0,0.7249,0,0
ACC-001505,"Gonzalez, Walsh and Rivera",Government,1001-5000,0.661,none,71,False,0.0,0.4533,0,1
ACC-001506,"Dunn, Green and Lopez",Real Estate,51-200,1.0,none,82,False,0.0,0.172,0,1
ACC-001507,Barry PLC,Real Estate,1-50,0.751,none,24,False,0.0,,0,1
ACC-001508,Saunders-Winters,Legal,51-200,0.751,compliance_mandate,44,False,1.0,0.8433,1,1
ACC-001509,"Cruz, Carpenter and Mitchell",Manufacturing,51-200,0.478,none,1,True,1.0,0.5185,0,0
ACC-001510,"Chapman, Wilkerson and Dunn",Real Estate,5000+,1.0,none,17,False,0.0,0.7567,0,1
ACC-001511,Gordon-Taylor,Real Estate,51-200,1.0,leadership_change,2,False,1.0,0.8529,1,1
ACC-001512,Richards LLC,Manufacturing,201-1000,0.295,leadership_change,28,True,1.0,0.8164,0,0
ACC-001513,"Mays, Johnson and Cooper",Technology,51-200,0.61,tech_refresh,30,True,1.0,0.8151,1,0
ACC-001514,Navarro-Mckinney,Legal,1001-5000,0.79,leadership_change,130,False,1.0,0.6158,1,1
ACC-001515,Bush Ltd,Retail,1-50,0.279,compliance_mandate,45,True,0.0,0.596,0,0
ACC-001516,Brown-Walker,Legal,1001-5000,0.826,tech_refresh,12,False,1.0,0.6818,1,1
ACC-001517,Weber Group,Legal,201-1000,0.969,tech_refresh,11,True,1.0,0.9033,1,1
ACC-001518,Crawford-Hernandez,Healthcare,1001-5000,0.68,leadership_change,14,False,0.0,,0,1
ACC-001519,"Mcdonald, Parks and York",Financial Services,201-1000,0.878,none,26,False,1.0,0.4975,1,1
ACC-001520,"Mejia, Goodwin and Smith",Financial Services,51-200,1.0,none,17,False,0.0,,0,1
ACC-001521,James Inc,Legal,1-50,0.787,tech_refresh,8,True,1.0,0.8815,1,1
ACC-001522,Johnson-Frazier,Legal,1-50,0.837,tech_refresh,20,False,1.0,0.8168,1,1
ACC-001523,"Brooks, Mitchell and Waters",Insurance,51-200,0.661,funding_round,20,False,1.0,0.474,1,1
ACC-001524,Turner-Keller,Legal,51-200,0.916,none,29,False,1.0,0.6338,1,1
ACC-001525,Abbott Group,Manufacturing,51-200,0.409,none,1,False,0.0,0.5663,0,0
ACC-001526,"Hill, Reilly and Green",Real Estate,201-1000,0.936,none,21,True,0.0,0.4505,0,1
ACC-001527,Graham-Bell,Legal,1-50,0.949,funding_round,92,False,1.0,0.8316,1,1
ACC-001528,Reilly Group,Technology,1-50,0.651,leadership_change,17,False,1.0,0.8319,1,1
ACC-001529,Smith-Morgan,Insurance,51-200,0.727,funding_round,81,True,1.0,0.6431,1,1
ACC-001530,Sexton and Sons,Healthcare,51-200,0.641,none,37,True,1.0,0.8859,1,0
ACC-001531,Smith Inc,Insurance,51-200,0.678,none,16,False,0.0,0.5357,0,1
ACC-001532,Cervantes PLC,Legal,1001-5000,0.975,none,6,False,1.0,0.8377,1,1
ACC-001533,Griffith-Boone,Insurance,51-200,0.861,tech_refresh,25,False,1.0,0.3587,1,1
ACC-001534,Moore LLC,Financial Services,201-1000,1.0,tech_refresh,15,True,1.0,0.6843,1,1
ACC-001535,Fernandez Inc,Financial Services,1001-5000,0.931,leadership_change,37,False,0.0,0.5927,0,1
ACC-001536,Greer-King,Manufacturing,1-50,0.357,tech_refresh,91,False,0.0,,0,0
ACC-001537,Mitchell Ltd,Manufacturing,1-50,0.646,none,18,True,1.0,0.8699,1,0
ACC-001538,Dawson LLC,Manufacturing,51-200,0.63,none,9,False,1.0,0.4691,1,0
ACC-001539,Morrow-Long,Financial Services,51-200,0.631,funding_round,90,False,1.0,0.7437,1,0
ACC-001540,"Allen, Mckinney and Peters",Legal,201-1000,0.929,none,24,False,0.0,0.437,0,1
ACC-001541,"Green, Clark and Bray",Government,1-50,0.313,none,12,False,1.0,0.5479,0,0
ACC-001542,Johnson-Griffin,Technology,51-200,0.514,none,13,False,1.0,0.4076,1,0
ACC-001543,Garza-Camacho,Real Estate,201-1000,0.732,compliance_mandate,22,False,1.0,0.603,1,1
ACC-001544,English Ltd,Healthcare,1-50,0.665,funding_round,6,False,1.0,0.7378,1,1
ACC-001545,"Bryant, Norman and Price",Technology,51-200,0.494,none,87,False,1.0,0.6317,0,0
ACC-001546,Avila Inc,Technology,51-200,0.456,funding_round,17,True,1.0,0.5216,0,0
ACC-001547,"Thomas, Waters and Smith",Healthcare,1001-5000,0.704,none,36,False,1.0,0.8218,1,1
ACC-001548,"Brown, Wood and Gonzales",Government,51-200,0.658,none,7,False,1.0,0.8625,1,1
ACC-001549,Munoz-Choi,Manufacturing,5000+,0.542,none,7,False,1.0,0.711,1,0
ACC-001550,"Jones, Welch and Moore",Manufacturing,1-50,0.472,leadership_change,32,True,1.0,0.7546,0,0
ACC-001551,Chapman-Miller,Legal,1-50,0.889,funding_round,7,True,1.0,0.9573,1,1
ACC-001552,"Wilson, Henry and Smith",Government,5000+,0.564,none,12,False,1.0,0.8488,1,0
ACC-001553,"Hester, Fitzgerald and Sullivan",Retail,1-50,0.435,tech_refresh,1,False,1.0,0.4364,0,0
ACC-001554,Young Group,Legal,51-200,0.906,funding_round,3,False,1.0,0.5864,1,1
ACC-001555,Hunt PLC,Technology,1-50,0.576,none,1,False,1.0,0.7675,1,0
ACC-001556,Nguyen-Bruce,Technology,1-50,0.417,none,18,False,0.0,,0,0
ACC-001557,"Erickson, Copeland and Martinez",Insurance,1-50,0.926,funding_round,10,False,1.0,0.5234,1,1
ACC-001558,Drake-Hunt,Government,1-50,0.441,none,6,False,1.0,0.6868,0,0
ACC-001559,Ho-Johnson,Insurance,51-200,0.811,none,2,False,1.0,0.4476,1,1
ACC-001560,"Richards, Graham and Taylor",Real Estate,1-50,0.846,none,34,False,1.0,0.5628,1,1
ACC-001561,"Lloyd, Lawson and Buck",Insurance,1001-5000,0.836,none,18,True,1.0,0.8327,1,1
ACC-001562,Collins PLC,Technology,201-1000,0.489,leadership_change,43,True,1.0,0.5692,0,0
ACC-001563,"Smith, Rubio and Burke",Retail,201-1000,0.424,compliance_mandate,10,True,0.0,0.378,0,0
ACC-001564,Ramsey-Martinez,Real Estate,1-50,0.823,compliance_mandate,48,False,1.0,0.8762,1,1
ACC-001565,Marshall-Brown,Government,1-50,0.558,leadership_change,76,True,1.0,0.5515,1,0
ACC-001566,Hernandez Group,Technology,1-50,0.632,none,10,False,0.0,0.3668,0,0
ACC-001567,Smith PLC,Real Estate,51-200,0.979,none,6,True,1.0,0.8574,1,1
ACC-001568,"Decker, Tate and Brown",Manufacturing,51-200,0.315,none,32,False,1.0,0.6333,0,0
ACC-001569,Reeves LLC,Financial Services,1-50,0.812,none,6,False,1.0,0.7177,1,1
ACC-001570,Roman-Jordan,Insurance,1001-5000,0.522,leadership_change,21,False,0.0,0.4852,0,0
ACC-001571,Cook-Sullivan,Financial Services,5000+,0.785,none,14,False,1.0,0.6375,1,1
ACC-001572,Parks-Cunningham,Financial Services,51-200,0.844,none,113,False,1.0,0.4935,1,1
ACC-001573,Higgins-Solis,Legal,51-200,0.988,leadership_change,7,True,1.0,0.9343,1,1
ACC-001574,Briggs-Frank,Retail,1-50,0.643,funding_round,4,False,1.0,0.772,1,0
ACC-001575,Henry-Gray,Manufacturing,1001-5000,0.419,none,10,False,1.0,0.3223,0,0
ACC-001576,Fisher Group,Government,1001-5000,0.612,none,2,True,1.0,0.7011,1,0
ACC-001577,"Hernandez, Walker and Williams",Government,51-200,0.713,funding_round,12,False,1.0,0.9217,1,1
ACC-001578,"Valencia, Nelson and Campbell",Healthcare,51-200,0.591,leadership_change,86,False,1.0,0.7422,1,0
ACC-001579,Smith PLC,Manufacturing,1-50,0.305,tech_refresh,54,False,1.0,0.5673,0,0
ACC-001580,Johnson Inc,Financial Services,1-50,0.722,leadership_change,66,False,0.0,,0,1
ACC-001581,Adams-Love,Retail,51-200,0.45,tech_refresh,3,False,0.0,0.5815,0,0
ACC-001582,"Saunders, Carter and Brown",Healthcare,201-1000,0.686,none,62,False,1.0,0.7423,1,1
ACC-001583,Berger-Lyons,Legal,1001-5000,0.972,leadership_change,31,False,0.0,0.5208,0,1
ACC-001584,"Brennan, Ramos and Bowers",Technology,201-1000,0.559,none,6,False,1.0,0.5072,1,0
ACC-001585,"King, Palmer and Moore",Technology,1-50,0.615,leadership_change,10,True,1.0,0.6649,1,0
ACC-001586,"Rivera, Berger and Brooks",Financial Services,1001-5000,0.843,compliance_mandate,41,False,1.0,0.7928,1,1
ACC-001587,"Dunlap, Gentry and Bennett",Government,5000+,0.486,compliance_mandate,104,False,1.0,0.7532,0,0
ACC-001588,Phillips PLC,Retail,51-200,0.361,funding_round,13,False,1.0,0.7041,0,0
ACC-001589,Reese-Sanchez,Insurance,1001-5000,0.875,tech_refresh,11,False,0.0,0.3318,0,1
ACC-001590,Stein Ltd,Financial Services,51-200,0.781,funding_round,52,True,0.0,0.854,0,1
ACC-001591,"Diaz, Drake and Jordan",Financial Services,201-1000,1.0,none,67,True,1.0,0.8822,1,1
ACC-001592,"Stout, Ross and Collier",Real Estate,1-50,0.879,leadership_change,24,False,1.0,0.5679,1,1
ACC-001593,"Payne, Schultz and Escobar",Healthcare,51-200,0.58,tech_refresh,11,True,1.0,0.8542,1,0
ACC-001594,"Taylor, Munoz and Taylor",Legal,51-200,0.845,none,21,False,1.0,0.6389,1,1
ACC-001595,Roberts PLC,Healthcare,1-50,0.502,none,21,False,1.0,0.4105,1,0
ACC-001596,Mccormick PLC,Real Estate,1-50,0.882,none,35,False,1.0,0.1926,1,1
ACC-001597,"Evans, Castillo and Taylor",Manufacturing,201-1000,0.523,compliance_mandate,1,False,1.0,0.75,1,0
ACC-001598,Petty-Welch,Real Estate,51-200,0.804,leadership_change,8,False,1.0,0.1069,1,1
ACC-001599,Tucker-Wong,Financial Services,201-1000,0.985,funding_round,1,False,1.0,0.8033,1,1
ACC-001600,"Carey, Shaffer and Sandoval",Government,1-50,0.438,leadership_change,1,False,1.0,0.5834,0,0
ACC-001601,Barron Group,Healthcare,201-1000,0.647,none,36,True,1.0,0.8708,1,0
ACC-001602,Barker-King,Manufacturing,51-200,0.521,none,20,False,1.0,0.4845,1,0
ACC-001603,Salinas Inc,Legal,201-1000,0.997,tech_refresh,2,False,1.0,0.8227,1,1
ACC-001604,Hamilton-Clark,Financial Services,51-200,0.683,none,6,False,1.0,0.6881,1,1
ACC-001605,"Smith, Underwood and Wilson",Government,51-200,0.543,none,19,False,1.0,0.7469,1,0
ACC-001606,Baird Ltd,Healthcare,201-1000,0.581,leadership_change,0,False,1.0,0.8547,1,0
ACC-001607,Harper Inc,Government,51-200,0.53,leadership_change,13,False,0.0,0.7442,0,0
ACC-001608,Fitzpatrick Inc,Retail,201-1000,0.446,none,53,False,1.0,0.3148,0,0
ACC-001609,Davis LLC,Real Estate,5000+,0.721,none,21,False,1.0,0.6728,1,1
ACC-001610,King and Sons,Manufacturing,1-50,0.484,leadership_change,31,False,1.0,0.7216,0,0
ACC-001611,Hernandez PLC,Healthcare,1-50,0.829,none,2,False,1.0,0.6204,1,1
ACC-001612,Harrison Inc,Financial Services,51-200,0.694,none,28,False,1.0,0.8042,1,1
ACC-001613,Lopez-Hall,Technology,201-1000,0.546,funding_round,36,False,1.0,0.8277,1,0
ACC-001614,Henderson-Contreras,Legal,51-200,1.0,none,16,False,1.0,0.4167,1,1
ACC-001615,Smith Ltd,Retail,1001-5000,0.317,compliance_mandate,101,False,1.0,0.7397,0,0
ACC-001616,Mcpherson-Kramer,Government,1-50,0.633,none,268,False,1.0,0.7481,1,0
ACC-001617,Salinas Inc,Financial Services,51-200,0.965,funding_round,152,False,0.0,,0,1
ACC-001618,"Morrison, Smith and Thomas",Insurance,1-50,0.612,none,21,False,1.0,0.7251,1,0
ACC-001619,Cook-Long,Retail,1-50,0.419,none,47,False,1.0,0.4407,0,0
ACC-001620,"Hudson, Arias and Murphy",Healthcare,51-200,0.486,funding_round,38,False,0.0,0.7451,0,0
ACC-001621,Hayes-Rubio,Government,51-200,0.642,none,42,True,1.0,0.7549,1,0
ACC-001622,Cunningham Inc,Government,201-1000,0.558,none,23,False,1.0,0.7034,1,0
ACC-001623,Bridges Group,Technology,1-50,0.686,compliance_mandate,150,False,1.0,0.8371,1,1
ACC-001624,Brown Inc,Manufacturing,1001-5000,0.387,tech_refresh,51,False,0.0,0.3042,0,0
ACC-001625,Patterson-Sanders,Retail,201-1000,0.346,leadership_change,62,True,1.0,0.436,0,0
ACC-001626,Kaiser-Olson,Manufacturing,51-200,0.5,none,103,False,1.0,0.6402,0,0
ACC-001627,"Booth, Harris and Yates",Financial Services,1-50,0.875,funding_round,16,True,1.0,0.813,1,1
ACC-001628,"Mejia, Orozco and Hayes",Insurance,1-50,0.61,funding_round,56,True,1.0,0.4728,1,0
ACC-001629,Murillo-Lopez,Financial Services,1-50,0.8,tech_refresh,6,True,1.0,0.644,1,1
ACC-001630,Schultz Ltd,Real Estate,1001-5000,0.896,compliance_mandate,15,False,1.0,0.8644,1,1
ACC-001631,"Lynch, Rivas and Tate",Manufacturing,5000+,0.497,compliance_mandate,28,False,0.0,0.4027,0,0
ACC-001632,Massey-Lopez,Technology,201-1000,0.782,funding_round,7,False,0.0,0.4109,0,1
ACC-001633,"Brown, Miller and Bailey",Technology,201-1000,0.408,none,9,False,1.0,0.6128,0,0
ACC-001634,Myers-Carroll,Healthcare,201-1000,0.647,compliance_mandate,65,True,1.0,0.5453,1,0
ACC-001635,Wells and Sons,Retail,51-200,0.574,none,3,False,1.0,0.7671,1,0
ACC-001636,Taylor-Allen,Government,1-50,0.631,compliance_mandate,40,False,1.0,0.7032,1,0
ACC-001637,Silva-Page,Financial Services,201-1000,0.841,none,21,False,1.0,0.5232,1,1
ACC-001638,"Roberts, Riddle and Lewis",Government,51-200,0.534,tech_refresh,6,False,0.0,0.3749,0,0
ACC-001639,Lawrence and Sons,Technology,51-200,0.401,leadership_change,2,False,1.0,0.6035,0,0
ACC-001640,Bailey Ltd,Legal,51-200,0.796,none,11,False,1.0,0.7418,1,1
ACC-001641,"Anderson, Irwin and Gonzales",Government,51-200,0.795,none,7,False,1.0,0.7267,1,1
ACC-001642,Duncan-Parsons,Government,201-1000,0.694,compliance_mandate,47,False,1.0,0.8226,1,1
ACC-001643,Smith-Aguirre,Government,5000+,0.581,funding_round,4,False,1.0,0.6147,1,0
ACC-001644,Navarro PLC,Financial Services,201-1000,0.924,funding_round,2,False,1.0,0.5752,1,1
ACC-001645,Hanson-Murray,Financial Services,51-200,0.85,none,6,False,1.0,0.6266,1,1
ACC-001646,Brown-Hooper,Financial Services,1-50,0.731,none,72,False,1.0,0.4975,1,1
ACC-001647,Chen-Case,Insurance,51-200,0.912,none,8,False,1.0,0.5705,1,1
ACC-001648,Cook-Newman,Retail,5000+,0.591,tech_refresh,7,True,1.0,0.9554,1,0
ACC-001649,"Graham, Robertson and Mcpherson",Technology,1-50,0.5,none,77,False,0.0,0.1362,0,0
ACC-001650,"Vaughan, Davis and Miller",Insurance,51-200,0.811,funding_round,3,True,1.0,0.2547,1,1
ACC-001651,Ray-Thompson,Manufacturing,51-200,0.428,leadership_change,1,True,0.0,0.7882,0,0
ACC-001652,Martinez and Sons,Real Estate,5000+,1.0,none,112,True,1.0,0.8894,1,1
ACC-001653,Clark Group,Insurance,51-200,0.614,none,69,False,1.0,0.8488,1,0
ACC-001654,Pruitt Group,Healthcare,201-1000,0.847,leadership_change,2,False,1.0,0.633,1,1
ACC-001655,Scott PLC,Insurance,1-50,0.805,none,23,True,1.0,0.9112,1,1
ACC-001656,Kerr and Sons,Real Estate,1-50,0.721,none,8,False,1.0,0.6344,1,1
ACC-001657,Aguilar Group,Manufacturing,51-200,0.124,none,82,False,1.0,0.346,0,0
ACC-001658,"Reed, Abbott and Myers",Insurance,1-50,0.558,tech_refresh,22,True,1.0,0.612,1,0
ACC-001659,Jones Inc,Real Estate,1-50,0.812,leadership_change,88,False,1.0,0.8324,1,1
ACC-001660,May Ltd,Financial Services,1-50,0.546,none,20,False,1.0,0.6094,1,0
ACC-001661,"Diaz, Hammond and Smith",Government,1-50,0.679,tech_refresh,31,False,0.0,,0,1
ACC-001662,"Morgan, Saunders and Morrow",Legal,1-50,0.831,funding_round,2,False,1.0,0.6397,1,1
ACC-001663,Wilson LLC,Real Estate,51-200,0.671,leadership_change,113,False,0.0,0.3485,0,1
ACC-001664,Todd LLC,Insurance,1-50,0.754,none,57,False,1.0,0.6812,1,1
ACC-001665,Hendricks-Santos,Technology,51-200,0.762,compliance_mandate,2,False,0.0,,0,1
ACC-001666,"Taylor, Calhoun and Cain",Manufacturing,201-1000,0.598,none,73,False,1.0,0.6901,1,0
ACC-001667,"Davis, Hogan and Gonzalez",Retail,51-200,0.502,tech_refresh,9,False,1.0,0.5962,1,0
ACC-001668,Jensen Ltd,Healthcare,1-50,0.537,none,24,False,1.0,0.5578,1,0
ACC-001669,Garza PLC,Government,1001-5000,0.512,leadership_change,31,False,1.0,0.5097,1,0
ACC-001670,"Russell, Wright and Martin",Retail,1-50,0.526,none,10,False,1.0,0.7369,1,0
ACC-001671,Hall Inc,Manufacturing,5000+,0.25,none,17,False,0.0,0.532,0,0
ACC-001672,"Doyle, Villegas and Allen",Healthcare,1001-5000,0.581,none,3,False,1.0,0.8125,1,0
ACC-001673,Holland-Page,Financial Services,1001-5000,0.768,none,6,False,1.0,0.5531,1,1
ACC-001674,"Elliott, Turner and Griffin",Retail,5000+,0.441,none,36,False,1.0,0.8683,0,0
ACC-001675,"Williams, Gill and Mccarthy",Financial Services,1-50,0.705,none,42,False,1.0,0.8818,1,1
ACC-001676,"Welch, Richard and Johnson",Manufacturing,51-200,0.418,none,10,False,1.0,0.8676,0,0
ACC-001677,"Gilbert, Sparks and Flores",Insurance,51-200,0.805,tech_refresh,11,False,1.0,0.7822,1,1
ACC-001678,Wolfe and Sons,Insurance,1-50,0.586,none,5,False,1.0,0.6848,1,0
ACC-001679,Mitchell Ltd,Retail,51-200,0.457,none,3,True,0.0,,0,0
ACC-001680,Holt Ltd,Government,201-1000,0.65,none,40,False,1.0,0.5597,1,1
ACC-001681,Hayes Group,Manufacturing,1001-5000,0.372,none,41,False,0.0,,0,0
ACC-001682,Robinson and Sons,Healthcare,1-50,0.721,none,9,False,0.0,0.256,0,1
ACC-001683,"George, Hughes and Lewis",Financial Services,51-200,0.926,leadership_change,2,False,1.0,0.9009,1,1
ACC-001684,Andrews-Collins,Real Estate,51-200,0.578,leadership_change,18,False,1.0,0.8701,1,0
ACC-001685,"Bell, Dean and Vasquez",Technology,201-1000,0.68,none,6,False,1.0,0.6974,1,1
ACC-001686,Martin-Graves,Financial Services,51-200,0.861,none,99,False,0.0,0.6157,0,1
ACC-001687,"Roberts, Bell and Phillips",Manufacturing,201-1000,0.474,compliance_mandate,5,False,1.0,0.6752,0,0
ACC-001688,"Blair, Randall and Thomas",Healthcare,51-200,0.783,tech_refresh,19,False,1.0,0.7467,1,1
ACC-001689,Day Group,Insurance,1-50,0.645,none,26,False,0.0,0.5581,0,0
ACC-001690,Davenport LLC,Financial Services,51-200,0.874,compliance_mandate,25,True,0.0,,0,1
ACC-001691,"Bell, Williams and Thompson",Technology,201-1000,0.693,funding_round,6,False,0.0,0.2985,0,1
ACC-001692,Williams Inc,Healthcare,51-200,0.838,leadership_change,52,False,0.0,0.7,0,1
ACC-001693,Acevedo Ltd,Retail,201-1000,0.368,none,79,False,1.0,0.2793,0,0
ACC-001694,Mitchell-Barrett,Retail,1-50,0.176,funding_round,51,False,1.0,0.6159,0,0
ACC-001695,"Garcia, Meyer and Smith",Technology,1-50,0.423,none,30,False,0.0,0.2184,0,0
ACC-001696,"Campbell, May and Lopez",Real Estate,1-50,0.766,funding_round,19,False,1.0,0.8835,1,1
ACC-001697,"Kelley, Ford and Clark",Insurance,201-1000,0.744,none,8,False,1.0,0.9071,1,1
ACC-001698,Long Inc,Legal,1-50,0.729,none,22,False,0.0,0.7378,0,1
ACC-001699,"James, Leach and Wagner",Technology,1-50,0.546,none,30,False,1.0,0.4873,1,0
ACC-001700,Bennett Inc,Healthcare,201-1000,0.552,leadership_change,6,False,1.0,0.8263,1,0
ACC-001701,Miller-Barajas,Insurance,51-200,0.987,none,28,False,1.0,0.7516,1,1
ACC-001702,Stewart-Scott,Manufacturing,201-1000,0.43,none,24,True,1.0,0.1819,0,0
ACC-001703,"Harvey, Jones and Brown",Government,51-200,0.693,compliance_mandate,0,False,0.0,0.6194,0,1
ACC-001704,Patterson-Wheeler,Healthcare,5000+,1.0,none,24,False,1.0,0.6523,1,1
ACC-001705,"Dixon, Higgins and Dickerson",Healthcare,1-50,0.539,none,1,True,1.0,0.3999,1,0
ACC-001706,Dyer Inc,Insurance,5000+,0.819,leadership_change,12,False,1.0,0.7704,1,1
ACC-001707,"Johnson, Keller and Green",Real Estate,5000+,0.615,tech_refresh,25,False,1.0,0.8239,1,0
ACC-001708,Stevens-Williams,Insurance,201-1000,0.727,tech_refresh,52,False,1.0,0.8287,1,1
ACC-001709,"Dillon, Allen and Brown",Legal,5000+,0.878,funding_round,15,True,0.0,,0,1
ACC-001710,Crawford PLC,Government,1-50,0.663,none,26,False,1.0,0.8165,1,1
ACC-001711,"Rodriguez, Lam and Howard",Financial Services,201-1000,0.726,funding_round,40,False,1.0,0.8019,1,1
ACC-001712,Farrell Ltd,Retail,201-1000,0.204,funding_round,12,False,0.0,0.3149,0,0
ACC-001713,Howard-Sanchez,Healthcare,1001-5000,0.54,tech_refresh,20,False,1.0,0.6931,1,0
ACC-001714,Vasquez Ltd,Legal,1-50,0.825,funding_round,0,False,1.0,0.6011,1,1
ACC-001715,"Davis, Wilkinson and Turner",Legal,1-50,0.743,none,3,False,1.0,0.8003,1,1
ACC-001716,"Alvarez, Blair and Anderson",Financial Services,51-200,0.872,tech_refresh,54,False,1.0,0.6815,1,1
ACC-001717,Snyder-Freeman,Legal,51-200,0.996,none,54,True,1.0,0.8785,1,1
ACC-001718,"Wolf, Johnson and Grant",Healthcare,5000+,0.735,none,28,False,0.0,0.3397,0,1
ACC-001719,Hughes-Vargas,Insurance,201-1000,0.652,none,4,False,1.0,0.8281,1,1
ACC-001720,"Mathis, Parks and Cook",Legal,201-1000,0.795,none,0,False,1.0,0.5889,1,1
ACC-001721,Griffin-Harris,Healthcare,201-1000,0.625,leadership_change,14,True,1.0,0.8427,1,0
ACC-001722,"Rice, Torres and Taylor",Technology,201-1000,0.517,funding_round,3,False,1.0,0.6298,1,0
ACC-001723,"Swanson, Fritz and Tate",Financial Services,1-50,0.868,none,30,False,0.0,0.759,0,1
ACC-001724,Davis-Morrison,Legal,1-50,0.839,none,83,True,1.0,0.7509,1,1
ACC-001725,"Christensen, Terry and Johnson",Retail,1-50,0.152,none,11,False,1.0,0.5069,0,0
ACC-001726,Rivera-Moore,Insurance,1001-5000,0.839,none,53,True,1.0,0.8768,1,1
ACC-001727,Smith-Montoya,Government,201-1000,0.648,tech_refresh,29,False,1.0,0.4957,1,0
ACC-001728,Hernandez-Tucker,Healthcare,1-50,0.754,leadership_change,45,False,1.0,0.8163,1,1
ACC-001729,"Rivas, Weeks and Mcclain",Technology,1-50,0.636,none,24,False,0.0,0.8455,0,0
ACC-001730,"Baker, Miller and Willis",Real Estate,51-200,1.0,none,32,False,0.0,0.6559,0,1
ACC-001731,King PLC,Technology,201-1000,0.858,none,19,True,1.0,0.9323,1,1
ACC-001732,Smith LLC,Retail,51-200,0.506,none,21,False,0.0,0.4029,0,0
ACC-001733,Larson-Parker,Financial Services,201-1000,0.823,leadership_change,13,False,1.0,0.8054,1,1
ACC-001734,"Sawyer, Moreno and Luna",Legal,201-1000,0.83,tech_refresh,14,False,1.0,0.7518,1,1
ACC-001735,"Johnson, Bridges and Mays",Insurance,201-1000,0.725,funding_round,49,False,0.0,,0,1
ACC-001736,"Owen, Gomez and Trujillo",Government,201-1000,0.561,compliance_mandate,3,False,1.0,0.4478,1,0
ACC-001737,Duffy-Nelson,Legal,51-200,0.809,none,5,False,1.0,0.8242,1,1
ACC-001738,Gonzalez Ltd,Financial Services,1001-5000,0.8,leadership_change,109,False,1.0,0.7365,1,1
ACC-001739,Ferguson and Sons,Government,51-200,0.506,tech_refresh,19,False,1.0,0.4491,1,0
ACC-001740,Hays Inc,Real Estate,1-50,0.628,none,32,False,1.0,0.4673,1,0
ACC-001741,"Howell, Sullivan and Burke",Retail,5000+,0.429,compliance_mandate,7,False,1.0,0.6676,0,0
ACC-001742,Snyder LLC,Technology,51-200,0.515,none,20,False,1.0,0.5954,1,0
ACC-001743,"Shepherd, Orozco and Williams",Insurance,51-200,0.699,funding_round,3,False,1.0,0.8512,1,1
ACC-001744,Wiley-Nguyen,Insurance,1-50,0.765,compliance_mandate,116,True,1.0,0.6609,1,1
ACC-001745,"Daniel, Lucero and Ferguson",Legal,1-50,0.731,none,109,True,0.0,0.4147,0,1
ACC-001746,Buchanan-Hicks,Insurance,51-200,0.886,none,10,False,1.0,0.4372,1,1
ACC-001747,"Hall, Rodriguez and Brown",Technology,1-50,0.859,tech_refresh,5,False,1.0,0.8179,1,1
ACC-001748,Elliott PLC,Legal,201-1000,0.85,leadership_change,40,False,1.0,0.6158,1,1
ACC-001749,Wood-Benjamin,Healthcare,51-200,0.51,leadership_change,0,False,1.0,0.641,1,0
ACC-001750,Pena Group,Legal,1-50,0.983,none,74,False,1.0,0.4388,1,1
ACC-001751,"Gonzalez, Kelley and Schroeder",Legal,51-200,0.658,funding_round,39,False,1.0,0.4687,1,1
ACC-001752,"Gill, Johnson and Beasley",Legal,201-1000,0.866,none,29,False,1.0,0.6737,1,1
ACC-001753,Brown Ltd,Legal,1-50,0.773,funding_round,0,True,1.0,0.5908,1,1
ACC-001754,Ross-Rodriguez,Real Estate,201-1000,0.812,none,10,False,1.0,0.6151,1,1
ACC-001755,"Green, Huang and Rojas",Manufacturing,1001-5000,0.506,funding_round,39,False,1.0,0.704,1,0
ACC-001756,Rivera-Sanders,Manufacturing,5000+,0.474,none,0,False,1.0,0.6514,0,0
ACC-001757,Mitchell and Sons,Healthcare,51-200,0.408,none,23,False,1.0,0.4295,0,0
ACC-001758,"Ortega, Melton and Molina",Technology,201-1000,0.598,none,41,False,1.0,0.8811,1,0
ACC-001759,"Mitchell, Adkins and Harris",Financial Services,201-1000,0.783,none,19,False,1.0,0.9065,1,1
ACC-001760,Carr LLC,Financial Services,51-200,0.922,none,2,False,1.0,0.9132,1,1
ACC-001761,"Chan, Palmer and Walker",Retail,201-1000,0.471,none,10,False,1.0,0.7568,0,0
ACC-001762,Glover and Sons,Retail,51-200,0.378,none,3,False,1.0,0.4788,0,0
ACC-001763,Johnson-Mayer,Legal,1001-5000,0.649,none,3,True,0.0,,0,0
ACC-001764,Guzman and Sons,Technology,201-1000,0.521,none,3,False,0.0,0.4425,0,0
ACC-001765,Shaffer and Sons,Healthcare,1-50,0.835,leadership_change,41,False,0.0,0.5541,0,1
ACC-001766,Perez PLC,Healthcare,201-1000,0.469,none,39,False,1.0,0.8609,0,0
ACC-001767,Martinez-Miller,Government,51-200,0.607,none,18,True,1.0,0.8681,1,0
ACC-001768,Richard and Sons,Healthcare,1-50,0.601,compliance_mandate,86,False,1.0,0.8781,1,0
ACC-001769,Jones-Suarez,Financial Services,51-200,0.645,none,1,False,1.0,0.7134,1,0
ACC-001770,Phillips Ltd,Real Estate,51-200,0.813,leadership_change,6,False,0.0,,0,1
ACC-001771,Shannon Inc,Technology,201-1000,0.738,none,39,False,1.0,0.7717,1,1
ACC-001772,"Miles, Morris and Farley",Financial Services,5000+,1.0,none,10,False,0.0,0.4107,0,1
ACC-001773,Cook Inc,Government,1-50,0.637,compliance_mandate,22,False,1.0,0.2514,1,0
ACC-001774,Erickson Ltd,Financial Services,1-50,0.962,none,8,True,1.0,0.7052,1,1
ACC-001775,Beasley-Sellers,Financial Services,1-50,0.938,funding_round,3,False,1.0,0.6269,1,1
ACC-001776,Moore-Willis,Financial Services,51-200,0.756,tech_refresh,2,False,1.0,0.5654,1,1
ACC-001777,"Vasquez, Taylor and Barnes",Healthcare,1-50,0.607,none,118,True,0.0,0.7452,0,0
ACC-001778,Collins PLC,Insurance,201-1000,0.614,none,75,False,1.0,0.4726,1,0
ACC-001779,"Lee, Hoover and Taylor",Government,1-50,0.794,none,6,False,0.0,0.7867,0,1
ACC-001780,Shaw-Wilkinson,Real Estate,1-50,1.0,leadership_change,21,True,1.0,0.8057,1,1
ACC-001781,"Pham, Lee and Jones",Real Estate,1001-5000,0.949,none,0,False,1.0,0.6305,1,1
ACC-001782,"Jensen, Lee and Pratt",Real Estate,1001-5000,0.833,leadership_change,8,False,1.0,0.7031,1,1
ACC-001783,"Bennett, Dean and Gilbert",Technology,1-50,0.415,leadership_change,31,False,0.0,0.7579,0,0
ACC-001784,Mitchell-Solis,Financial Services,51-200,0.901,none,61,True,1.0,0.9035,1,1
ACC-001785,"Ware, Nguyen and Garcia",Retail,201-1000,0.389,none,11,False,1.0,0.6375,0,0
ACC-001786,"Beck, Wilson and Mooney",Real Estate,51-200,0.555,compliance_mandate,2,False,0.0,0.3293,0,0
ACC-001787,"Williams, Smith and Wagner",Manufacturing,51-200,0.524,none,62,False,0.0,0.1975,0,0
ACC-001788,"Richard, Watson and Mccarthy",Retail,201-1000,0.393,none,46,False,1.0,0.7961,0,0
ACC-001789,"Sosa, Murray and Marshall",Financial Services,1-50,0.846,none,8,False,1.0,0.8454,1,1
ACC-001790,Stokes LLC,Retail,201-1000,0.36,none,30,False,1.0,0.5881,0,0
ACC-001791,Stanley-Velazquez,Retail,51-200,0.478,compliance_mandate,11,False,1.0,0.8247,0,0
ACC-001792,"Jones, Roth and Ballard",Healthcare,1-50,0.811,compliance_mandate,23,False,0.0,0.1344,0,1
ACC-001793,Ramirez-Hernandez,Technology,51-200,0.339,none,6,False,1.0,0.6133,0,0
ACC-001794,Villegas-Smith,Legal,51-200,0.91,tech_refresh,1,True,1.0,0.7542,1,1
ACC-001795,Bishop-Bowman,Technology,51-200,0.889,none,78,False,0.0,0.572,0,1
ACC-001796,Meyer-Maxwell,Retail,5000+,0.256,funding_round,5,False,0.0,0.2749,0,0
ACC-001797,Johnson Inc,Financial Services,1001-5000,0.754,none,16,True,0.0,0.2702,0,1
ACC-001798,Mullins LLC,Real Estate,51-200,0.877,tech_refresh,13,False,1.0,0.8831,1,1
ACC-001799,Rivera Ltd,Insurance,51-200,0.993,none,18,False,1.0,0.7448,1,1
ACC-001800,Mitchell-Hoover,Technology,51-200,0.661,none,10,False,0.0,0.3853,0,1
ACC-001801,Bell-Austin,Healthcare,51-200,0.424,leadership_change,7,True,1.0,0.6862,0,0
ACC-001802,"Escobar, Smith and Strickland",Retail,1-50,0.429,tech_refresh,16,False,1.0,0.4581,0,0
ACC-001803,"Wood, Chavez and Lopez",Legal,201-1000,0.885,none,4,False,1.0,0.6367,1,1
ACC-001804,"Sullivan, Hernandez and Robertson",Insurance,201-1000,0.778,none,22,True,1.0,0.6366,1,1
ACC-001805,Hansen PLC,Financial Services,1-50,0.938,tech_refresh,39,True,1.0,0.8024,1,1
ACC-001806,Butler-Garcia,Healthcare,1-50,0.652,funding_round,43,False,1.0,0.7028,1,1
ACC-001807,Noble-Evans,Insurance,201-1000,0.796,tech_refresh,53,False,1.0,0.6013,1,1
ACC-001808,Bennett-Allison,Insurance,51-200,0.857,none,22,False,1.0,0.6986,1,1
ACC-001809,"Zuniga, Murphy and Palmer",Manufacturing,201-1000,0.27,none,5,False,0.0,0.5109,0,0
ACC-001810,"Mathews, Gonzales and Thompson",Insurance,201-1000,0.749,none,32,False,1.0,0.6908,1,1
ACC-001811,Moore-Thomas,Insurance,1001-5000,0.649,none,46,False,0.0,0.3203,0,0
ACC-001812,Mercado LLC,Technology,1001-5000,0.379,compliance_mandate,2,False,1.0,0.6181,0,0
ACC-001813,"Bowers, Soto and Ramos",Insurance,5000+,0.727,tech_refresh,32,True,0.0,,0,1
ACC-001814,Howell-Black,Manufacturing,1001-5000,0.517,compliance_mandate,18,False,0.0,,0,0
ACC-001815,"Vargas, Adams and Benton",Technology,51-200,0.466,leadership_change,9,False,1.0,0.8709,0,0
ACC-001816,Gallagher-Branch,Insurance,1-50,0.792,funding_round,16,False,1.0,0.8181,1,1
ACC-001817,Morgan-Russell,Legal,1001-5000,0.858,none,6,True,0.0,0.7406,0,1
ACC-001818,Shea-Gibbs,Healthcare,201-1000,0.423,funding_round,2,False,1.0,0.4557,0,0
ACC-001819,Crawford-Williams,Healthcare,1-50,0.413,tech_refresh,79,False,1.0,0.6749,0,0
ACC-001820,Smith-Hatfield,Insurance,201-1000,0.832,none,10,False,1.0,0.7535,1,1
ACC-001821,"Mendez, Lee and Cortez",Government,51-200,0.352,none,5,False,1.0,0.5313,0,0
ACC-001822,Flynn Ltd,Real Estate,51-200,0.773,none,22,False,1.0,0.4035,1,1
ACC-001823,Roberts and Sons,Financial Services,1-50,0.725,none,10,True,0.0,,0,1
ACC-001824,"Lindsey, Harrison and Adams",Legal,1-50,0.973,none,58,False,0.0,0.6894,0,1
ACC-001825,Walker-Wood,Legal,1-50,0.834,compliance_mandate,16,False,1.0,0.5211,1,1
ACC-001826,"Robinson, Campbell and Chan",Legal,201-1000,1.0,none,0,False,1.0,0.9074,1,1
ACC-001827,Bernard-Zuniga,Retail,51-200,0.371,none,23,True,1.0,0.5632,0,0
ACC-001828,Brewer and Sons,Financial Services,51-200,0.733,none,29,True,1.0,0.8274,1,1
ACC-001829,Robinson and Sons,Financial Services,51-200,1.0,none,9,False,1.0,0.7764,1,1
ACC-001830,Sanchez-Smith,Real Estate,201-1000,0.757,funding_round,19,False,1.0,0.912,1,1
ACC-001831,"Allen, Walters and Lane",Legal,1-50,0.977,tech_refresh,24,False,1.0,0.9322,1,1
ACC-001832,Terrell Group,Healthcare,51-200,0.744,compliance_mandate,15,False,1.0,0.4287,1,1
ACC-001833,Nelson PLC,Healthcare,201-1000,0.491,leadership_change,9,False,1.0,0.8745,0,0
ACC-001834,Hensley and Sons,Manufacturing,201-1000,0.59,none,4,True,0.0,0.6756,0,0
ACC-001835,Brown and Sons,Government,51-200,0.723,none,22,False,1.0,0.434,1,1
ACC-001836,Keith Inc,Retail,51-200,0.188,none,103,True,1.0,0.3677,0,0
ACC-001837,Roberson-Nelson,Healthcare,201-1000,0.64,compliance_mandate,10,False,1.0,0.887,1,0
ACC-001838,"Jones, Lopez and Young",Legal,51-200,1.0,funding_round,75,False,1.0,0.7424,1,1
ACC-001839,Stanley-Perkins,Real Estate,1-50,0.709,none,31,True,1.0,0.8348,1,1
ACC-001840,"Bowers, Wallace and Porter",Financial Services,201-1000,0.997,leadership_change,0,True,1.0,0.9387,1,1
ACC-001841,"Gonzalez, Moore and Walker",Manufacturing,201-1000,0.545,leadership_change,40,False,0.0,,0,0
ACC-001842,"Morgan, Collins and Martinez",Retail,201-1000,0.337,none,7,False,1.0,0.6591,0,0
ACC-001843,"Cuevas, Gilmore and White",Retail,51-200,0.41,none,5,False,0.0,,0,0
ACC-001844,Santiago-Thompson,Retail,1001-5000,0.508,none,8,False,1.0,0.7543,1,0
ACC-001845,"Alexander, Davidson and Pena",Legal,1-50,1.0,none,72,False,1.0,0.8467,1,1
ACC-001846,"Miller, Roberts and Reynolds",Insurance,51-200,0.798,tech_refresh,62,False,1.0,0.5138,1,1
ACC-001847,"Diaz, Nelson and Brady",Financial Services,1001-5000,0.958,leadership_change,19,False,1.0,0.7991,1,1
ACC-001848,"Moran, Weaver and Silva",Legal,51-200,0.834,compliance_mandate,108,True,0.0,0.1256,0,1
ACC-001849,"Patterson, Wade and Moody",Real Estate,1-50,0.714,none,13,False,1.0,0.8953,1,1
ACC-001850,"Hester, Myers and Mata",Technology,1-50,0.46,compliance_mandate,75,False,1.0,0.544,0,0
ACC-001851,Wilson-Rogers,Government,1-50,0.611,leadership_change,46,True,1.0,0.8689,1,0
ACC-001852,"Ferrell, Best and Willis",Government,201-1000,0.404,none,26,True,1.0,0.6745,0,0
ACC-001853,Lee PLC,Insurance,1-50,0.738,compliance_mandate,60,True,0.0,0.2792,0,1
ACC-001854,Miller-Mcdowell,Healthcare,201-1000,0.55,none,4,False,1.0,0.4192,1,0
ACC-001855,Adkins Inc,Legal,201-1000,0.962,funding_round,77,False,1.0,0.68,1,1
ACC-001856,Ellis-Brown,Healthcare,201-1000,0.733,compliance_mandate,73,False,1.0,0.7067,1,1
ACC-001857,Schroeder-Logan,Manufacturing,1-50,0.54,none,0,False,0.0,0.3787,0,0
ACC-001858,"Ellison, Jones and Parks",Manufacturing,5000+,0.658,compliance_mandate,28,False,1.0,0.9462,1,1
ACC-001859,Miller Group,Manufacturing,5000+,0.424,compliance_mandate,1,False,1.0,0.8052,0,0
ACC-001860,"Richmond, Harrison and West",Government,1-50,0.592,none,13,False,0.0,0.1958,0,0
ACC-001861,Cole-Lowe,Manufacturing,1001-5000,0.475,compliance_mandate,32,True,1.0,0.9433,0,0
ACC-001862,"Hines, Rodriguez and Flores",Technology,5000+,0.915,tech_refresh,14,False,0.0,0.5437,0,1
ACC-001863,"Bishop, Green and Ayala",Healthcare,201-1000,0.444,none,26,False,1.0,0.2702,0,0
ACC-001864,"Allison, Good and Harrington",Insurance,51-200,0.823,none,117,False,0.0,,0,1
ACC-001865,Johnson-Dillon,Government,51-200,0.496,leadership_change,3,False,0.0,0.8029,0,0
ACC-001866,Jenkins-Brown,Retail,201-1000,0.279,leadership_change,47,False,1.0,0.8775,0,0
ACC-001867,"Gibbs, Howell and Lewis",Technology,1-50,0.646,none,31,False,1.0,0.4212,1,0
ACC-001868,"Brooks, Wright and Reyes",Real Estate,51-200,0.966,none,1,True,1.0,0.7848,1,1
ACC-001869,Gardner PLC,Real Estate,1-50,0.579,leadership_change,85,False,0.0,0.1974,0,0
ACC-001870,"Gutierrez, Harmon and Tran",Insurance,1-50,0.863,funding_round,1,False,1.0,0.8654,1,1
ACC-001871,Miller Ltd,Technology,201-1000,0.478,funding_round,37,True,1.0,0.7502,0,0
ACC-001872,Macias-King,Insurance,201-1000,0.872,funding_round,18,False,1.0,0.8214,1,1
ACC-001873,"Roberts, Jones and Stokes",Healthcare,51-200,0.803,none,35,False,0.0,0.4607,0,1
ACC-001874,"Garcia, Melton and Simpson",Manufacturing,1-50,0.444,funding_round,6,False,1.0,0.5384,0,0
ACC-001875,"Anderson, Smith and Cervantes",Insurance,201-1000,0.634,funding_round,11,False,1.0,0.9279,1,0
ACC-001876,Williams-Decker,Retail,1-50,0.393,none,64,False,0.0,0.3454,0,0
ACC-001877,Le Group,Financial Services,1-50,0.825,leadership_change,1,True,1.0,0.7616,1,1
ACC-001878,Brown LLC,Financial Services,1-50,0.978,none,7,False,1.0,0.8062,1,1
ACC-001879,Boyle LLC,Real Estate,51-200,0.656,none,11,False,1.0,0.8147,1,1
ACC-001880,Flynn-Anderson,Healthcare,1-50,0.704,tech_refresh,84,False,1.0,0.7157,1,1
ACC-001881,Johnston and Sons,Technology,51-200,0.543,tech_refresh,74,False,1.0,0.565,1,0
ACC-001882,"Murphy, Brown and Walls",Retail,1001-5000,0.612,none,5,False,0.0,0.3696,0,0
ACC-001883,"Long, Hooper and King",Financial Services,1001-5000,0.83,none,8,False,1.0,0.3615,1,1
ACC-001884,"Brooks, Marquez and Jones",Government,1-50,0.542,funding_round,171,True,1.0,0.8737,1,0
ACC-001885,Washington-Stephens,Technology,201-1000,0.551,compliance_mandate,42,True,0.0,,0,0
ACC-001886,Kidd LLC,Legal,1-50,0.749,funding_round,27,False,1.0,0.8308,1,1
ACC-001887,"Weiss, Anderson and Williams",Technology,51-200,0.648,none,35,True,1.0,0.5039,1,0
ACC-001888,Fernandez-Lam,Insurance,5000+,0.814,leadership_change,31,False,0.0,,0,1
ACC-001889,Collier-Lopez,Insurance,201-1000,0.744,none,48,False,1.0,0.8116,1,1
ACC-001890,Barr-Austin,Retail,5000+,0.313,tech_refresh,12,False,0.0,0.2401,0,0
ACC-001891,Stephenson-Scott,Technology,201-1000,0.596,leadership_change,22,True,1.0,0.6179,1,0
ACC-001892,"Hernandez, Carlson and Morris",Insurance,201-1000,0.818,leadership_change,27,True,0.0,0.4646,0,1
ACC-001893,"Cook, Allen and Booker",Healthcare,1-50,0.714,none,21,True,1.0,0.8916,1,1
ACC-001894,Terry Group,Financial Services,1001-5000,0.786,none,27,False,0.0,0.7832,0,1
ACC-001895,Erickson-Carrillo,Real Estate,5000+,0.711,leadership_change,0,False,1.0,0.8739,1,1
ACC-001896,Anderson-Herrera,Legal,51-200,0.829,funding_round,1,False,1.0,0.8264,1,1
ACC-001897,Reynolds LLC,Insurance,201-1000,0.809,none,13,True,1.0,0.7352,1,1
ACC-001898,Fitzpatrick Group,Insurance,201-1000,0.719,none,28,False,0.0,0.2972,0,1
ACC-001899,Padilla Ltd,Real Estate,51-200,0.703,leadership_change,19,False,1.0,0.888,1,1
ACC-001900,"Pruitt, Molina and Riddle",Legal,51-200,0.857,none,20,False,1.0,0.7839,1,1
ACC-001901,"Levy, Tate and Petty",Manufacturing,5000+,0.508,leadership_change,42,False,0.0,0.3191,0,0
ACC-001902,Smith Inc,Technology,1001-5000,0.449,none,0,False,0.0,,0,0
ACC-001903,Mcguire-Martinez,Financial Services,51-200,0.95,compliance_mandate,11,False,1.0,0.891,1,1
ACC-001904,"Brown, Brooks and Pratt",Technology,51-200,0.459,none,27,False,0.0,0.4205,0,0
ACC-001905,Alexander Group,Manufacturing,201-1000,0.551,none,1,False,0.0,,0,0
ACC-001906,"Carlson, Blankenship and Collins",Government,51-200,0.435,none,45,False,1.0,0.7414,0,0
ACC-001907,"Hines, Snyder and Lin",Real Estate,5000+,0.778,funding_round,1,False,1.0,0.6191,1,1
ACC-001908,Larson-Rogers,Technology,51-200,0.455,none,10,False,1.0,0.6436,0,0
ACC-001909,Ross-Lewis,Manufacturing,1-50,0.423,leadership_change,31,False,0.0,,0,0
ACC-001910,Strickland-Wilson,Real Estate,51-200,0.995,none,130,False,1.0,0.4064,1,1
ACC-001911,Gonzalez-Lloyd,Government,201-1000,0.454,none,6,True,1.0,0.8449,0,0
ACC-001912,Duarte PLC,Technology,51-200,0.598,leadership_change,72,False,1.0,0.6664,1,0
ACC-001913,"Mcdonald, Evans and Montgomery",Manufacturing,51-200,0.526,tech_refresh,13,False,0.0,0.3918,0,0
ACC-001914,Stone-Jones,Healthcare,1-50,0.583,compliance_mandate,61,True,1.0,0.867,1,0
ACC-001915,Choi-Bailey,Retail,1-50,0.203,funding_round,22,True,1.0,0.8563,0,0
ACC-001916,Rivera and Sons,Retail,1001-5000,0.467,none,58,False,1.0,0.5439,0,0
ACC-001917,Klein Ltd,Insurance,201-1000,0.795,funding_round,3,False,1.0,0.8396,1,1
ACC-001918,Miller Inc,Technology,1-50,0.377,leadership_change,17,False,1.0,0.6002,0,0
ACC-001919,"Barnes, Porter and Dixon",Government,1-50,0.724,none,45,False,1.0,0.6325,1,1
ACC-001920,"Pena, Schaefer and Valdez",Retail,51-200,0.384,leadership_change,73,False,0.0,,0,0
ACC-001921,Mitchell Ltd,Technology,1-50,0.765,none,0,True,1.0,0.9034,1,1
ACC-001922,Marshall Group,Manufacturing,1-50,0.328,none,75,False,1.0,0.6077,0,0
ACC-001923,Wilson-Smith,Financial Services,51-200,0.975,leadership_change,0,False,1.0,0.8217,1,1
ACC-001924,Williams-Frye,Retail,1001-5000,0.303,compliance_mandate,31,False,0.0,,0,0
ACC-001925,Walker-Lopez,Technology,1001-5000,0.756,none,128,False,1.0,0.8329,1,1
ACC-001926,"Figueroa, Park and Robinson",Financial Services,1-50,0.825,none,2,False,1.0,0.5404,1,1
ACC-001927,"Lewis, Watkins and Carr",Financial Services,1001-5000,0.752,leadership_change,16,True,1.0,0.8836,1,1
ACC-001928,Graham PLC,Real Estate,1-50,0.83,tech_refresh,9,False,1.0,0.5208,1,1
ACC-001929,Lewis Group,Retail,201-1000,0.525,none,18,True,0.0,0.5728,0,0
ACC-001930,Haynes-Frederick,Real Estate,1-50,0.788,leadership_change,0,False,1.0,0.8589,1,1
ACC-001931,Johnson PLC,Manufacturing,1-50,0.487,none,11,False,1.0,0.5652,0,0
ACC-001932,Carr-Harris,Manufacturing,201-1000,0.566,leadership_change,85,False,1.0,0.675,1,0
ACC-001933,Myers Group,Insurance,1-50,0.634,tech_refresh,14,False,1.0,0.8262,1,0
ACC-001934,Clark Group,Real Estate,51-200,0.851,none,159,False,1.0,0.8085,1,1
ACC-001935,Madden-Alvarez,Real Estate,1-50,0.74,leadership_change,64,False,0.0,0.6163,0,1
ACC-001936,"Norman, Dixon and Zamora",Legal,51-200,0.87,none,7,False,1.0,0.6056,1,1
ACC-001937,Hopkins Ltd,Government,1-50,0.622,none,29,False,1.0,0.8439,1,0
ACC-001938,Parker and Sons,Retail,1001-5000,0.46,leadership_change,36,False,1.0,0.6361,0,0
ACC-001939,Cook-Higgins,Insurance,201-1000,0.786,none,7,False,1.0,0.8541,1,1
ACC-001940,"Horton, Bauer and Rogers",Healthcare,1-50,0.522,none,17,True,1.0,0.8014,1,0
ACC-001941,"Adams, Long and Perkins",Government,51-200,0.612,none,6,False,0.0,0.4175,0,0
ACC-001942,Smith-Chang,Government,201-1000,0.616,none,53,False,1.0,0.6993,1,0
ACC-001943,"Snow, Mcdonald and Holland",Technology,201-1000,0.531,none,4,False,1.0,0.8375,1,0
ACC-001944,Williams-Cox,Legal,51-200,0.962,none,42,True,1.0,0.8345,1,1
ACC-001945,Kennedy-Malone,Government,51-200,0.475,compliance_mandate,12,False,1.0,0.5392,0,0
ACC-001946,Clark-Hubbard,Financial Services,1-50,0.883,funding_round,33,False,1.0,0.8034,1,1
ACC-001947,Jones-Davis,Manufacturing,1-50,0.384,none,99,False,0.0,0.345,0,0
ACC-001948,Harvey Group,Financial Services,1-50,0.948,leadership_change,80,False,1.0,0.8193,1,1
ACC-001949,"Reed, Hill and Gomez",Retail,51-200,0.26,none,6,False,1.0,0.7042,0,0
ACC-001950,Green-Johnson,Retail,201-1000,0.222,none,33,False,1.0,0.7534,0,0
ACC-001951,Gray-Wang,Legal,201-1000,0.914,none,38,False,1.0,0.8251,1,1
ACC-001952,Henderson PLC,Financial Services,51-200,0.931,none,15,False,0.0,0.6637,0,1
ACC-001953,Johnston-Franklin,Financial Services,201-1000,0.638,compliance_mandate,2,False,1.0,0.6533,1,0
ACC-001954,"Boyer, Dunn and Lamb",Retail,1-50,0.436,none,23,False,1.0,0.6402,0,0
ACC-001955,Smith-Norris,Retail,201-1000,0.264,compliance_mandate,12,False,1.0,0.5876,0,0
ACC-001956,"Gonzalez, Gonzales and Owens",Financial Services,201-1000,1.0,none,15,False,1.0,0.8049,1,1
ACC-001957,"Thompson, Foster and Moore",Retail,1-50,0.561,none,1,True,0.0,0.519,0,0
ACC-001958,"Kennedy, Roy and Rowe",Healthcare,5000+,0.836,none,54,False,1.0,0.9576,1,1
ACC-001959,Maddox Group,Retail,5000+,0.512,none,28,False,1.0,0.8496,1,0
ACC-001960,"Mcneil, Hobbs and Henderson",Healthcare,1-50,0.776,compliance_mandate,32,False,1.0,0.514,1,1
ACC-001961,Love Group,Government,1001-5000,0.602,none,23,False,1.0,0.6902,1,0
ACC-001962,Thomas Ltd,Retail,51-200,0.43,tech_refresh,49,False,1.0,0.8318,0,0
ACC-001963,Norris-Mahoney,Government,1-50,0.766,none,13,False,1.0,0.6307,1,1
ACC-001964,Lewis-Harrington,Real Estate,1-50,0.9,leadership_change,3,False,1.0,0.5488,1,1
ACC-001965,"Daniels, Garcia and Hill",Technology,5000+,0.614,funding_round,38,False,0.0,0.8069,0,0
ACC-001966,"Diaz, George and Ferguson",Insurance,5000+,0.865,funding_round,55,True,1.0,0.9524,1,1
ACC-001967,Gray PLC,Insurance,51-200,0.696,leadership_change,19,False,1.0,0.7131,1,1
ACC-001968,Davis Inc,Manufacturing,51-200,0.535,compliance_mandate,9,False,1.0,0.8643,1,0
ACC-001969,Cox PLC,Healthcare,201-1000,0.766,none,19,True,1.0,0.6983,1,1
ACC-001970,Pineda-Chapman,Insurance,201-1000,0.751,tech_refresh,100,False,0.0,0.5376,0,1
ACC-001971,Mendez Ltd,Government,51-200,0.545,tech_refresh,18,False,1.0,0.7047,1,0
ACC-001972,"Little, Page and Lee",Manufacturing,51-200,0.632,none,92,False,1.0,0.619,1,0
ACC-001973,Freeman-Horn,Government,201-1000,0.69,tech_refresh,19,False,1.0,0.4223,1,1
ACC-001974,Villegas-Ryan,Healthcare,5000+,0.786,none,52,True,0.0,0.198,0,1
ACC-001975,"Richardson, Freeman and Melton",Technology,51-200,0.487,funding_round,36,False,1.0,0.2685,0,0
ACC-001976,Daniels-Walker,Legal,1001-5000,0.955,funding_round,9,False,0.0,0.1634,0,1
ACC-001977,Gay-Booker,Government,1-50,0.65,funding_round,40,False,1.0,0.6955,1,1
ACC-001978,"Patel, Anderson and Mcdonald",Real Estate,1-50,0.665,none,3,False,1.0,0.6506,1,1
ACC-001979,Gonzalez and Sons,Healthcare,1-50,0.634,funding_round,26,False,1.0,0.7658,1,0
ACC-001980,Johnson PLC,Technology,1001-5000,0.393,none,36,False,0.0,0.359,0,0
ACC-001981,Heath and Sons,Healthcare,1001-5000,0.73,none,75,False,1.0,0.7176,1,1
ACC-001982,"Henderson, Walker and Mcdonald",Government,1-50,0.678,funding_round,9,False,1.0,0.5809,1,1
ACC-001983,Adams Group,Retail,51-200,0.599,leadership_change,4,False,1.0,0.6604,1,0
ACC-001984,"Hebert, Graham and Williams",Legal,51-200,0.966,none,2,False,1.0,0.8697,1,1
ACC-001985,Trevino Ltd,Manufacturing,5000+,0.392,leadership_change,7,False,1.0,0.7695,0,0
ACC-001986,Mahoney-Johnson,Technology,1001-5000,0.633,tech_refresh,50,False,1.0,0.6544,1,0
ACC-001987,Rowland LLC,Financial Services,5000+,0.791,compliance_mandate,86,False,0.0,0.5127,0,1
ACC-001988,Banks-White,Real Estate,51-200,0.972,tech_refresh,11,False,1.0,0.7464,1,1
ACC-001989,Young-Day,Technology,1-50,0.771,compliance_mandate,5,False,0.0,0.8277,0,1
ACC-001990,Martin LLC,Healthcare,1-50,0.658,none,59,False,1.0,0.8002,1,1
ACC-001991,"Doyle, Garcia and Hernandez",Real Estate,51-200,0.676,none,12,False,0.0,,0,1
ACC-001992,Knapp-Guerrero,Technology,51-200,0.493,none,11,False,1.0,0.7489,0,0
ACC-001993,Hawkins and Sons,Financial Services,51-200,0.869,none,57,False,1.0,0.7779,1,1
ACC-001994,Francis PLC,Retail,1-50,0.274,none,42,False,0.0,0.0739,0,0
ACC-001995,"Henry, Gutierrez and Jackson",Insurance,1-50,0.779,none,81,False,1.0,0.784,1,1
ACC-001996,Johnson-Sweeney,Insurance,1-50,0.877,none,37,False,0.0,0.8092,0,1
ACC-001997,Bailey LLC,Retail,51-200,0.349,none,43,False,0.0,0.6336,0,0
ACC-001998,Nelson-Curtis,Technology,1001-5000,0.601,leadership_change,3,False,1.0,0.8538,1,0
ACC-001999,Smith-Carter,Financial Services,1001-5000,0.751,funding_round,25,False,1.0,0.5013,1,1
ACC-002000,Mcclain and Sons,Healthcare,201-1000,0.804,none,22,False,1.0,0.6389,1,1
ACC-002001,"White, Green and Gomez",Healthcare,51-200,0.494,none,32,False,1.0,0.6368,0,0
ACC-002002,Reeves-Gutierrez,Real Estate,51-200,0.842,funding_round,45,False,1.0,0.8112,1,1
ACC-002003,Johnson and Sons,Healthcare,201-1000,0.896,tech_refresh,28,False,1.0,0.7214,1,1
ACC-002004,Ward-Hawkins,Financial Services,1-50,0.787,none,18,True,0.0,0.7773,0,1
ACC-002005,Russell LLC,Legal,5000+,0.857,tech_refresh,82,False,1.0,0.8371,1,1
ACC-002006,"Sanford, Jones and Hughes",Real Estate,1-50,0.987,none,15,True,1.0,0.9264,1,1
ACC-002007,Johnson Ltd,Technology,1-50,0.485,none,6,True,1.0,0.722,0,0
ACC-002008,Roberts-Cruz,Technology,1-50,0.567,none,23,False,1.0,0.8229,1,0
ACC-002009,"Roberts, Contreras and Fisher",Retail,1-50,0.369,compliance_mandate,25,False,0.0,0.3934,0,0
ACC-002010,Chen and Sons,Retail,201-1000,0.4,tech_refresh,104,False,1.0,0.5944,0,0
ACC-002011,Foster-Stone,Healthcare,1-50,0.63,leadership_change,53,True,0.0,0.5274,0,0
ACC-002012,"Ward, Webster and Krueger",Real Estate,1001-5000,0.935,funding_round,38,False,1.0,0.5215,1,1
ACC-002013,"Williams, Moore and Richardson",Retail,201-1000,0.516,funding_round,59,True,0.0,0.38,0,0
ACC-002014,Marks-Knight,Technology,1001-5000,0.626,none,17,False,1.0,0.8563,1,0
ACC-002015,Olson-Hart,Manufacturing,1-50,0.616,none,3,False,1.0,0.8379,1,0
ACC-002016,"Crawford, Flynn and Smith",Legal,201-1000,0.69,none,7,True,1.0,0.8197,1,1
ACC-002017,"Jenkins, Jones and Williams",Manufacturing,1-50,0.217,none,73,True,0.0,,0,0
ACC-002018,Brooks PLC,Real Estate,1-50,0.805,funding_round,14,True,1.0,0.9201,1,1
ACC-002019,Edwards Ltd,Healthcare,201-1000,0.622,none,4,True,1.0,0.7831,1,0
ACC-002020,Armstrong-Garza,Insurance,1001-5000,0.756,none,38,False,1.0,0.483,1,1
ACC-002021,Harvey and Sons,Financial Services,201-1000,0.686,none,9,False,0.0,0.7211,0,1
ACC-002022,Cox Ltd,Financial Services,201-1000,0.771,leadership_change,1,False,0.0,0.3207,0,1
ACC-002023,Petty-Mendez,Legal,1-50,1.0,leadership_change,6,False,0.0,0.3288,0,1
ACC-002024,"Rodriguez, Williamson and Quinn",Financial Services,201-1000,0.853,leadership_change,8,False,1.0,0.8152,1,1
ACC-002025,Andersen Ltd,Retail,201-1000,0.284,none,14,False,1.0,0.3245,0,0
ACC-002026,Bowen-Olson,Technology,51-200,0.432,leadership_change,8,True,1.0,0.8951,0,0
ACC-002027,"Thomas, Vang and Bird",Legal,51-200,0.965,none,12,False,1.0,0.5757,1,1
ACC-002028,Contreras-Cole,Financial Services,51-200,0.86,none,14,True,1.0,0.7795,1,1
ACC-002029,Kelly-Howell,Legal,1-50,0.794,leadership_change,5,True,1.0,0.5974,1,1
ACC-002030,Johnson Group,Legal,51-200,1.0,none,7,False,1.0,0.6803,1,1
ACC-002031,"Gay, Harrison and Pratt",Legal,1-50,0.904,none,5,True,0.0,0.8545,0,1
ACC-002032,"Smith, Wu and Hall",Legal,51-200,0.795,compliance_mandate,10,False,1.0,0.8679,1,1
ACC-002033,"Shaw, Cox and Burgess",Manufacturing,5000+,0.386,none,50,False,0.0,0.234,0,0
ACC-002034,"Barrett, Reynolds and Smith",Government,51-200,0.914,compliance_mandate,25,False,1.0,0.8106,1,1
ACC-002035,Howard-Wilson,Healthcare,201-1000,0.636,none,41,False,1.0,0.5391,1,0
ACC-002036,"Elliott, Gilbert and Larsen",Government,201-1000,0.535,none,18,True,1.0,0.4044,1,0
ACC-002037,"Moran, Johnson and Sanders",Government,1-50,0.633,funding_round,23,True,1.0,0.6626,1,0
ACC-002038,"Yang, Dunn and Diaz",Government,1-50,0.813,none,7,False,1.0,0.7167,1,1
ACC-002039,Moss-Miles,Financial Services,51-200,0.721,none,15,True,1.0,0.9368,1,1
ACC-002040,Hayden Ltd,Healthcare,201-1000,0.588,compliance_mandate,16,False,1.0,0.7833,1,0
ACC-002041,Hancock-Burns,Real Estate,5000+,0.753,none,1,True,0.0,,0,1
ACC-002042,"Harmon, Powers and Joyce",Healthcare,51-200,0.672,none,19,True,1.0,0.7983,1,1
ACC-002043,Cantu-Pacheco,Legal,51-200,0.849,leadership_change,51,False,0.0,0.0694,0,1
ACC-002044,Ware-Lewis,Healthcare,51-200,0.797,none,17,True,1.0,0.4703,1,1
ACC-002045,Peterson Inc,Financial Services,1-50,0.661,none,17,False,1.0,0.6493,1,1
ACC-002046,Knox-Brown,Legal,1-50,1.0,none,24,False,1.0,0.627,1,1
ACC-002047,Morris-Butler,Healthcare,201-1000,0.72,none,9,False,1.0,0.8102,1,1
ACC-002048,Barber LLC,Manufacturing,1-50,0.556,none,65,True,0.0,,0,0
ACC-002049,Powell-Taylor,Government,1-50,0.631,none,88,False,1.0,0.5497,1,0
ACC-002050,Garza-Smith,Legal,1-50,0.952,none,6,False,1.0,0.7924,1,1
ACC-002051,"Bell, Garcia and Robinson",Manufacturing,1-50,0.348,none,2,False,0.0,0.0918,0,0
ACC-002052,Terrell-Lane,Real Estate,201-1000,0.75,compliance_mandate,44,False,1.0,0.943,1,1
ACC-002053,Harris Ltd,Technology,201-1000,0.516,tech_refresh,43,False,1.0,0.6557,1,0
ACC-002054,Anderson-Vasquez,Retail,1-50,0.603,none,50,False,1.0,0.7619,1,0
ACC-002055,Sutton LLC,Healthcare,51-200,0.481,none,3,False,0.0,,0,0
ACC-002056,"Cole, Nichols and Harrell",Healthcare,5000+,0.458,none,39,False,1.0,0.8415,0,0
ACC-002057,Robinson-Thomas,Technology,201-1000,0.662,funding_round,2,True,1.0,0.7709,1,1
ACC-002058,"Johnson, Clarke and Anderson",Real Estate,1001-5000,0.771,none,93,True,1.0,0.7698,1,1
ACC-002059,Burton-Williams,Retail,1-50,0.531,compliance_mandate,32,False,1.0,0.8216,1,0
ACC-002060,"Gray, Farmer and Smith",Technology,1-50,0.556,compliance_mandate,33,False,1.0,0.8439,1,0
ACC-002061,Brown-Pace,Real Estate,1-50,0.695,none,3,False,1.0,0.7691,1,1
ACC-002062,Sutton-Gomez,Government,201-1000,0.532,compliance_mandate,27,False,0.0,0.5687,0,0
ACC-002063,Sullivan Inc,Legal,1-50,0.762,none,6,False,1.0,0.6803,1,1
ACC-002064,"Melton, Daniels and Bell",Retail,51-200,0.352,funding_round,20,False,1.0,0.2624,0,0
ACC-002065,Bautista-Andersen,Financial Services,201-1000,0.798,none,62,False,0.0,0.4755,0,1
ACC-002066,"Proctor, Murphy and Walker",Legal,51-200,0.991,none,1,True,1.0,0.7929,1,1
ACC-002067,Weiss Inc,Real Estate,1-50,1.0,leadership_change,106,False,1.0,0.7387,1,1
ACC-002068,"Hess, Smith and Salinas",Technology,1-50,0.439,none,24,False,1.0,0.8315,0,0
ACC-002069,Woods PLC,Manufacturing,1001-5000,0.214,leadership_change,2,True,1.0,0.735,0,0
ACC-002070,"Velasquez, Pennington and Mccormick",Retail,1-50,0.218,none,0,False,1.0,0.7969,0,0
ACC-002071,"Johnson, Johnson and Henderson",Financial Services,51-200,0.806,none,14,False,1.0,0.4494,1,1
ACC-002072,Elliott-Miles,Government,1001-5000,0.564,none,0,False,0.0,0.0645,0,0
ACC-002073,Jones-Flynn,Manufacturing,51-200,0.395,tech_refresh,49,True,1.0,0.6663,0,0
ACC-002074,"Chambers, Vargas and Davidson",Insurance,51-200,0.703,none,0,False,1.0,0.7658,1,1
ACC-002075,Keith Ltd,Legal,51-200,0.948,compliance_mandate,0,False,1.0,0.9226,1,1
ACC-002076,Davis LLC,Financial Services,1-50,0.882,leadership_change,19,False,1.0,0.4823,1,1
ACC-002077,Johnson-Wilson,Government,1-50,0.699,leadership_change,7,False,1.0,0.7601,1,1
ACC-002078,"Morton, Floyd and Castro",Technology,1-50,0.631,compliance_mandate,34,True,1.0,0.9335,1,0
ACC-002079,Morales-Atkinson,Technology,51-200,0.723,none,38,False,0.0,0.1652,0,1
ACC-002080,King-Hanson,Manufacturing,1-50,0.403,none,57,False,0.0,0.3474,0,0
ACC-002081,"Burke, Pitts and Rivera",Real Estate,1-50,0.923,none,12,False,1.0,0.6179,1,1
ACC-002082,Gray and Sons,Legal,51-200,0.756,none,45,True,1.0,0.8517,1,1
ACC-002083,Taylor LLC,Retail,1-50,0.305,none,39,False,1.0,0.8151,0,0
ACC-002084,"Santos, Bell and Mcknight",Retail,1001-5000,0.083,none,54,False,0.0,0.5052,0,0
ACC-002085,Hernandez LLC,Manufacturing,1-50,0.318,none,60,False,1.0,0.6391,0,0
ACC-002086,Pham PLC,Legal,201-1000,0.739,none,68,False,1.0,0.5267,1,1
ACC-002087,"Moran, Cooper and Meza",Technology,201-1000,0.835,none,5,False,1.0,0.7924,1,1
ACC-002088,Weiss-Waters,Legal,1001-5000,0.984,none,7,False,0.0,,0,1
ACC-002089,Keller-Smith,Legal,51-200,0.987,none,73,True,1.0,0.7216,1,1
ACC-002090,Bradley Group,Insurance,5000+,0.632,none,16,False,0.0,,0,0
ACC-002091,Johnson Group,Legal,1-50,0.897,none,1,False,1.0,0.7524,1,1
ACC-002092,Rivera-Curry,Financial Services,1-50,0.914,none,33,False,1.0,0.7955,1,1
ACC-002093,Wallace-Harris,Government,201-1000,0.73,none,8,False,1.0,0.7639,1,1
ACC-002094,Hudson LLC,Healthcare,1-50,0.414,none,7,False,1.0,0.6773,0,0
ACC-002095,"White, Taylor and Goodwin",Legal,51-200,0.723,none,60,False,1.0,0.5304,1,1
ACC-002096,Heath-Nguyen,Healthcare,201-1000,0.571,tech_refresh,52,True,1.0,0.8241,1,0
ACC-002097,"Miller, Sanders and Medina",Retail,51-200,0.136,funding_round,18,False,0.0,0.5487,0,0
ACC-002098,Woods-Herrera,Real Estate,51-200,0.86,none,31,False,0.0,0.4338,0,1
ACC-002099,"Thompson, Williamson and White",Real Estate,51-200,0.94,funding_round,3,False,1.0,0.6643,1,1
ACC-002100,Scott-Moore,Manufacturing,5000+,0.377,none,15,False,1.0,0.5819,0,0
ACC-002101,"Holland, Black and Townsend",Healthcare,201-1000,0.591,leadership_change,30,False,1.0,0.7979,1,0
ACC-002102,"Miller, Sanders and Grimes",Manufacturing,51-200,0.471,none,46,True,1.0,0.6481,0,0
ACC-002103,Smith-Brewer,Retail,1-50,0.273,tech_refresh,16,False,0.0,0.6579,0,0
ACC-002104,Johnson-Holloway,Insurance,51-200,0.645,tech_refresh,8,False,1.0,0.8987,1,0
ACC-002105,Webster Group,Real Estate,1-50,0.814,funding_round,24,False,1.0,0.7832,1,1
ACC-002106,Gutierrez-Oliver,Financial Services,1-50,0.882,none,56,False,1.0,0.8471,1,1
ACC-002107,"Carlson, Sullivan and Kline",Retail,51-200,0.483,compliance_mandate,24,False,1.0,0.9148,0,0
ACC-002108,Johnson Group,Government,51-200,0.75,none,33,True,0.0,0.6085,0,1
ACC-002109,Parker-Morgan,Healthcare,51-200,0.707,funding_round,1,True,1.0,0.8517,1,1
ACC-002110,Gordon-Wilson,Manufacturing,1001-5000,0.535,none,139,False,0.0,0.2142,0,0
ACC-002111,Hernandez Ltd,Real Estate,5000+,0.696,none,41,False,1.0,0.6918,1,1
ACC-002112,Ross-Herrera,Real Estate,1-50,0.97,leadership_change,92,True,1.0,0.8718,1,1
ACC-002113,Thompson Ltd,Financial Services,1001-5000,0.852,tech_refresh,2,False,1.0,0.6998,1,1
ACC-002114,Hayes Ltd,Insurance,1001-5000,0.601,none,95,False,0.0,0.1399,0,0
ACC-002115,Johnson Inc,Insurance,51-200,0.953,none,26,False,1.0,0.8374,1,1
ACC-002116,Ashley-Estrada,Insurance,1-50,0.784,leadership_change,33,True,0.0,0.2516,0,1
ACC-002117,Carter and Sons,Legal,201-1000,0.944,funding_round,58,False,1.0,0.6923,1,1
ACC-002118,"Velasquez, Greene and Shaw",Legal,1-50,1.0,none,25,True,1.0,0.866,1,1
ACC-002119,Zimmerman Ltd,Real Estate,1-50,0.74,none,6,False,0.0,,0,1
ACC-002120,"Mccormick, Lewis and Blackwell",Retail,1-50,0.398,none,9,False,1.0,0.3442,0,0
ACC-002121,Castro-Shaw,Financial Services,1-50,0.895,none,35,False,1.0,0.6981,1,1
ACC-002122,Miller and Sons,Financial Services,1-50,0.887,funding_round,28,False,1.0,0.8723,1,1
ACC-002123,Walker PLC,Insurance,1-50,0.757,none,82,True,1.0,0.6257,1,1
ACC-002124,Cortez Ltd,Technology,201-1000,0.501,none,32,False,0.0,0.6875,0,0
ACC-002125,Hawkins Ltd,Retail,51-200,0.551,none,20,False,0.0,0.5789,0,0
ACC-002126,"Hubbard, Morgan and Ruiz",Government,201-1000,0.76,leadership_change,118,False,1.0,0.8331,1,1
ACC-002127,Mathews and Sons,Real Estate,51-200,0.669,compliance_mandate,57,False,1.0,0.7788,1,1
ACC-002128,"Nunez, Hardy and Kelly",Government,5000+,0.746,leadership_change,23,False,1.0,0.8019,1,1
ACC-002129,Powell Inc,Insurance,1-50,0.661,leadership_change,12,False,1.0,0.5033,1,1
ACC-002130,Wright Group,Real Estate,201-1000,0.722,none,6,False,1.0,0.761,1,1
ACC-002131,Garcia Group,Manufacturing,1-50,0.452,none,57,False,0.0,0.6403,0,0
ACC-002132,Hernandez-Stone,Technology,1001-5000,0.508,tech_refresh,10,True,1.0,0.5616,1,0
ACC-002133,Perez-Rivera,Legal,1001-5000,0.991,funding_round,18,False,1.0,0.9075,1,1
ACC-002134,"Aguilar, Chung and Mendez",Technology,201-1000,0.574,none,3,True,1.0,0.6768,1,0
ACC-002135,Robertson and Sons,Technology,1-50,0.44,compliance_mandate,17,False,1.0,0.708,0,0
ACC-002136,Velasquez Inc,Government,51-200,0.392,none,57,False,0.0,0.4036,0,0
ACC-002137,Williams and Sons,Legal,1001-5000,1.0,none,54,False,1.0,0.809,1,1
ACC-002138,"Johnson, Jackson and Bradley",Retail,1-50,0.268,none,79,False,0.0,0.5734,0,0
ACC-002139,Williams-Wallace,Government,1-50,0.612,none,22,True,1.0,0.6804,1,0
ACC-002140,"Young, Brooks and Ellison",Healthcare,201-1000,0.589,compliance_mandate,30,False,0.0,0.5601,0,0
ACC-002141,"Hatfield, Moran and Carter",Financial Services,51-200,0.814,tech_refresh,7,False,1.0,0.7456,1,1
ACC-002142,"Strickland, Robinson and Ferrell",Healthcare,51-200,0.685,funding_round,68,True,1.0,0.9356,1,1
ACC-002143,"Alvarado, Evans and Bolton",Financial Services,1-50,0.663,none,49,False,1.0,0.8218,1,1
ACC-002144,"Edwards, Farley and Mcmahon",Technology,51-200,0.425,none,18,False,1.0,0.7059,0,0
ACC-002145,Ross-Kennedy,Financial Services,201-1000,0.77,none,27,False,1.0,0.806,1,1
ACC-002146,Parker PLC,Healthcare,5000+,0.635,tech_refresh,44,False,0.0,0.3915,0,0
ACC-002147,"Thompson, Daniel and Herrera",Government,201-1000,0.832,none,36,False,1.0,0.4708,1,1
ACC-002148,Ryan-Vazquez,Insurance,201-1000,0.604,none,30,False,1.0,0.6235,1,0
ACC-002149,"Fletcher, Lowery and Bishop",Retail,201-1000,0.351,leadership_change,69,True,1.0,0.6102,0,0
ACC-002150,Maddox Inc,Technology,1001-5000,0.572,compliance_mandate,89,False,0.0,0.6361,0,0
ACC-002151,Vargas Ltd,Manufacturing,51-200,0.698,none,7,False,0.0,0.491,0,1
ACC-002152,"Hoffman, Barnett and Castillo",Real Estate,51-200,0.763,none,72,False,1.0,0.8396,1,1
ACC-002153,"Wilson, Jordan and Woods",Healthcare,1-50,0.634,leadership_change,7,False,0.0,0.4154,0,0
ACC-002154,"Graves, Sherman and Sanchez",Real Estate,51-200,0.825,leadership_change,5,False,1.0,0.6249,1,1
ACC-002155,Hayes-Mitchell,Healthcare,1-50,0.58,none,7,False,1.0,0.8762,1,0
ACC-002156,"Lopez, Johnson and Mcconnell",Government,1-50,0.677,none,10,False,1.0,0.7322,1,1
ACC-002157,"Olson, Anderson and Harvey",Retail,1-50,0.48,none,91,False,1.0,0.6814,0,0
ACC-002158,"Perkins, James and Jones",Healthcare,51-200,0.518,none,2,True,0.0,0.2849,0,0
ACC-002159,Rogers LLC,Legal,1-50,0.82,funding_round,60,False,1.0,0.5847,1,1
ACC-002160,Wiggins-Fisher,Technology,51-200,0.559,compliance_mandate,1,False,0.0,0.1128,0,0
ACC-002161,"Harrison, Zimmerman and Herring",Government,1001-5000,0.37,none,24,True,1.0,0.89,0,0
ACC-002162,Herrera LLC,Legal,1-50,0.904,none,61,False,1.0,0.622,1,1
ACC-002163,Moreno LLC,Insurance,51-200,0.932,none,122,True,1.0,0.7517,1,1
ACC-002164,"Hill, Rojas and Fitzpatrick",Technology,1-50,0.847,tech_refresh,19,False,1.0,0.8669,1,1
ACC-002165,Woods-Henry,Real Estate,1-50,0.988,none,0,False,1.0,0.8231,1,1
ACC-002166,"Parker, Edwards and Johnston",Technology,1001-5000,0.365,none,50,True,1.0,0.5777,0,0
ACC-002167,Pierce-Mejia,Manufacturing,201-1000,0.467,none,23,False,0.0,0.3982,0,0
ACC-002168,Harris Group,Technology,51-200,0.406,funding_round,2,False,1.0,0.7893,0,0
ACC-002169,Evans Inc,Technology,5000+,0.485,none,82,False,0.0,0.3341,0,0
ACC-002170,Harvey-West,Retail,51-200,0.306,none,3,True,0.0,0.2701,0,0
ACC-002171,Hernandez and Sons,Real Estate,51-200,0.731,funding_round,15,False,1.0,0.7269,1,1
ACC-002172,"Wood, Lee and Lewis",Insurance,51-200,0.903,leadership_change,55,False,1.0,0.8735,1,1
ACC-002173,Tucker-Jones,Real Estate,51-200,0.745,none,46,True,0.0,0.5336,0,1
ACC-002174,Elliott-Carrillo,Insurance,201-1000,0.68,none,1,False,1.0,0.6697,1,1
ACC-002175,Holt PLC,Manufacturing,5000+,0.543,tech_refresh,10,False,1.0,0.8383,1,0
ACC-002176,Cole-Pratt,Technology,1001-5000,0.42,leadership_change,204,False,0.0,0.471,0,0
ACC-002177,Mann PLC,Insurance,201-1000,0.775,none,17,False,1.0,0.7405,1,1
ACC-002178,Allen Ltd,Government,1-50,0.639,none,22,False,0.0,,0,0
ACC-002179,"Miranda, Velasquez and Robbins",Legal,1-50,1.0,funding_round,2,False,0.0,0.5962,0,1
ACC-002180,"Lin, Montgomery and Brown",Insurance,201-1000,0.911,funding_round,18,True,0.0,0.7233,0,1
ACC-002181,"Parker, Barnes and Davis",Real Estate,51-200,0.84,none,3,False,1.0,0.709,1,1
ACC-002182,Mcclure Inc,Legal,201-1000,0.861,none,34,True,1.0,0.8462,1,1
ACC-002183,"Sullivan, Jackson and Smith",Healthcare,51-200,0.616,leadership_change,6,False,1.0,0.8974,1,0
ACC-002184,Skinner Inc,Real Estate,1001-5000,0.914,funding_round,6,False,0.0,0.5083,0,1
ACC-002185,"Hernandez, Mcmillan and Baker",Insurance,51-200,0.662,none,36,False,1.0,0.4053,1,1
ACC-002186,"Watson, Ellis and Phillips",Healthcare,51-200,0.651,compliance_mandate,4,False,1.0,0.7058,1,1
ACC-002187,Hall Group,Technology,201-1000,0.347,none,21,True,1.0,0.4551,0,0
ACC-002188,"Obrien, Butler and Hoffman",Financial Services,201-1000,0.974,none,0,False,1.0,0.7542,1,1
ACC-002189,"Simmons, Cook and Martinez",Real Estate,1001-5000,0.755,leadership_change,6,False,1.0,0.9057,1,1
ACC-002190,Smith-Bailey,Financial Services,1-50,0.679,none,34,True,1.0,0.6821,1,1
ACC-002191,Mcdaniel Inc,Retail,201-1000,0.538,none,44,False,1.0,0.5041,1,0
ACC-002192,"Gutierrez, Krause and Bass",Manufacturing,201-1000,0.459,compliance_mandate,19,False,0.0,0.0669,0,0
ACC-002193,Gilbert and Sons,Legal,5000+,1.0,none,68,False,1.0,0.6458,1,1
ACC-002194,Marsh Ltd,Technology,51-200,0.454,tech_refresh,37,False,1.0,0.3299,0,0
ACC-002195,Johnson Group,Real Estate,51-200,0.788,none,3,True,0.0,0.2838,0,1
ACC-002196,Bass Inc,Technology,1-50,0.359,none,6,True,1.0,0.2642,0,0
ACC-002197,Willis-Malone,Manufacturing,1-50,0.462,none,32,False,1.0,0.4327,0,0
ACC-002198,Hendricks Group,Legal,201-1000,0.792,none,31,False,1.0,0.6029,1,1
ACC-002199,Erickson-Dixon,Retail,51-200,0.383,leadership_change,3,False,1.0,0.5065,0,0
ACC-002200,Howard and Sons,Insurance,51-200,0.682,none,43,False,1.0,0.7153,1,1
ACC-002201,"Lee, Nelson and Walker",Government,201-1000,0.705,none,72,False,1.0,0.8875,1,1
ACC-002202,Browning-Allen,Manufacturing,1-50,0.438,none,126,False,1.0,0.6459,0,0
ACC-002203,"Bryant, Garrett and Obrien",Financial Services,51-200,0.772,none,3,False,1.0,0.9319,1,1
ACC-002204,"Murray, Tran and Sanchez",Government,201-1000,0.668,tech_refresh,24,False,0.0,,0,1
ACC-002205,"Gonzalez, Zhang and Roberts",Insurance,1-50,0.769,compliance_mandate,20,False,1.0,0.7987,1,1
ACC-002206,Saunders-Romero,Legal,201-1000,0.94,none,0,True,1.0,0.8804,1,1
ACC-002207,Mathis-Robinson,Technology,201-1000,0.578,none,12,False,0.0,0.1453,0,0
ACC-002208,Scott-Parker,Government,51-200,0.583,none,36,False,0.0,0.8345,0,0
ACC-002209,Gomez-Dickson,Financial Services,1-50,1.0,none,29,True,1.0,0.7612,1,1
ACC-002210,"Madden, Martinez and Cruz",Legal,1-50,0.745,none,35,True,1.0,0.9093,1,1
ACC-002211,"Schaefer, Rivera and Nunez",Financial Services,201-1000,0.945,tech_refresh,14,False,0.0,,0,1
ACC-002212,Taylor PLC,Government,1-50,0.488,tech_refresh,19,False,1.0,0.8646,0,0
ACC-002213,Sanchez-Warren,Manufacturing,1-50,0.283,leadership_change,40,False,0.0,0.4758,0,0
ACC-002214,Torres and Sons,Real Estate,201-1000,0.938,funding_round,57,False,1.0,0.7767,1,1
ACC-002215,Vasquez and Sons,Retail,5000+,0.443,none,5,True,1.0,0.8382,0,0
ACC-002216,Williams Group,Manufacturing,1001-5000,0.315,funding_round,51,False,1.0,0.5546,0,0
ACC-002217,Campbell and Sons,Technology,1001-5000,0.605,none,61,False,1.0,0.5002,1,0
ACC-002218,Riddle LLC,Legal,51-200,0.837,none,71,False,1.0,0.6693,1,1
ACC-002219,"Reynolds, Jones and Baker",Healthcare,51-200,0.4,none,16,True,1.0,0.8527,0,0
ACC-002220,Jones and Sons,Retail,51-200,0.332,funding_round,2,False,1.0,0.5018,0,0
ACC-002221,"Lambert, Morrow and Delacruz",Real Estate,51-200,0.793,funding_round,35,False,1.0,0.5772,1,1
ACC-002222,"Hernandez, Chang and Wallace",Financial Services,51-200,0.697,none,12,False,1.0,0.7833,1,1
ACC-002223,Valenzuela-Castillo,Financial Services,51-200,0.883,none,49,False,1.0,0.8604,1,1
ACC-002224,Nielsen LLC,Technology,1-50,0.518,tech_refresh,5,False,1.0,0.3213,1,0
ACC-002225,Williamson Group,Real Estate,51-200,0.688,funding_round,10,False,0.0,0.5734,0,1
ACC-002226,Porter-Ortega,Technology,1-50,0.468,tech_refresh,6,False,0.0,0.3452,0,0
ACC-002227,Olsen-Smith,Insurance,1-50,1.0,tech_refresh,76,False,1.0,0.8797,1,1
ACC-002228,"Young, Pham and Burke",Government,51-200,0.521,compliance_mandate,9,True,1.0,0.9238,1,0
ACC-002229,Johnson PLC,Healthcare,1-50,0.738,none,12,False,1.0,0.7675,1,1
ACC-002230,"Odom, Gaines and Walker",Legal,1-50,0.833,none,75,False,1.0,0.3939,1,1
ACC-002231,"Owen, Ray and Spears",Government,51-200,0.611,none,24,False,1.0,0.6025,1,0
ACC-002232,"Hughes, Stone and Black",Technology,51-200,0.57,leadership_change,1,True,1.0,0.9213,1,0
ACC-002233,"Taylor, Johnson and Ford",Retail,51-200,0.566,none,0,False,1.0,0.5825,1,0
ACC-002234,Dean Ltd,Financial Services,201-1000,0.884,tech_refresh,55,False,1.0,0.6411,1,1
ACC-002235,"Mendoza, Mcdonald and Foley",Government,1-50,0.635,funding_round,34,False,0.0,0.6421,0,0
ACC-002236,"Hill, Smith and Holt",Retail,5000+,0.41,tech_refresh,26,True,1.0,0.6602,0,0
ACC-002237,Williams-Brown,Insurance,201-1000,0.724,none,8,False,1.0,0.7239,1,1
ACC-002238,Mcintyre-Mercado,Healthcare,1-50,0.663,funding_round,131,False,1.0,0.8426,1,1
ACC-002239,Maddox-Steele,Financial Services,51-200,0.864,compliance_mandate,0,False,0.0,0.7552,0,1
ACC-002240,Frye-Maxwell,Insurance,51-200,0.478,none,64,False,1.0,0.5656,0,0
ACC-002241,Smith PLC,Retail,1001-5000,0.385,none,39,False,1.0,0.6538,0,0
ACC-002242,Brooks Group,Government,201-1000,0.465,compliance_mandate,11,False,1.0,0.3641,0,0
ACC-002243,Rios-Lindsey,Healthcare,1001-5000,0.587,leadership_change,14,False,0.0,0.6638,0,0
ACC-002244,Schmidt-Bryan,Healthcare,51-200,0.556,none,28,False,1.0,0.6667,1,0
ACC-002245,Howell-Burke,Legal,1-50,0.786,compliance_mandate,24,False,0.0,0.5903,0,1
ACC-002246,Torres-Castillo,Legal,1-50,1.0,leadership_change,10,False,0.0,,0,1
ACC-002247,Mckinney and Sons,Healthcare,1-50,0.83,leadership_change,6,False,1.0,0.8334,1,1
ACC-002248,"Cohen, Dixon and Matthews",Retail,51-200,0.557,funding_round,1,False,1.0,0.6418,1,0
ACC-002249,Bradford Group,Insurance,51-200,0.724,none,8,False,1.0,0.7205,1,1
ACC-002250,Rivera-Hartman,Government,1-50,0.605,none,189,False,0.0,0.6505,0,0
ACC-002251,"Kelly, Strong and Wall",Healthcare,1001-5000,0.621,none,15,False,1.0,0.7081,1,0
ACC-002252,"Baker, Jensen and Harris",Insurance,1-50,0.631,compliance_mandate,12,True,0.0,0.8988,0,0
ACC-002253,"Eaton, Garrett and Phillips",Retail,201-1000,0.394,compliance_mandate,52,True,0.0,0.4438,0,0
ACC-002254,Turner-Glover,Insurance,1-50,0.677,none,56,False,0.0,0.3778,0,1
ACC-002255,"Atkins, Leach and Baker",Healthcare,51-200,0.538,none,62,False,1.0,0.857,1,0
ACC-002256,Conrad-Fernandez,Technology,1-50,0.488,none,5,True,1.0,0.663,0,0
ACC-002257,Gibson-Proctor,Insurance,201-1000,0.814,none,59,False,0.0,,0,1
ACC-002258,"Chavez, Martinez and Guzman",Financial Services,51-200,0.998,none,20,False,1.0,0.628,1,1
ACC-002259,"Taylor, Glover and Hill",Technology,201-1000,0.629,funding_round,7,False,1.0,0.1159,1,0
ACC-002260,Graham Group,Legal,201-1000,0.834,none,8,False,1.0,0.6368,1,1
ACC-002261,Johnson-Armstrong,Real Estate,51-200,0.803,funding_round,25,False,1.0,0.6605,1,1
ACC-002262,"Santiago, Berger and Walker",Insurance,1-50,0.641,funding_round,3,False,1.0,0.7361,1,0
ACC-002263,Brown Inc,Real Estate,51-200,0.58,tech_refresh,23,True,1.0,0.9061,1,0
ACC-002264,Soto LLC,Financial Services,51-200,1.0,none,26,False,1.0,0.6366,1,1
ACC-002265,"Blackburn, Soto and Evans",Real Estate,201-1000,1.0,funding_round,38,False,1.0,0.7264,1,1
ACC-002266,Kelly-Murray,Healthcare,1-50,0.872,none,10,False,1.0,0.7238,1,1
ACC-002267,Atkinson Ltd,Insurance,201-1000,0.764,none,4,False,0.0,0.6443,0,1
ACC-002268,Levine and Sons,Real Estate,201-1000,0.816,compliance_mandate,34,False,1.0,0.5572,1,1
ACC-002269,Macdonald-Wilson,Technology,201-1000,0.753,tech_refresh,21,False,1.0,0.7125,1,1
ACC-002270,Gross-French,Government,201-1000,0.645,tech_refresh,30,False,1.0,0.8178,1,0
ACC-002271,Delacruz-Carroll,Real Estate,201-1000,0.795,tech_refresh,46,False,1.0,0.5755,1,1
ACC-002272,"Torres, Hunter and Garrett",Technology,1-50,0.552,leadership_change,2,False,1.0,0.562,1,0
ACC-002273,"Davis, Brooks and Weaver",Retail,51-200,0.631,none,42,False,0.0,0.2758,0,0
ACC-002274,Smith-Bell,Legal,5000+,0.738,none,11,False,1.0,0.5455,1,1
ACC-002275,Taylor Group,Manufacturing,201-1000,0.362,leadership_change,30,False,1.0,0.688,0,0
ACC-002276,"Edwards, Matthews and Carter",Legal,201-1000,0.919,leadership_change,24,False,1.0,0.8196,1,1
ACC-002277,Jones-Lynch,Financial Services,51-200,0.817,none,15,False,1.0,0.7065,1,1
ACC-002278,Wood-White,Retail,1-50,0.446,none,17,True,0.0,,0,0
ACC-002279,Morrow-Sutton,Insurance,201-1000,0.459,funding_round,22,False,0.0,,0,0
ACC-002280,Bird-Crawford,Healthcare,201-1000,0.519,none,73,False,0.0,0.3447,0,0
ACC-002281,Stewart-Austin,Healthcare,51-200,0.574,none,5,True,1.0,0.808,1,0
ACC-002282,Wallace-Wade,Manufacturing,51-200,0.422,none,41,True,1.0,0.6227,0,0
ACC-002283,"Wade, Myers and Hill",Retail,201-1000,0.348,none,3,False,1.0,0.6108,0,0
ACC-002284,"Hill, Johnson and Clark",Government,51-200,0.379,none,0,True,1.0,0.895,0,0
ACC-002285,Robertson Group,Legal,1-50,0.792,leadership_change,20,True,1.0,0.8235,1,1
ACC-002286,Holder LLC,Retail,51-200,0.481,tech_refresh,17,False,0.0,0.1936,0,0
ACC-002287,Jones and Sons,Manufacturing,1001-5000,0.546,leadership_change,5,False,1.0,0.5945,1,0
ACC-002288,"Rodriguez, Lee and Nunez",Financial Services,201-1000,0.766,leadership_change,44,False,1.0,0.7637,1,1
ACC-002289,Schaefer LLC,Technology,1-50,0.509,none,5,False,1.0,0.6014,1,0
ACC-002290,Scott-Castro,Technology,201-1000,0.561,none,16,False,1.0,0.6567,1,0
ACC-002291,Porter-Conley,Legal,201-1000,0.94,none,18,True,1.0,0.8502,1,1
ACC-002292,"Woods, Stanton and Caldwell",Retail,5000+,0.253,none,84,False,0.0,0.357,0,0
ACC-002293,Pittman-Alvarado,Financial Services,51-200,0.879,tech_refresh,6,False,1.0,0.3763,1,1
ACC-002294,Brown-Davila,Manufacturing,201-1000,0.658,none,166,False,1.0,0.8845,1,1
ACC-002295,Flowers-Harris,Government,201-1000,0.619,none,15,False,1.0,0.6872,1,0
ACC-002296,Jacobs-Gilbert,Government,1-50,0.838,none,25,False,1.0,0.8459,1,1
ACC-002297,Torres-Thompson,Government,1001-5000,0.595,funding_round,6,False,1.0,0.744,1,0
ACC-002298,"Ford, Sanchez and Marshall",Financial Services,1-50,0.916,none,20,False,1.0,0.6369,1,1
ACC-002299,Holland PLC,Government,51-200,0.682,leadership_change,6,True,1.0,0.5464,1,1
ACC-002300,Clay Inc,Healthcare,51-200,0.629,funding_round,5,False,0.0,0.3604,0,0
ACC-002301,Miller Inc,Financial Services,1-50,0.903,none,10,True,0.0,0.3126,0,1
ACC-002302,Mckinney and Sons,Legal,201-1000,1.0,leadership_change,41,False,1.0,0.7067,1,1
ACC-002303,Tucker-Avery,Technology,51-200,0.469,leadership_change,67,False,0.0,,0,0
ACC-002304,Collins-Green,Financial Services,201-1000,0.807,none,0,True,1.0,0.848,1,1
ACC-002305,"Mckee, Brown and Mcbride",Legal,201-1000,1.0,funding_round,40,False,1.0,0.814,1,1
ACC-002306,Franklin Ltd,Healthcare,1-50,0.618,funding_round,22,False,0.0,0.7469,0,0
ACC-002307,"Jackson, Moreno and Johnson",Manufacturing,5000+,0.277,none,38,False,1.0,0.6891,0,0
ACC-002308,Ford and Sons,Technology,1-50,0.636,none,99,False,0.0,0.5943,0,0
ACC-002309,Randall PLC,Financial Services,1-50,0.817,none,21,True,1.0,0.871,1,1
ACC-002310,Andrews Inc,Manufacturing,201-1000,0.577,compliance_mandate,13,False,1.0,0.7645,1,0
ACC-002311,Hall and Sons,Manufacturing,1-50,0.579,none,2,True,1.0,0.8127,1,0
ACC-002312,Hill Group,Government,1-50,0.65,none,92,False,1.0,0.6873,1,1
ACC-002313,"Curry, Fischer and Harris",Legal,51-200,0.864,tech_refresh,28,True,1.0,0.8026,1,1
ACC-002314,Brown Ltd,Technology,51-200,0.468,none,22,False,0.0,0.1734,0,0
ACC-002315,Cook-Hansen,Technology,5000+,0.505,none,36,False,1.0,0.2557,1,0
ACC-002316,Dyer and Sons,Legal,1-50,0.849,funding_round,20,False,0.0,,0,1
ACC-002317,Bean-Hamilton,Financial Services,1-50,0.815,funding_round,47,False,1.0,0.8202,1,1
ACC-002318,"Stephens, Wallace and Hall",Retail,1-50,0.45,tech_refresh,5,True,1.0,0.6709,0,0
ACC-002319,Wilson Ltd,Retail,201-1000,0.589,none,26,True,0.0,,0,0
ACC-002320,"Glenn, Martinez and Duke",Technology,51-200,0.694,leadership_change,16,False,0.0,0.5215,0,1
ACC-002321,Morgan-Eaton,Manufacturing,1001-5000,0.705,none,2,False,0.0,0.2117,0,1
ACC-002322,Brown and Sons,Manufacturing,201-1000,0.32,none,9,False,1.0,0.7887,0,0
ACC-002323,Blake-Barrett,Technology,51-200,0.529,funding_round,31,False,1.0,0.5519,1,0
ACC-002324,"Guzman, Banks and Lopez",Financial Services,201-1000,0.917,tech_refresh,10,False,0.0,0.7068,0,1
ACC-002325,"Hernandez, Pennington and Vega",Legal,201-1000,0.738,none,1,False,1.0,0.5748,1,1
ACC-002326,"Johnson, Roman and Page",Healthcare,1-50,0.639,tech_refresh,39,False,0.0,0.3083,0,0
ACC-002327,"Armstrong, Sanford and Conley",Legal,1-50,0.923,funding_round,51,True,1.0,0.4853,1,1
ACC-002328,Jackson and Sons,Healthcare,5000+,0.856,funding_round,0,True,1.0,0.8334,1,1
ACC-002329,Hall PLC,Healthcare,51-200,0.562,funding_round,48,False,1.0,0.741,1,0
ACC-002330,Taylor Group,Healthcare,1-50,0.598,none,36,False,1.0,0.3278,1,0
ACC-002331,"Ibarra, Snyder and Flores",Insurance,201-1000,0.718,funding_round,6,False,1.0,0.7344,1,1
ACC-002332,"Mckee, Washington and Small",Manufacturing,1-50,0.493,none,55,False,1.0,0.3455,0,0
ACC-002333,Pennington-Smith,Technology,1-50,0.413,none,31,False,1.0,0.6297,0,0
ACC-002334,Mendoza-Hendrix,Healthcare,51-200,0.532,compliance_mandate,10,False,1.0,0.7919,1,0
ACC-002335,"Diaz, Coleman and Wilkins",Legal,201-1000,0.867,none,13,False,1.0,0.8474,1,1
ACC-002336,Ponce PLC,Legal,1-50,0.779,none,9,False,1.0,0.7295,1,1
ACC-002337,Mclaughlin-Turner,Healthcare,1001-5000,0.688,none,83,False,1.0,0.8018,1,1
ACC-002338,Bradshaw Inc,Healthcare,1001-5000,0.773,none,50,False,0.0,0.2285,0,1
ACC-002339,White-Nelson,Healthcare,51-200,0.812,tech_refresh,3,False,1.0,0.6826,1,1
ACC-002340,Jackson-Jefferson,Retail,51-200,0.488,none,18,False,1.0,0.6179,0,0
ACC-002341,Cox-Roberson,Healthcare,51-200,0.638,none,38,False,0.0,0.8222,0,0
ACC-002342,Price and Sons,Legal,201-1000,0.86,none,48,False,1.0,0.3542,1,1
ACC-002343,"Velasquez, Bell and Thomas",Real Estate,51-200,0.79,none,19,False,1.0,0.8359,1,1
ACC-002344,Vazquez Group,Government,1-50,0.911,none,127,False,1.0,0.8444,1,1
ACC-002345,Reese PLC,Insurance,51-200,1.0,compliance_mandate,10,False,0.0,0.3103,0,1
ACC-002346,Thompson LLC,Manufacturing,1-50,0.392,none,20,False,0.0,0.3692,0,0
ACC-002347,Romero-Taylor,Healthcare,51-200,0.658,none,4,True,1.0,0.77,1,1
ACC-002348,Irwin-Mendoza,Manufacturing,201-1000,0.416,funding_round,4,False,1.0,0.2619,0,0
ACC-002349,"Travis, Eaton and Carter",Financial Services,5000+,0.663,none,29,False,0.0,0.6365,0,1
ACC-002350,Christensen Inc,Healthcare,201-1000,0.804,tech_refresh,5,True,0.0,0.3606,0,1
ACC-002351,"Peterson, Palmer and Keith",Government,1001-5000,0.586,none,6,False,1.0,0.7115,1,0
ACC-002352,"Webb, Stanley and Perkins",Government,51-200,0.575,funding_round,23,False,1.0,0.7319,1,0
ACC-002353,"Werner, Tate and Barnes",Financial Services,51-200,0.713,none,0,False,1.0,0.34,1,1
ACC-002354,Krueger-Mays,Retail,1-50,0.399,funding_round,8,False,1.0,0.3306,0,0
ACC-002355,Hoffman-Campbell,Government,1-50,0.633,compliance_mandate,43,False,1.0,0.4581,1,0
ACC-002356,Andrews-Martinez,Insurance,5000+,0.689,none,13,False,0.0,0.6363,0,1
ACC-002357,Cruz Group,Retail,51-200,0.534,none,12,False,1.0,0.7843,1,0
ACC-002358,Prince LLC,Legal,51-200,0.73,none,30,False,0.0,0.278,0,1
ACC-002359,"Williams, Reese and Hughes",Government,51-200,0.546,none,10,False,0.0,0.6656,0,0
ACC-002360,Cherry Inc,Insurance,1-50,0.699,leadership_change,51,False,1.0,0.7045,1,1
ACC-002361,"Collins, Robinson and Weaver",Financial Services,1001-5000,1.0,compliance_mandate,10,False,1.0,0.9411,1,1
ACC-002362,Butler-Mitchell,Real Estate,1-50,0.959,none,106,False,1.0,0.7826,1,1
ACC-002363,Kelley Group,Financial Services,5000+,0.781,funding_round,5,False,1.0,0.7823,1,1
ACC-002364,Young Ltd,Healthcare,5000+,0.584,none,44,False,1.0,0.7613,1,0
ACC-002365,"Castaneda, Santiago and Davidson",Real Estate,51-200,0.634,funding_round,47,False,1.0,0.6539,1,0
ACC-002366,"Gibson, Johnson and Maynard",Insurance,1-50,0.816,none,1,False,1.0,0.5087,1,1
ACC-002367,Cannon-Park,Technology,1001-5000,0.467,none,21,False,1.0,0.6337,0,0
ACC-002368,Butler PLC,Government,1-50,0.459,none,30,False,1.0,0.479,0,0
ACC-002369,Daniel PLC,Real Estate,201-1000,0.779,none,41,False,0.0,0.502,0,1
ACC-002370,Smith Group,Real Estate,51-200,0.924,compliance_mandate,1,True,1.0,0.8429,1,1
ACC-002371,"Brown, Harvey and Owens",Government,1-50,0.687,none,21,False,1.0,0.6457,1,1
ACC-002372,Tran LLC,Retail,51-200,0.145,none,59,True,1.0,0.7624,0,0
ACC-002373,Moore LLC,Healthcare,1001-5000,0.698,none,15,False,1.0,0.7796,1,1
ACC-002374,Velazquez Ltd,Insurance,1-50,0.783,none,24,True,1.0,0.7405,1,1
ACC-002375,Roman and Sons,Real Estate,1-50,0.996,none,11,True,1.0,0.847,1,1
ACC-002376,Wright PLC,Manufacturing,201-1000,0.506,tech_refresh,12,False,1.0,0.7815,1,0
ACC-002377,Gilmore PLC,Financial Services,51-200,0.85,compliance_mandate,14,True,1.0,0.842,1,1
ACC-002378,Everett and Sons,Legal,1001-5000,0.9,none,32,False,1.0,0.751,1,1
ACC-002379,Collier PLC,Real Estate,51-200,0.777,compliance_mandate,10,False,1.0,0.9001,1,1
ACC-002380,Cooper LLC,Financial Services,51-200,1.0,none,5,True,0.0,,0,1
ACC-002381,Bennett Ltd,Retail,5000+,0.29,funding_round,12,False,0.0,0.4538,0,0
ACC-002382,Hinton PLC,Government,201-1000,0.316,funding_round,11,False,1.0,0.6966,0,0
ACC-002383,Stafford Inc,Retail,51-200,0.321,leadership_change,32,False,1.0,0.767,0,0
ACC-002384,Martin LLC,Retail,201-1000,0.12,none,1,False,0.0,0.7466,0,0
ACC-002385,"Lowe, Hamilton and Carroll",Retail,1-50,0.324,none,24,False,1.0,0.5685,0,0
ACC-002386,Peters PLC,Financial Services,1-50,0.921,tech_refresh,10,False,1.0,0.8959,1,1
ACC-002387,Fitzpatrick PLC,Healthcare,1-50,0.64,none,19,False,1.0,0.7434,1,0
ACC-002388,Barnes Ltd,Insurance,1-50,0.572,leadership_change,1,False,0.0,,0,0
ACC-002389,Carter-Wade,Retail,51-200,0.464,none,45,True,1.0,0.9172,0,0
ACC-002390,Thompson-Perez,Financial Services,201-1000,0.933,none,57,False,1.0,0.786,1,1
ACC-002391,"Morris, Berger and Olson",Technology,201-1000,0.577,none,3,False,1.0,0.8466,1,0
ACC-002392,Smith Ltd,Manufacturing,5000+,0.438,none,0,False,0.0,0.4208,0,0
ACC-002393,"Griffin, Leon and Gonzalez",Technology,1-50,0.693,funding_round,20,False,1.0,0.6756,1,1
ACC-002394,"Hooper, Miller and Evans",Insurance,5000+,0.731,none,85,True,1.0,0.8769,1,1
ACC-002395,Miller and Sons,Manufacturing,1-50,0.457,none,14,False,1.0,0.307,0,0
ACC-002396,Cherry LLC,Technology,201-1000,0.589,tech_refresh,7,False,0.0,0.622,0,0
ACC-002397,Smith PLC,Manufacturing,1-50,0.58,none,6,False,1.0,0.7182,1,0
ACC-002398,Colon Inc,Retail,201-1000,0.415,leadership_change,3,False,1.0,0.7447,0,0
ACC-002399,Ayala Inc,Manufacturing,51-200,0.531,leadership_change,4,True,1.0,0.8222,1,0
ACC-002400,Johnson-Brown,Government,201-1000,0.44,funding_round,43,False,0.0,0.5683,0,0
ACC-002401,"Kelly, White and Decker",Financial Services,1-50,0.762,none,13,False,1.0,0.8258,1,1
ACC-002402,Reeves-Herrera,Real Estate,51-200,1.0,none,9,False,1.0,0.6011,1,1
ACC-002403,Hawkins Group,Technology,201-1000,0.432,none,10,True,1.0,0.8034,0,0
ACC-002404,"Barnes, Williams and Newton",Government,1-50,0.678,compliance_mandate,5,False,1.0,0.6591,1,1
ACC-002405,"Rogers, James and Richards",Financial Services,201-1000,0.752,compliance_mandate,27,False,1.0,0.7247,1,1
ACC-002406,Moreno PLC,Healthcare,51-200,0.569,none,20,True,1.0,0.8601,1,0
ACC-002407,Phillips-Martinez,Government,1-50,0.587,none,46,False,1.0,0.6963,1,0
ACC-002408,Evans PLC,Government,51-200,0.53,leadership_change,11,True,1.0,0.831,1,0
ACC-002409,"Gray, Hansen and Green",Legal,51-200,0.944,leadership_change,30,False,1.0,0.7568,1,1
ACC-002410,Buckley Group,Government,201-1000,0.571,compliance_mandate,5,False,0.0,,0,0
ACC-002411,Robinson PLC,Healthcare,1-50,0.593,funding_round,29,False,1.0,0.6594,1,0
ACC-002412,"Barnes, Ortiz and Savage",Insurance,51-200,0.624,leadership_change,28,False,1.0,0.6627,1,0
ACC-002413,"Willis, Rodriguez and Scott",Government,1-50,0.568,none,61,False,0.0,,0,0
ACC-002414,"Martinez, Dyer and Clark",Financial Services,51-200,0.653,leadership_change,2,False,1.0,0.2336,1,1
ACC-002415,Fletcher Group,Legal,1-50,0.963,none,18,False,1.0,0.5422,1,1
ACC-002416,Scott-Conrad,Legal,201-1000,0.845,none,21,False,1.0,0.6822,1,1
ACC-002417,"Stewart, Sanchez and Thompson",Legal,51-200,0.644,none,10,False,0.0,0.3339,0,0
ACC-002418,Johnson-Johnson,Healthcare,51-200,0.541,none,50,False,0.0,,0,0
ACC-002419,Blair-Morse,Insurance,1-50,0.918,tech_refresh,3,False,1.0,0.729,1,1
ACC-002420,Wagner-Frey,Technology,1001-5000,0.448,none,9,False,1.0,0.7725,0,0
ACC-002421,"Miller, Lucas and Kelley",Retail,1-50,0.364,none,32,False,1.0,0.741,0,0
ACC-002422,Wright-Duran,Healthcare,1-50,0.523,none,2,False,1.0,0.3635,1,0
ACC-002423,"Brown, Williams and Vazquez",Real Estate,201-1000,0.931,none,9,False,0.0,,0,1
ACC-002424,"Marquez, May and Wilson",Technology,201-1000,0.398,none,5,False,1.0,0.479,0,0
ACC-002425,Dudley-Ortega,Healthcare,51-200,0.615,leadership_change,7,False,1.0,0.7708,1,0
ACC-002426,"Harrell, Fritz and Miller",Healthcare,1-50,0.856,funding_round,10,True,1.0,0.7913,1,1
ACC-002427,Johnson LLC,Retail,1-50,0.497,funding_round,5,False,0.0,0.359,0,0
ACC-002428,Evans PLC,Technology,5000+,0.465,none,40,True,0.0,0.6709,0,0
ACC-002429,Stewart-Spears,Retail,51-200,0.305,none,0,False,1.0,0.6728,0,0
ACC-002430,Aguirre-Garcia,Financial Services,1-50,0.885,compliance_mandate,7,False,1.0,0.6409,1,1
ACC-002431,"Salas, Johnson and Taylor",Insurance,51-200,0.764,none,1,False,1.0,0.8438,1,1
ACC-002432,Nunez and Sons,Insurance,51-200,0.665,none,8,False,1.0,0.7413,1,1
ACC-002433,Hurst-Nichols,Government,1-50,0.68,none,28,False,0.0,0.2174,0,1
ACC-002434,Scott Ltd,Retail,201-1000,0.394,none,112,False,1.0,0.453,0,0
ACC-002435,"Ferguson, Johnson and Woods",Real Estate,1-50,0.871,funding_round,27,False,0.0,,0,1
ACC-002436,Bruce-Allen,Financial Services,1-50,0.835,none,40,True,0.0,0.8087,0,1
ACC-002437,"Huber, Lee and Patterson",Technology,201-1000,0.447,leadership_change,4,False,0.0,0.2331,0,0
ACC-002438,"Miller, Navarro and Browning",Insurance,51-200,0.875,leadership_change,41,False,0.0,0.2141,0,1
ACC-002439,Brown Group,Insurance,1001-5000,0.569,tech_refresh,10,False,1.0,0.2823,1,0
ACC-002440,"Ruiz, Taylor and Thomas",Retail,1001-5000,0.179,none,8,False,0.0,0.5852,0,0
ACC-002441,Guerrero-Tyler,Financial Services,1-50,0.896,none,4,False,1.0,0.8458,1,1
ACC-002442,Herman Ltd,Healthcare,1001-5000,0.482,none,3,False,0.0,0.1611,0,0
ACC-002443,"Walker, Cox and Taylor",Insurance,51-200,0.687,leadership_change,0,False,1.0,0.8986,1,1
ACC-002444,Evans-Macias,Insurance,51-200,0.613,tech_refresh,35,False,1.0,0.8484,1,0
ACC-002445,Blevins Inc,Government,1001-5000,0.69,tech_refresh,28,False,1.0,0.8156,1,1
ACC-002446,Ryan-Singleton,Healthcare,1-50,0.584,funding_round,62,False,1.0,0.777,1,0
ACC-002447,"Nichols, Martinez and Cortez",Real Estate,51-200,0.866,funding_round,15,True,1.0,0.9259,1,1
ACC-002448,"Jackson, Norman and Martinez",Manufacturing,201-1000,0.755,none,90,False,0.0,0.4438,0,1
ACC-002449,"Brown, Garcia and Briggs",Manufacturing,201-1000,0.578,none,29,False,0.0,0.3575,0,0
ACC-002450,"Bowman, Wilson and Lucas",Financial Services,201-1000,0.839,tech_refresh,11,False,1.0,0.807,1,1
ACC-002451,Rodriguez Ltd,Healthcare,1001-5000,0.749,funding_round,114,False,1.0,0.7205,1,1
ACC-002452,Martin PLC,Healthcare,1-50,0.876,none,13,False,1.0,0.7018,1,1
ACC-002453,Wells-Mills,Healthcare,51-200,0.584,tech_refresh,2,False,0.0,0.4526,0,0
ACC-002454,Tran and Sons,Government,51-200,0.628,none,3,False,1.0,0.2153,1,0
ACC-002455,Holmes-Andrews,Retail,5000+,0.472,leadership_change,29,True,1.0,0.5453,0,0
ACC-002456,Thomas-Edwards,Healthcare,1001-5000,0.67,none,16,False,0.0,0.57,0,1
ACC-002457,Frazier-Rivera,Legal,1-50,1.0,leadership_change,19,False,1.0,0.7814,1,1
ACC-002458,Luna and Sons,Government,51-200,0.521,none,4,False,1.0,0.5196,1,0
ACC-002459,Stevens and Sons,Financial Services,51-200,0.962,tech_refresh,7,False,1.0,0.7776,1,1
ACC-002460,Vargas-Wells,Real Estate,201-1000,0.876,tech_refresh,9,False,1.0,0.8227,1,1
ACC-002461,Gonzalez PLC,Healthcare,51-200,0.472,tech_refresh,9,False,0.0,0.4628,0,0
ACC-002462,"Patel, Carter and Anderson",Technology,5000+,0.292,none,25,False,1.0,0.7393,0,0
ACC-002463,Jacobs-Williams,Government,51-200,0.427,none,6,True,0.0,0.862,0,0
ACC-002464,Lopez LLC,Healthcare,1-50,0.917,none,8,False,1.0,0.8186,1,1
ACC-002465,Harrison-Jenkins,Healthcare,51-200,0.661,none,0,False,1.0,0.7088,1,1
ACC-002466,Bradley-Dougherty,Healthcare,1-50,0.827,none,2,False,1.0,0.659,1,1
ACC-002467,Mendoza-Russell,Financial Services,1-50,0.945,compliance_mandate,7,True,1.0,0.7555,1,1
ACC-002468,"Martin, Wang and Edwards",Manufacturing,1-50,0.496,none,15,False,1.0,0.6865,0,0
ACC-002469,Weiss LLC,Technology,1-50,0.73,funding_round,113,False,1.0,0.7097,1,1
ACC-002470,Long-Ferguson,Healthcare,1-50,0.61,none,25,True,1.0,0.942,1,0
ACC-002471,Aguilar and Sons,Manufacturing,51-200,0.211,leadership_change,59,False,1.0,0.4078,0,0
ACC-002472,Arnold and Sons,Healthcare,51-200,0.701,none,106,False,1.0,0.8085,1,1
ACC-002473,"Hubbard, Martin and Casey",Insurance,51-200,0.795,leadership_change,44,False,0.0,0.6174,0,1
ACC-002474,"Pearson, Torres and Campos",Retail,51-200,0.309,funding_round,41,False,1.0,0.2591,0,0
ACC-002475,"Barber, Wright and Robinson",Technology,201-1000,0.842,funding_round,101,False,1.0,0.9407,1,1
ACC-002476,"Williams, Perkins and Johnson",Retail,1-50,0.497,funding_round,14,False,0.0,0.5084,0,0
ACC-002477,"Duncan, Duran and Richardson",Real Estate,1-50,0.876,compliance_mandate,2,False,1.0,0.7278,1,1
ACC-002478,"Lee, Wilson and Wilcox",Manufacturing,51-200,0.475,none,67,False,0.0,0.378,0,0
ACC-002479,"Guerra, Rhodes and Lynch",Technology,201-1000,0.553,none,21,False,0.0,0.2913,0,0
ACC-002480,Savage LLC,Insurance,201-1000,0.781,compliance_mandate,22,False,1.0,0.3866,1,1
ACC-002481,"Dominguez, Rogers and Mcdonald",Real Estate,1001-5000,0.785,funding_round,26,False,1.0,0.729,1,1
ACC-002482,Powers PLC,Technology,1-50,0.427,leadership_change,20,False,1.0,0.5711,0,0
ACC-002483,Santana PLC,Retail,1-50,0.396,none,34,False,1.0,0.7073,0,0
ACC-002484,Riddle-Mack,Legal,1-50,0.915,none,56,True,1.0,0.8518,1,1
ACC-002485,"Carlson, Silva and Howell",Manufacturing,201-1000,0.348,leadership_change,7,False,0.0,0.344,0,0
ACC-002486,"Sanchez, Warner and Weber",Retail,1-50,0.47,none,25,False,1.0,0.4108,0,0
ACC-002487,May Ltd,Manufacturing,1-50,0.342,leadership_change,56,False,0.0,0.2366,0,0
ACC-002488,"Christian, Mclean and Hughes",Government,51-200,0.665,none,52,False,0.0,,0,1
ACC-002489,Meza-Thomas,Insurance,1001-5000,0.705,compliance_mandate,0,False,1.0,0.8763,1,1
ACC-002490,Thompson-Peck,Healthcare,201-1000,0.67,none,22,True,1.0,0.9372,1,1
ACC-002491,Horn Ltd,Real Estate,51-200,0.652,leadership_change,58,False,1.0,0.528,1,1
ACC-002492,Silva-Harris,Retail,51-200,0.408,none,47,False,1.0,0.413,0,0
ACC-002493,Wilson Group,Real Estate,201-1000,0.902,none,34,False,1.0,0.8452,1,1
ACC-002494,Murphy Inc,Real Estate,1-50,0.745,none,10,False,1.0,0.8015,1,1
ACC-002495,Wong and Sons,Government,1-50,0.538,tech_refresh,18,False,1.0,0.9403,1,0
ACC-002496,Morgan PLC,Healthcare,51-200,0.77,none,55,True,1.0,0.1822,1,1
ACC-002497,Young LLC,Government,1-50,0.458,compliance_mandate,7,False,1.0,0.4826,0,0
ACC-002498,Foster-Miranda,Healthcare,51-200,0.684,compliance_mandate,6,False,0.0,0.4489,0,1
ACC-002499,Simpson Group,Real Estate,1-50,0.771,leadership_change,20,False,1.0,0.7737,1,1
ACC-002500,Allen LLC,Government,51-200,0.548,none,19,False,1.0,0.3651,1,0
ACC-002501,Powell Inc,Healthcare,1001-5000,0.581,none,78,False,1.0,0.5576,1,0
ACC-002502,"Hernandez, West and Paul",Real Estate,51-200,0.836,leadership_change,12,False,1.0,0.7415,1,1
ACC-002503,"Pearson, Escobar and Ward",Government,51-200,0.538,none,143,False,1.0,0.7079,1,0
ACC-002504,Bryant Inc,Technology,1-50,0.592,none,10,False,0.0,0.5416,0,0
ACC-002505,Thomas Ltd,Technology,51-200,0.417,none,132,True,0.0,0.5294,0,0
ACC-002506,Martinez LLC,Insurance,201-1000,0.679,funding_round,22,False,1.0,0.7338,1,1
ACC-002507,"Brooks, Mcgrath and Price",Insurance,201-1000,0.754,none,43,False,1.0,0.5268,1,1
ACC-002508,"Randolph, Drake and Tucker",Technology,201-1000,0.75,compliance_mandate,58,False,1.0,0.8339,1,1
ACC-002509,"Parker, Benton and Johnson",Legal,51-200,0.889,none,45,False,1.0,0.8016,1,1
ACC-002510,"Higgins, Roberson and Jordan",Manufacturing,1001-5000,0.437,none,19,False,1.0,0.5521,0,0
ACC-002511,Watkins-Bruce,Retail,1-50,0.498,compliance_mandate,1,False,0.0,0.3346,0,0
ACC-002512,Sanders PLC,Government,1001-5000,0.654,tech_refresh,74,False,1.0,0.7523,1,1
ACC-002513,"Hartman, Scott and Aguilar",Technology,201-1000,0.346,none,52,True,1.0,0.7883,0,0
ACC-002514,Zimmerman-Banks,Legal,1-50,0.902,none,33,False,0.0,0.2835,0,1
ACC-002515,Jordan PLC,Insurance,51-200,0.876,none,19,False,1.0,0.6994,1,1
ACC-002516,"Murillo, Arnold and Jackson",Financial Services,1-50,0.791,none,18,False,1.0,0.7906,1,1
ACC-002517,Williams LLC,Legal,5000+,0.718,tech_refresh,34,False,1.0,0.9269,1,1
ACC-002518,"Cole, Mitchell and Carlson",Healthcare,201-1000,0.532,none,2,False,1.0,0.587,1,0
ACC-002519,Young PLC,Government,1001-5000,0.555,leadership_change,0,False,1.0,0.7822,1,0
ACC-002520,Rose and Sons,Government,51-200,0.722,none,17,False,1.0,0.8694,1,1
ACC-002521,Rogers Inc,Real Estate,51-200,0.674,leadership_change,21,False,1.0,0.5173,1,1
ACC-002522,Barrera and Sons,Legal,1001-5000,1.0,tech_refresh,112,False,1.0,0.7931,1,1
ACC-002523,Greene PLC,Financial Services,1001-5000,0.994,leadership_change,75,False,1.0,0.8547,1,1
ACC-002524,Curry-Hughes,Manufacturing,51-200,0.48,none,10,False,0.0,,0,0
ACC-002525,Harris-Harris,Real Estate,1-50,0.849,none,11,False,0.0,,0,1
ACC-002526,Wilson LLC,Legal,201-1000,0.695,leadership_change,24,False,1.0,0.8201,1,1
ACC-002527,Adams Ltd,Technology,1-50,0.379,funding_round,42,False,0.0,,0,0
ACC-002528,Harris-Nelson,Government,1001-5000,0.512,funding_round,28,False,1.0,0.6113,1,0
ACC-002529,"Dominguez, Jones and Ramirez",Legal,1001-5000,0.814,none,17,True,1.0,0.7723,1,1
ACC-002530,"Thompson, Cannon and Miller",Government,1001-5000,0.498,compliance_mandate,3,True,1.0,0.7773,0,0
ACC-002531,"Davis, Smith and Gomez",Legal,51-200,0.897,none,10,True,0.0,,0,1
ACC-002532,Carpenter-Carey,Insurance,201-1000,0.76,none,16,False,1.0,0.5831,1,1
ACC-002533,Warner-Sanders,Healthcare,201-1000,0.675,leadership_change,48,False,0.0,0.1499,0,1
ACC-002534,Carpenter PLC,Retail,51-200,0.481,none,29,False,1.0,0.8112,0,0
ACC-002535,"Perez, Smith and Perez",Technology,51-200,0.699,none,2,False,0.0,0.3979,0,1
ACC-002536,Smith LLC,Manufacturing,201-1000,0.485,none,3,False,0.0,0.2382,0,0
ACC-002537,Hernandez and Sons,Real Estate,1-50,0.333,funding_round,0,False,1.0,0.9151,0,0
ACC-002538,Miller-Khan,Legal,1-50,0.981,none,5,False,1.0,0.3579,1,1
ACC-002539,"Mccoy, Lopez and Clark",Government,1001-5000,0.659,compliance_mandate,4,False,1.0,0.6585,1,1
ACC-002540,Byrd PLC,Technology,51-200,0.78,tech_refresh,9,False,1.0,0.6933,1,1
ACC-002541,Houston Inc,Legal,1-50,0.976,none,31,True,1.0,0.5485,1,1
ACC-002542,King PLC,Government,1-50,0.514,none,9,False,1.0,0.523,1,0
ACC-002543,Tran-Brown,Retail,201-1000,0.447,none,45,False,1.0,0.7148,0,0
ACC-002544,"Cantrell, Stone and Adams",Real Estate,1001-5000,0.866,compliance_mandate,19,False,0.0,0.8251,0,1
ACC-002545,"Bryant, Anthony and Harrell",Legal,51-200,0.689,tech_refresh,4,False,1.0,0.8558,1,1
ACC-002546,Romero Ltd,Real Estate,1-50,0.768,leadership_change,66,False,0.0,0.3127,0,1
ACC-002547,"Leach, Weaver and Stephens",Technology,51-200,0.492,funding_round,7,False,0.0,,0,0
ACC-002548,"Campbell, King and Yoder",Real Estate,1001-5000,0.664,none,73,False,1.0,0.2903,1,1
ACC-002549,Marshall-Dennis,Technology,1001-5000,0.781,tech_refresh,16,False,1.0,0.8228,1,1
ACC-002550,"Powell, Hill and Scott",Manufacturing,201-1000,0.347,none,14,False,1.0,0.677,0,0
ACC-002551,Stevens-Copeland,Government,51-200,0.574,compliance_mandate,10,False,1.0,0.6637,1,0
ACC-002552,"Jimenez, Yang and French",Technology,1-50,0.355,none,54,False,1.0,0.4254,0,0
ACC-002553,Parsons-Chandler,Manufacturing,1-50,0.199,compliance_mandate,41,False,1.0,0.6448,0,0
ACC-002554,"Brown, Clay and Smith",Healthcare,1-50,0.584,none,36,False,1.0,0.5786,1,0
ACC-002555,"Davis, Sims and Oneill",Insurance,1-50,0.805,leadership_change,127,False,1.0,0.7124,1,1
ACC-002556,"Brown, Avila and Coleman",Legal,1-50,0.74,tech_refresh,32,False,1.0,0.6876,1,1
ACC-002557,Wheeler PLC,Retail,1001-5000,0.387,none,5,False,0.0,0.1321,0,0
ACC-002558,Hanna Inc,Healthcare,1-50,0.684,none,3,False,0.0,0.1207,0,1
ACC-002559,Powers-Cobb,Financial Services,51-200,0.911,compliance_mandate,31,False,1.0,0.9445,1,1
ACC-002560,Boyle PLC,Insurance,51-200,0.92,compliance_mandate,28,False,1.0,0.5621,1,1
ACC-002561,"Garcia, Dudley and Turner",Financial Services,5000+,0.875,none,27,False,1.0,0.8014,1,1
ACC-002562,"Graves, Webb and Mann",Government,1-50,0.564,none,16,False,0.0,0.6309,0,0
ACC-002563,Farley Ltd,Insurance,5000+,0.598,funding_round,0,True,1.0,0.7456,1,0
ACC-002564,Vargas and Sons,Healthcare,1001-5000,0.8,none,28,False,1.0,0.7669,1,1
ACC-002565,Brown-Bond,Financial Services,51-200,0.846,none,37,False,1.0,0.6522,1,1
ACC-002566,"Nixon, Ramsey and Chambers",Insurance,1-50,0.815,tech_refresh,0,False,1.0,0.528,1,1
ACC-002567,"Mccarthy, Flores and Nelson",Retail,51-200,0.327,none,21,False,1.0,0.8774,0,0
ACC-002568,Benson-Johns,Retail,201-1000,0.566,compliance_mandate,81,False,1.0,0.4073,1,0
ACC-002569,Patterson-Mercado,Financial Services,51-200,0.886,compliance_mandate,42,False,1.0,0.6617,1,1
ACC-002570,Abbott and Sons,Healthcare,201-1000,0.769,none,44,False,1.0,0.1348,1,1
ACC-002571,"Smith, Johnson and Lewis",Real Estate,51-200,0.967,leadership_change,75,False,1.0,0.7439,1,1
ACC-002572,"Scott, Rios and Davenport",Insurance,51-200,0.612,none,8,False,0.0,0.6031,0,0
ACC-002573,Torres and Sons,Healthcare,51-200,0.478,compliance_mandate,17,False,1.0,0.4672,0,0
ACC-002574,Hawkins Group,Technology,51-200,0.792,funding_round,39,False,1.0,0.6724,1,1
ACC-002575,"White, Rosario and Martinez",Healthcare,201-1000,0.621,tech_refresh,30,False,0.0,0.4034,0,0
ACC-002576,"Wilson, Barnett and Moyer",Healthcare,51-200,0.869,none,9,False,1.0,0.5722,1,1
ACC-002577,Johnson-Daniel,Insurance,51-200,0.682,none,30,False,0.0,0.2527,0,1
ACC-002578,"Thompson, Ortega and Gordon",Insurance,51-200,0.705,leadership_change,141,False,1.0,0.7055,1,1
ACC-002579,Gutierrez-Huang,Manufacturing,51-200,0.435,none,11,False,1.0,0.4887,0,0
ACC-002580,Perez LLC,Insurance,1-50,1.0,none,3,True,1.0,0.8877,1,1
ACC-002581,"Webb, Williams and Miller",Healthcare,1-50,0.596,compliance_mandate,4,False,1.0,0.7635,1,0
ACC-002582,Cooper-Cole,Healthcare,51-200,0.711,none,89,False,1.0,0.7515,1,1
ACC-002583,"Gaines, James and Flores",Manufacturing,1-50,0.428,tech_refresh,53,True,1.0,0.6426,0,0
ACC-002584,King and Sons,Financial Services,51-200,0.771,tech_refresh,46,True,1.0,0.8608,1,1
ACC-002585,Keller-Sweeney,Retail,5000+,0.402,none,1,True,1.0,0.6791,0,0
ACC-002586,Diaz Ltd,Healthcare,51-200,0.637,leadership_change,72,False,0.0,,0,0
ACC-002587,"Holt, Wood and Mckenzie",Insurance,5000+,0.786,funding_round,11,False,0.0,0.7563,0,1
ACC-002588,Sosa Ltd,Manufacturing,1-50,0.315,none,18,False,1.0,0.6649,0,0
ACC-002589,Adams LLC,Healthcare,51-200,0.525,none,137,True,1.0,0.7144,1,0
ACC-002590,Morris and Sons,Insurance,201-1000,0.667,none,15,True,1.0,0.8718,1,1
ACC-002591,"Dyer, Davis and Perkins",Financial Services,201-1000,0.786,none,21,False,1.0,0.3785,1,1
ACC-002592,Stewart-Silva,Insurance,201-1000,0.759,none,50,True,1.0,0.6284,1,1
ACC-002593,Thomas and Sons,Healthcare,1-50,0.662,leadership_change,11,False,1.0,0.7272,1,1
ACC-002594,"Adams, Henderson and Avila",Government,201-1000,0.605,leadership_change,14,True,0.0,0.8016,0,0
ACC-002595,Wagner-Avila,Legal,1-50,0.937,none,15,False,1.0,0.8501,1,1
ACC-002596,Marshall Ltd,Legal,51-200,0.83,tech_refresh,25,False,1.0,0.7872,1,1
ACC-002597,"Burke, Miller and Perez",Retail,5000+,0.23,none,5,True,1.0,0.7745,0,0
ACC-002598,Luna-Reed,Government,201-1000,0.482,leadership_change,48,False,1.0,0.5102,0,0
ACC-002599,"Rivera, Rubio and Rogers",Real Estate,1-50,0.816,none,10,False,1.0,0.5918,1,1
ACC-002600,Tyler-Williams,Insurance,1-50,0.698,none,1,False,0.0,0.5229,0,1
ACC-002601,Kelly-King,Retail,51-200,0.557,leadership_change,43,False,0.0,0.4598,0,0
ACC-002602,Harding-Randall,Government,1001-5000,0.629,funding_round,34,False,0.0,0.2891,0,0
ACC-002603,Rodriguez Inc,Government,1-50,0.56,funding_round,20,False,0.0,0.3084,0,0
ACC-002604,"Stewart, Kent and Gilbert",Retail,201-1000,0.406,leadership_change,96,True,0.0,0.2006,0,0
ACC-002605,"Rowland, Gibson and Miller",Manufacturing,1-50,0.498,tech_refresh,16,True,1.0,0.8662,0,0
ACC-002606,Rodriguez-Howard,Technology,1-50,0.506,leadership_change,13,False,0.0,,0,0
ACC-002607,Brown-Callahan,Healthcare,1-50,0.579,leadership_change,47,False,1.0,0.7793,1,0
ACC-002608,Williams-Smith,Retail,51-200,0.288,none,98,False,0.0,0.805,0,0
ACC-002609,Baxter-Vaughan,Legal,1-50,0.946,leadership_change,67,False,1.0,0.659,1,1
ACC-002610,Collins-Brown,Government,201-1000,0.383,none,10,False,0.0,0.5645,0,0
ACC-002611,Adams PLC,Legal,1-50,0.799,none,64,False,0.0,,0,1
ACC-002612,Cochran and Sons,Government,201-1000,0.701,funding_round,58,False,1.0,0.8141,1,1
ACC-002613,Carpenter Ltd,Retail,5000+,0.435,funding_round,62,False,1.0,0.5014,0,0
ACC-002614,Huber LLC,Legal,1-50,1.0,funding_round,19,False,0.0,0.1683,0,1
ACC-002615,"Osborne, Johnson and York",Manufacturing,1-50,0.511,tech_refresh,57,False,0.0,0.6647,0,0
ACC-002616,Benjamin-Baldwin,Manufacturing,1-50,0.512,none,2,False,1.0,0.5444,1,0
ACC-002617,Coffey Group,Government,1-50,0.519,funding_round,30,False,1.0,0.7991,1,0
ACC-002618,Golden Inc,Manufacturing,201-1000,0.41,tech_refresh,5,False,0.0,0.1882,0,0
ACC-002619,Barnett Group,Insurance,1-50,0.849,none,0,True,1.0,0.5464,1,1
ACC-002620,"Williams, Hunt and Moore",Real Estate,1-50,0.719,none,56,False,1.0,0.8839,1,1
ACC-002621,"Hall, Gibson and Miller",Financial Services,201-1000,0.892,compliance_mandate,6,False,1.0,0.7685,1,1
ACC-002622,"Hayden, Anderson and Rivera",Technology,5000+,0.388,leadership_change,108,False,1.0,0.7181,0,0
ACC-002623,Hudson-Fischer,Technology,201-1000,0.535,none,29,False,0.0,0.1143,0,0
ACC-002624,Myers-Erickson,Healthcare,51-200,0.942,funding_round,1,True,0.0,,0,1
ACC-002625,Jacobs LLC,Legal,1-50,0.857,none,39,False,1.0,0.8045,1,1
ACC-002626,Adams-Green,Technology,51-200,0.442,none,18,False,1.0,0.4768,0,0
ACC-002627,Foster-Charles,Government,5000+,0.784,leadership_change,18,True,1.0,0.7416,1,1
ACC-002628,"Hunter, Johnson and Riggs",Financial Services,1-50,0.901,none,18,False,1.0,0.8627,1,1
ACC-002629,Coleman-Quinn,Manufacturing,1001-5000,0.354,tech_refresh,13,False,1.0,0.3833,0,0
ACC-002630,"Weaver, Shaffer and Manning",Government,51-200,0.795,tech_refresh,0,False,1.0,0.4895,1,1
ACC-002631,Adkins-Vazquez,Legal,51-200,0.933,compliance_mandate,6,False,1.0,0.6665,1,1
ACC-002632,Harvey-Wolfe,Manufacturing,51-200,0.497,funding_round,22,False,0.0,0.6452,0,0
ACC-002633,Carey-Hughes,Retail,201-1000,0.744,none,42,False,1.0,0.903,1,1
ACC-002634,Rivera and Sons,Healthcare,51-200,0.859,none,17,False,1.0,0.7639,1,1
ACC-002635,Russell LLC,Retail,1-50,0.362,leadership_change,21,False,0.0,0.3418,0,0
ACC-002636,"Parker, Ortiz and Williams",Real Estate,201-1000,0.646,funding_round,8,True,1.0,0.5527,1,0
ACC-002637,Lee and Sons,Government,5000+,0.537,compliance_mandate,102,False,0.0,0.2058,0,0
ACC-002638,"Moss, Sparks and Mann",Real Estate,1-50,0.895,funding_round,17,True,1.0,0.7678,1,1
ACC-002639,Mccullough-Miller,Manufacturing,5000+,0.557,none,20,False,0.0,0.0676,0,0
ACC-002640,Terry-Jackson,Real Estate,201-1000,0.776,none,6,True,1.0,0.3483,1,1
ACC-002641,Smith LLC,Technology,1001-5000,0.359,none,50,True,0.0,0.4572,0,0
ACC-002642,Dean Inc,Real Estate,51-200,0.898,none,39,False,1.0,0.643,1,1
ACC-002643,Hines and Sons,Technology,1-50,0.536,compliance_mandate,61,False,0.0,0.2397,0,0
ACC-002644,Prince-Gomez,Technology,51-200,0.623,none,38,False,1.0,0.7281,1,0
ACC-002645,Burke and Sons,Retail,1001-5000,0.424,none,62,False,1.0,0.4514,0,0
ACC-002646,"Johnson, Hill and Johnson",Government,201-1000,0.546,compliance_mandate,10,False,1.0,0.6879,1,0
ACC-002647,"Wilcox, Hunt and Joseph",Government,5000+,0.562,funding_round,0,True,1.0,0.6978,1,0
ACC-002648,Brown-Miller,Manufacturing,51-200,0.588,none,24,True,0.0,0.301,0,0
ACC-002649,"Mcdaniel, Perez and Hudson",Financial Services,201-1000,0.984,none,8,True,0.0,0.3086,0,1
ACC-002650,"Moody, Morris and Rice",Manufacturing,201-1000,0.416,none,182,False,1.0,0.7162,0,0
ACC-002651,Obrien LLC,Technology,201-1000,0.803,none,14,False,1.0,0.7304,1,1
ACC-002652,Davila-Hodge,Real Estate,5000+,0.466,leadership_change,10,True,1.0,0.6763,0,0
ACC-002653,Smith and Sons,Healthcare,201-1000,0.561,none,35,False,1.0,0.6164,1,0
ACC-002654,"Odonnell, Gibbs and Gonzalez",Retail,201-1000,0.233,none,19,False,1.0,0.5313,0,0
ACC-002655,Serrano and Sons,Real Estate,5000+,0.862,none,10,False,0.0,0.3625,0,1
ACC-002656,"Hunt, Glover and Rodriguez",Government,1-50,0.621,none,118,False,1.0,0.7723,1,0
ACC-002657,Allen and Sons,Insurance,1001-5000,0.729,compliance_mandate,1,False,0.0,0.2845,0,1
ACC-002658,Gonzales Inc,Insurance,51-200,0.788,none,7,False,1.0,0.8845,1,1
ACC-002659,"Romero, Booker and Ward",Real Estate,1-50,0.855,none,11,False,1.0,0.4347,1,1
ACC-002660,Smith Group,Insurance,51-200,0.634,compliance_mandate,4,False,1.0,0.4434,1,0
ACC-002661,"Melton, Woods and Curtis",Retail,1-50,0.285,none,12,False,1.0,0.769,0,0
ACC-002662,Gonzalez-Espinoza,Retail,1001-5000,0.293,none,71,False,0.0,0.2675,0,0
ACC-002663,"Foley, Jordan and Anderson",Manufacturing,51-200,0.356,leadership_change,30,False,1.0,0.7934,0,0
ACC-002664,Chavez Inc,Insurance,51-200,0.766,none,2,False,0.0,0.6377,0,1
ACC-002665,"Faulkner, Williams and Wright",Government,201-1000,0.761,leadership_change,13,True,0.0,0.1996,0,1
ACC-002666,"Jones, Murray and Alvarado",Retail,201-1000,0.386,none,38,True,0.0,0.2399,0,0
ACC-002667,"Brown, Parsons and Alvarado",Manufacturing,5000+,0.441,compliance_mandate,0,True,1.0,0.3944,0,0
ACC-002668,Lewis Ltd,Real Estate,201-1000,0.709,none,53,True,1.0,0.7739,1,1
ACC-002669,Allen-Horton,Technology,51-200,0.556,tech_refresh,28,False,1.0,0.7974,1,0
ACC-002670,Craig Group,Government,1-50,0.771,compliance_mandate,35,False,1.0,0.737,1,1
ACC-002671,Jimenez PLC,Government,1001-5000,0.664,compliance_mandate,26,False,1.0,0.8125,1,1
ACC-002672,Garcia-Allen,Legal,51-200,0.811,none,6,False,1.0,0.4091,1,1
ACC-002673,Mills-Peters,Legal,201-1000,0.965,none,3,False,1.0,0.7672,1,1
ACC-002674,Thomas-Perry,Insurance,1-50,0.501,leadership_change,67,False,1.0,0.7226,1,0
ACC-002675,"Chambers, Ford and Gardner",Legal,1001-5000,0.712,funding_round,26,False,1.0,0.838,1,1
ACC-002676,"Perry, Jordan and Jackson",Manufacturing,1-50,0.332,none,9,True,1.0,0.1928,0,0
ACC-002677,Miller PLC,Technology,1-50,0.497,none,25,False,0.0,0.4649,0,0
ACC-002678,Cardenas Ltd,Retail,5000+,0.525,funding_round,11,False,0.0,0.5018,0,0
ACC-002679,Anderson-Jones,Technology,5000+,0.809,none,52,True,0.0,0.3079,0,1
ACC-002680,Ross-Griffith,Legal,1-50,1.0,leadership_change,64,False,0.0,0.5536,0,1
ACC-002681,Shaw LLC,Retail,1001-5000,0.59,none,24,False,1.0,0.446,1,0
ACC-002682,Mays-Gonzalez,Insurance,1001-5000,0.693,none,2,False,1.0,0.7623,1,1
ACC-002683,Grimes-Bennett,Real Estate,1001-5000,0.774,none,8,False,1.0,0.8866,1,1
ACC-002684,Duncan-Morrison,Retail,201-1000,0.634,none,39,False,1.0,0.7336,1,0
ACC-002685,Johnson LLC,Manufacturing,51-200,0.717,none,5,False,1.0,0.4895,1,1
ACC-002686,"Jackson, Scott and Campbell",Retail,1-50,0.311,none,12,False,1.0,0.6712,0,0
ACC-002687,Middleton-Schwartz,Retail,51-200,0.542,none,7,False,1.0,0.6324,1,0
ACC-002688,"Medina, Aguirre and Sweeney",Retail,51-200,0.447,none,9,False,1.0,0.8132,0,0
ACC-002689,Davis and Sons,Government,1-50,0.639,none,21,True,1.0,0.8455,1,0
ACC-002690,Brown-Nguyen,Retail,1-50,0.434,tech_refresh,63,True,1.0,0.4084,0,0
ACC-002691,"Saunders, Bates and Drake",Government,201-1000,0.532,none,17,False,1.0,0.7542,1,0
ACC-002692,Jones and Sons,Financial Services,201-1000,0.687,none,7,False,0.0,0.298,0,1
ACC-002693,Keith Ltd,Real Estate,51-200,0.846,none,97,False,1.0,0.7786,1,1
ACC-002694,Gibson-Sanchez,Financial Services,1-50,0.941,tech_refresh,44,False,1.0,0.5566,1,1
ACC-002695,Bowen-Jackson,Legal,201-1000,0.836,leadership_change,10,False,1.0,0.5911,1,1
ACC-002696,Henry-Stephenson,Manufacturing,1001-5000,0.276,leadership_change,7,False,0.0,,0,0
ACC-002697,"Guerrero, Edwards and Cohen",Real Estate,1001-5000,0.726,none,14,False,1.0,0.683,1,1
ACC-002698,Wilson-Davis,Retail,1001-5000,0.327,compliance_mandate,16,False,1.0,0.6109,0,0
ACC-002699,"Dean, Osborne and Robinson",Manufacturing,1001-5000,0.507,none,1,False,1.0,0.7518,1,0
ACC-002700,Duffy PLC,Healthcare,1001-5000,0.722,none,10,False,0.0,0.2021,0,1
ACC-002701,Thompson Ltd,Retail,51-200,0.612,none,39,False,0.0,0.6742,0,0
ACC-002702,Santos Group,Government,51-200,0.569,none,4,True,0.0,,0,0
ACC-002703,Ayala-Singleton,Healthcare,51-200,0.552,leadership_change,31,False,1.0,0.5019,1,0
ACC-002704,"Boone, Day and Graham",Government,1001-5000,0.569,none,10,False,0.0,0.6221,0,0
ACC-002705,"Thomas, Benjamin and Mason",Real Estate,201-1000,0.748,compliance_mandate,27,False,1.0,0.8573,1,1
ACC-002706,"Perry, Arnold and Smith",Retail,201-1000,0.545,compliance_mandate,19,True,1.0,0.6439,1,0
ACC-002707,"Gentry, Castro and Clark",Technology,1-50,0.733,none,21,True,1.0,0.4368,1,1
ACC-002708,Wright-Wilson,Manufacturing,1001-5000,0.328,compliance_mandate,0,False,1.0,0.8486,0,0
ACC-002709,Caldwell PLC,Real Estate,51-200,0.829,none,21,False,1.0,0.7225,1,1
ACC-002710,"Martinez, Meadows and Glass",Insurance,1001-5000,0.603,none,52,False,1.0,0.583,1,0
ACC-002711,Jones Inc,Insurance,1001-5000,0.655,compliance_mandate,10,True,1.0,0.8708,1,1
ACC-002712,Russell-Jones,Legal,5000+,0.966,none,20,False,1.0,0.6932,1,1
ACC-002713,Huff and Sons,Legal,1001-5000,0.982,none,19,True,1.0,0.874,1,1
ACC-002714,Chavez-Mcdaniel,Government,1-50,0.6,funding_round,25,False,0.0,0.2464,0,0
ACC-002715,Mckinney Ltd,Government,1-50,0.305,none,1,False,0.0,0.3359,0,0
ACC-002716,Roberts Ltd,Manufacturing,1001-5000,0.473,leadership_change,7,False,0.0,0.3465,0,0
ACC-002717,"Robinson, Phillips and Carr",Legal,51-200,0.888,none,67,False,1.0,0.4727,1,1
ACC-002718,Anderson PLC,Healthcare,201-1000,0.851,compliance_mandate,3,False,1.0,0.7566,1,1
ACC-002719,Brown Inc,Insurance,51-200,0.491,none,33,False,0.0,,0,0
ACC-002720,Mills-Kelly,Legal,1-50,0.966,compliance_mandate,4,False,1.0,0.8766,1,1
ACC-002721,"Garcia, Johnson and Butler",Technology,5000+,0.575,none,24,True,0.0,0.6561,0,0
ACC-002722,Dean-Chen,Retail,51-200,0.347,none,20,True,1.0,0.6847,0,0
ACC-002723,Elliott-Brown,Insurance,201-1000,0.573,funding_round,25,True,0.0,,0,0
ACC-002724,"Lewis, Barnes and Durham",Government,51-200,0.536,none,70,False,0.0,0.3688,0,0
ACC-002725,"Benson, Harris and Anderson",Healthcare,51-200,0.583,none,17,False,0.0,0.7413,0,0
ACC-002726,"Johnson, Sandoval and Sanchez",Real Estate,51-200,0.829,none,2,False,1.0,0.5902,1,1
ACC-002727,Smith-Strong,Real Estate,1-50,0.689,tech_refresh,13,False,1.0,0.7246,1,1
ACC-002728,"Howell, Wilson and George",Manufacturing,5000+,0.358,none,8,False,1.0,0.4253,0,0
ACC-002729,"Miller, Pham and Perkins",Financial Services,51-200,0.999,funding_round,16,True,1.0,0.8504,1,1
ACC-002730,Shields PLC,Insurance,201-1000,0.467,none,4,True,1.0,0.7364,0,0
ACC-002731,"Foster, Sparks and Calhoun",Legal,201-1000,0.726,funding_round,14,False,0.0,,0,1
ACC-002732,Cisneros Group,Retail,1001-5000,0.49,compliance_mandate,15,True,1.0,0.4983,0,0
ACC-002733,"Sims, Webb and Fox",Real Estate,51-200,0.618,none,27,False,1.0,0.7724,1,0
ACC-002734,Heath Inc,Insurance,5000+,0.887,none,159,False,0.0,0.8179,0,1
ACC-002735,"Young, Hammond and Manning",Manufacturing,1-50,0.625,none,21,False,0.0,0.3811,0,0
ACC-002736,Robinson Inc,Technology,201-1000,0.396,none,5,False,1.0,0.7259,0,0
ACC-002737,Gonzalez-Dickerson,Manufacturing,1-50,0.641,funding_round,143,False,1.0,0.6001,1,0
ACC-002738,Reeves LLC,Insurance,201-1000,0.639,none,30,False,0.0,0.0761,0,0
ACC-002739,Harrison PLC,Retail,1-50,0.675,leadership_change,7,False,1.0,0.2851,1,1
ACC-002740,Brown and Sons,Insurance,201-1000,0.75,none,6,False,1.0,0.6475,1,1
ACC-002741,Austin-Bray,Real Estate,201-1000,0.799,none,12,False,1.0,0.5445,1,1
ACC-002742,Williams-Ferguson,Retail,1-50,0.381,funding_round,62,False,0.0,0.2867,0,0
ACC-002743,Fox Inc,Retail,51-200,0.333,tech_refresh,67,False,0.0,,0,0
ACC-002744,Potter LLC,Real Estate,1-50,0.571,compliance_mandate,14,False,1.0,0.7463,1,0
ACC-002745,"King, Moreno and Pitts",Retail,1001-5000,0.325,compliance_mandate,6,False,1.0,0.4699,0,0
ACC-002746,"Spencer, Bradley and Stout",Retail,201-1000,0.355,compliance_mandate,14,True,0.0,0.5156,0,0
ACC-002747,Jackson-Diaz,Healthcare,1-50,0.43,none,13,True,1.0,0.8349,0,0
ACC-002748,Gillespie and Sons,Legal,5000+,1.0,none,11,True,0.0,0.7728,0,1
ACC-002749,Cruz LLC,Legal,51-200,1.0,none,7,False,0.0,0.7643,0,1
ACC-002750,"Garcia, Wilson and Snow",Real Estate,1-50,0.662,funding_round,39,True,0.0,,0,1
ACC-002751,"Nichols, Wells and Nelson",Retail,201-1000,0.61,tech_refresh,108,True,1.0,0.5992,1,0
ACC-002752,Allen Inc,Retail,1001-5000,0.516,none,76,True,1.0,0.7849,1,0
ACC-002753,Melendez-English,Insurance,201-1000,0.784,leadership_change,3,False,0.0,0.2729,0,1
ACC-002754,Collins-Evans,Financial Services,1001-5000,0.992,none,20,True,1.0,0.8971,1,1
ACC-002755,Marsh-Finley,Technology,5000+,0.61,compliance_mandate,3,False,1.0,0.6797,1,0
ACC-002756,"Cruz, Dillon and Gilmore",Manufacturing,51-200,0.36,funding_round,5,False,0.0,0.2442,0,0
ACC-002757,"Kim, Bishop and Lewis",Retail,1001-5000,0.086,leadership_change,33,False,1.0,0.7998,0,0
ACC-002758,Alvarez-Harrison,Technology,1-50,0.42,none,30,False,1.0,0.3958,0,0
ACC-002759,Velez and Sons,Retail,51-200,0.328,tech_refresh,47,False,1.0,0.662,0,0
ACC-002760,"Gonzalez, Wells and Stevenson",Government,51-200,0.581,compliance_mandate,125,True,1.0,0.7911,1,0
ACC-002761,Lopez and Sons,Financial Services,51-200,0.703,none,8,False,1.0,0.8603,1,1
ACC-002762,Combs Ltd,Financial Services,51-200,0.675,tech_refresh,37,True,1.0,0.8593,1,1
ACC-002763,"Morris, Mayer and Glenn",Insurance,51-200,0.552,none,37,False,1.0,0.6491,1,0
ACC-002764,Reyes and Sons,Retail,1-50,0.306,compliance_mandate,33,True,1.0,0.4998,0,0
ACC-002765,Farmer Group,Legal,51-200,0.907,none,13,False,1.0,0.8169,1,1
ACC-002766,Larson-Mcguire,Insurance,51-200,0.667,compliance_mandate,69,False,1.0,0.7369,1,1
ACC-002767,Garcia Group,Government,1001-5000,0.694,none,2,False,1.0,0.8071,1,1
ACC-002768,Cohen-Roman,Technology,5000+,0.472,leadership_change,30,False,1.0,0.7181,0,0
ACC-002769,Chang and Sons,Financial Services,1-50,0.9,none,13,False,1.0,0.9146,1,1
ACC-002770,"Campbell, Jones and Olson",Manufacturing,51-200,0.327,none,35,True,1.0,0.5239,0,0
ACC-002771,Davis LLC,Financial Services,51-200,0.86,compliance_mandate,29,False,0.0,0.4964,0,1
ACC-002772,"Johnson, Smith and Ramirez",Legal,1001-5000,0.887,tech_refresh,6,False,1.0,0.5513,1,1
ACC-002773,"Pineda, Liu and Stanley",Insurance,51-200,0.679,leadership_change,10,False,1.0,0.8496,1,1
ACC-002774,Chavez Inc,Manufacturing,1-50,0.21,none,56,False,1.0,0.4158,0,0
ACC-002775,Benjamin-Jones,Legal,201-1000,1.0,none,12,False,1.0,0.8188,1,1
ACC-002776,Castro-Wright,Government,51-200,0.603,funding_round,7,False,1.0,0.5166,1,0
ACC-002777,Gonzales-Downs,Government,1-50,0.619,none,21,False,0.0,0.3186,0,0
ACC-002778,Roach-Johnson,Financial Services,201-1000,0.797,funding_round,14,False,1.0,0.8838,1,1
ACC-002779,Anderson-Rodriguez,Financial Services,1-50,0.862,none,52,False,0.0,,0,1
ACC-002780,Johnson Ltd,Insurance,51-200,0.888,leadership_change,20,False,1.0,0.7833,1,1
ACC-002781,Cobb-Vargas,Manufacturing,51-200,0.43,none,96,False,1.0,0.6256,0,0
ACC-002782,Jimenez LLC,Legal,201-1000,0.898,none,46,False,0.0,0.605,0,1
ACC-002783,Bates LLC,Legal,51-200,0.637,none,15,False,1.0,0.724,1,0
ACC-002784,"Meyer, Lopez and Castro",Retail,1-50,0.345,none,51,True,0.0,,0,0
ACC-002785,"Lyons, Blanchard and Mclaughlin",Retail,1-50,0.316,none,20,False,1.0,0.7638,0,0
ACC-002786,Brooks PLC,Manufacturing,51-200,0.397,none,71,True,1.0,0.7042,0,0
ACC-002787,"Benson, Ferguson and Marshall",Insurance,51-200,0.941,none,103,True,0.0,0.5413,0,1
ACC-002788,White-Castro,Financial Services,1001-5000,0.995,funding_round,19,False,0.0,0.6137,0,1
ACC-002789,Parks PLC,Financial Services,201-1000,0.937,compliance_mandate,36,False,1.0,0.9338,1,1
ACC-002790,Arnold PLC,Insurance,201-1000,0.733,none,16,False,0.0,0.4337,0,1
ACC-002791,Rice-Watson,Retail,5000+,0.319,tech_refresh,21,False,1.0,0.7423,0,0
ACC-002792,Morrison-Rogers,Real Estate,201-1000,0.928,none,2,False,1.0,0.7758,1,1
ACC-002793,"Wright, Williams and Espinoza",Insurance,5000+,0.936,none,71,False,1.0,0.775,1,1
ACC-002794,Reed Group,Real Estate,201-1000,0.902,funding_round,17,True,0.0,0.7735,0,1
ACC-002795,Carr Group,Legal,201-1000,0.824,none,41,False,1.0,0.489,1,1
ACC-002796,Franco Group,Technology,5000+,0.623,none,10,False,1.0,0.6481,1,0
ACC-002797,Duffy Inc,Legal,1-50,0.928,none,32,False,1.0,0.6972,1,1
ACC-002798,Williams Inc,Manufacturing,51-200,0.389,none,21,False,1.0,0.673,0,0
ACC-002799,"Perez, Smith and Patton",Real Estate,51-200,1.0,leadership_change,16,False,1.0,0.2695,1,1
ACC-002800,Stanley LLC,Retail,51-200,0.388,leadership_change,22,False,1.0,0.616,0,0
ACC-002801,Lara Group,Real Estate,1-50,0.914,tech_refresh,2,False,1.0,0.9261,1,1
ACC-002802,"Chase, Jones and Jenkins",Financial Services,1001-5000,1.0,compliance_mandate,69,False,1.0,0.7035,1,1
ACC-002803,Richards PLC,Manufacturing,51-200,0.445,none,36,False,1.0,0.8813,0,0
ACC-002804,Newton-Smith,Manufacturing,51-200,0.498,tech_refresh,1,False,0.0,0.3709,0,0
ACC-002805,"Johns, Hill and Rogers",Retail,51-200,0.203,none,34,True,1.0,0.5664,0,0
ACC-002806,Fisher-Chambers,Financial Services,201-1000,0.692,none,0,False,1.0,0.6416,1,1
ACC-002807,Rose PLC,Government,51-200,0.596,none,18,False,1.0,0.6808,1,0
ACC-002808,Campbell-Hunt,Retail,1-50,0.613,leadership_change,56,False,1.0,0.6735,1,0
ACC-002809,Holmes Group,Financial Services,1-50,0.752,none,41,False,1.0,0.7239,1,1
ACC-002810,"Thomas, Ramos and Larson",Insurance,51-200,0.576,funding_round,6,False,1.0,0.7186,1,0
ACC-002811,"Williams, Sims and Price",Legal,51-200,0.937,funding_round,32,False,1.0,0.8527,1,1
ACC-002812,Barnes-Todd,Government,1-50,0.628,compliance_mandate,25,False,1.0,0.7537,1,0
ACC-002813,"Hernandez, Washington and Thompson",Healthcare,201-1000,0.718,none,27,False,0.0,0.359,0,1
ACC-002814,"Marks, Terrell and Johnson",Retail,51-200,0.427,none,4,False,1.0,0.814,0,0
ACC-002815,Joseph-Fitzpatrick,Retail,201-1000,0.425,leadership_change,7,False,1.0,0.4828,0,0
ACC-002816,Franklin-Cisneros,Healthcare,1-50,0.582,none,0,False,1.0,0.8045,1,0
ACC-002817,"Walker, Mccann and Austin",Real Estate,1-50,0.799,leadership_change,20,True,0.0,,0,1
ACC-002818,Hicks-Wilson,Retail,201-1000,0.626,none,3,False,1.0,0.7249,1,0
ACC-002819,Vance Group,Manufacturing,1-50,0.499,leadership_change,33,False,1.0,0.7097,0,0
ACC-002820,Sullivan LLC,Healthcare,1001-5000,0.614,none,15,False,1.0,0.5671,1,0
ACC-002821,Lamb-Bond,Manufacturing,5000+,0.24,none,14,True,1.0,0.5179,0,0
ACC-002822,Burns Ltd,Government,51-200,0.537,none,20,True,0.0,0.6326,0,0
ACC-002823,"Jenkins, Green and Jordan",Manufacturing,201-1000,0.591,funding_round,25,True,1.0,0.729,1,0
ACC-002824,"Rojas, Hill and Hicks",Financial Services,1-50,0.897,tech_refresh,14,False,1.0,0.7439,1,1
ACC-002825,Kennedy Ltd,Government,5000+,0.771,none,9,False,0.0,0.5645,0,1
ACC-002826,Acevedo Inc,Retail,201-1000,0.433,none,27,True,1.0,0.6755,0,0
ACC-002827,Mack-Parker,Government,1001-5000,0.667,none,29,False,1.0,0.7251,1,1
ACC-002828,Simon-Snyder,Insurance,201-1000,0.876,none,0,False,1.0,0.9012,1,1
ACC-002829,House LLC,Financial Services,51-200,0.917,leadership_change,9,False,1.0,0.6268,1,1
ACC-002830,Saunders-Santiago,Healthcare,1001-5000,0.356,leadership_change,53,True,1.0,0.8499,0,0
ACC-002831,Rhodes Group,Financial Services,1001-5000,0.853,tech_refresh,19,False,1.0,0.7009,1,1
ACC-002832,Herrera Inc,Technology,5000+,0.862,none,9,True,0.0,0.3919,0,1
ACC-002833,Costa Ltd,Manufacturing,201-1000,0.359,leadership_change,35,False,0.0,0.3311,0,0
ACC-002834,Moses Group,Technology,51-200,0.661,none,124,False,1.0,0.6481,1,1
ACC-002835,Sandoval Inc,Healthcare,1-50,0.726,none,36,False,1.0,0.7056,1,1
ACC-002836,"Moore, Ramos and Nelson",Real Estate,1-50,0.898,none,43,False,1.0,0.8341,1,1
ACC-002837,"Wood, Murphy and Cummings",Real Estate,1-50,0.743,none,3,False,0.0,0.3022,0,1
ACC-002838,Jones-Simmons,Legal,5000+,0.914,none,3,False,1.0,0.7384,1,1
ACC-002839,Anderson-Rubio,Legal,1-50,1.0,none,59,False,0.0,,0,1
ACC-002840,Paul PLC,Technology,201-1000,0.671,none,6,True,1.0,0.6536,1,1
ACC-002841,Adams Inc,Financial Services,5000+,0.785,none,0,False,0.0,0.4691,0,1
ACC-002842,Walker-Cooper,Financial Services,1-50,0.727,none,39,False,1.0,0.7279,1,1
ACC-002843,Flores-Cox,Technology,201-1000,0.573,tech_refresh,22,False,1.0,0.875,1,0
ACC-002844,Maxwell-Gray,Government,1-50,0.481,none,31,False,1.0,0.6696,0,0
ACC-002845,Murphy PLC,Retail,51-200,0.362,tech_refresh,11,False,1.0,0.8348,0,0
ACC-002846,Guzman-Wright,Retail,1-50,0.331,none,4,False,1.0,0.4613,0,0
ACC-002847,Franklin-Long,Government,51-200,0.78,none,26,False,1.0,0.4945,1,1
ACC-002848,"Cline, Snyder and Collins",Legal,1-50,0.986,leadership_change,26,False,1.0,0.6935,1,1
ACC-002849,Smith Group,Real Estate,201-1000,0.633,funding_round,12,False,1.0,0.6436,1,0
ACC-002850,"Stevenson, Swanson and Keller",Real Estate,1-50,0.667,none,149,False,1.0,0.8318,1,1
ACC-002851,Conley Group,Retail,1-50,0.602,none,23,False,0.0,0.5608,0,0
ACC-002852,Williams-Estes,Healthcare,51-200,0.58,none,6,False,0.0,0.1706,0,0
ACC-002853,"Black, Pena and Gill",Retail,51-200,0.556,none,46,False,1.0,0.3552,1,0
ACC-002854,Hood-West,Insurance,1001-5000,0.72,tech_refresh,53,False,1.0,0.7879,1,1
ACC-002855,"Holt, Stanley and Gray",Legal,1-50,0.703,tech_refresh,16,False,1.0,0.6498,1,1
ACC-002856,"Nelson, Stanley and Jones",Healthcare,5000+,0.668,none,7,True,1.0,0.3186,1,1
ACC-002857,"Bowers, Murphy and Owens",Real Estate,51-200,0.889,none,219,False,1.0,0.8144,1,1
ACC-002858,Rowe and Sons,Government,201-1000,0.638,tech_refresh,105,False,1.0,0.53,1,0
ACC-002859,"Barnes, Obrien and Barker",Insurance,1-50,0.796,none,71,False,1.0,0.4233,1,1
ACC-002860,"Robinson, Jones and Fisher",Legal,5000+,1.0,tech_refresh,1,False,1.0,0.8506,1,1
ACC-002861,Johnson Group,Manufacturing,201-1000,0.341,leadership_change,106,False,1.0,0.6249,0,0
ACC-002862,"Mercer, Solis and Pierce",Healthcare,1-50,0.483,none,17,False,0.0,,0,0
ACC-002863,Smith LLC,Healthcare,1001-5000,0.574,compliance_mandate,0,False,1.0,0.5916,1,0
ACC-002864,"Reilly, Buchanan and Arnold",Financial Services,51-200,0.972,tech_refresh,63,False,1.0,0.7616,1,1
ACC-002865,Patterson-Bryant,Healthcare,201-1000,0.708,none,50,False,1.0,0.8425,1,1
ACC-002866,Ramirez-Peterson,Government,1001-5000,0.597,leadership_change,2,False,1.0,0.8069,1,0
ACC-002867,Ferguson PLC,Healthcare,201-1000,0.439,compliance_mandate,3,False,1.0,0.8216,0,0
ACC-002868,Craig Group,Real Estate,201-1000,0.946,none,46,False,1.0,0.8538,1,1
ACC-002869,Cantrell LLC,Healthcare,1-50,0.59,funding_round,23,True,1.0,0.8718,1,0
ACC-002870,"Mahoney, Bauer and Anderson",Retail,201-1000,0.401,leadership_change,28,False,0.0,0.4781,0,0
ACC-002871,Rojas and Sons,Real Estate,1-50,0.828,none,38,False,1.0,0.652,1,1
ACC-002872,Douglas-Johnson,Financial Services,51-200,0.716,none,121,False,1.0,0.8246,1,1
ACC-002873,"Wood, Lopez and Scott",Healthcare,201-1000,0.601,none,15,False,1.0,0.1755,1,0
ACC-002874,Morrison PLC,Manufacturing,5000+,0.649,compliance_mandate,10,False,1.0,0.6684,1,0
ACC-002875,"Gomez, Valentine and Barker",Manufacturing,1-50,0.365,none,13,False,0.0,,0,0
ACC-002876,"Montes, Schultz and Crawford",Insurance,51-200,0.746,none,81,True,1.0,0.8192,1,1
ACC-002877,"Fitzgerald, Cooper and Johnson",Technology,5000+,0.537,none,20,True,1.0,0.8765,1,0
ACC-002878,Mckenzie Ltd,Retail,1-50,0.495,funding_round,6,False,0.0,0.1986,0,0
ACC-002879,"Rodriguez, Dougherty and Gaines",Legal,1-50,0.817,none,14,False,0.0,0.6387,0,1
ACC-002880,Hardy Group,Insurance,5000+,0.909,leadership_change,54,False,1.0,0.7944,1,1
ACC-002881,Gibbs Inc,Manufacturing,51-200,0.368,none,1,False,0.0,0.3247,0,0
ACC-002882,Williams-Parks,Government,1-50,0.657,leadership_change,8,False,1.0,0.6268,1,1
ACC-002883,Robinson LLC,Government,201-1000,0.44,none,16,True,0.0,0.5584,0,0
ACC-002884,"Alexander, Marks and Kirby",Government,201-1000,0.776,none,8,False,1.0,0.8144,1,1
ACC-002885,"Martin, Morris and Ferguson",Retail,201-1000,0.2,tech_refresh,53,False,1.0,0.4161,0,0
ACC-002886,Mathews LLC,Retail,51-200,0.339,compliance_mandate,4,False,1.0,0.7148,0,0
ACC-002887,"Richardson, Parsons and Turner",Manufacturing,1-50,0.702,none,17,False,1.0,0.7059,1,1
ACC-002888,Cox-Baker,Financial Services,5000+,0.686,none,7,False,1.0,0.7677,1,1
ACC-002889,Johnson LLC,Financial Services,201-1000,0.815,none,29,False,1.0,0.8769,1,1
ACC-002890,Hays Ltd,Legal,51-200,0.974,leadership_change,1,False,0.0,,0,1
ACC-002891,"Harris, King and Byrd",Retail,1001-5000,0.628,leadership_change,40,False,0.0,0.2582,0,0
ACC-002892,"Vazquez, Herrera and Brown",Government,51-200,0.752,none,51,True,1.0,0.8317,1,1
ACC-002893,Terrell Group,Healthcare,1001-5000,0.588,none,0,False,1.0,0.4972,1,0
ACC-002894,Russell-Kelley,Healthcare,51-200,0.555,none,1,False,0.0,0.4294,0,0
ACC-002895,Mack-Mora,Technology,1-50,0.69,none,182,False,1.0,0.7026,1,1
ACC-002896,Johnson-Keller,Financial Services,201-1000,0.765,none,0,False,0.0,0.8782,0,1
ACC-002897,Carter-Watson,Government,1-50,0.6,tech_refresh,19,True,1.0,0.6541,1,0
ACC-002898,Marquez-Guerra,Technology,51-200,0.554,none,11,False,1.0,0.4025,1,0
ACC-002899,Rojas LLC,Insurance,51-200,0.97,funding_round,14,True,1.0,0.9627,1,1
ACC-002900,Moore-Norman,Healthcare,1001-5000,0.688,compliance_mandate,18,False,1.0,0.7716,1,1
ACC-002901,Hernandez Inc,Retail,5000+,0.36,none,5,False,1.0,0.8493,0,0
ACC-002902,Lewis-Woodward,Government,1001-5000,0.613,tech_refresh,2,True,1.0,0.817,1,0
ACC-002903,Smith LLC,Insurance,201-1000,0.855,compliance_mandate,6,False,1.0,0.9389,1,1
ACC-002904,Campbell Group,Retail,1-50,0.333,none,17,False,1.0,0.6446,0,0
ACC-002905,Hernandez and Sons,Technology,201-1000,0.695,none,1,False,1.0,0.838,1,1
ACC-002906,Robinson Ltd,Insurance,51-200,0.671,tech_refresh,10,False,0.0,0.521,0,1
ACC-002907,Burgess Group,Technology,1-50,0.444,none,6,False,0.0,0.2029,0,0
ACC-002908,Williams LLC,Technology,51-200,0.818,none,106,False,1.0,0.5188,1,1
ACC-002909,"King, Bennett and Howell",Healthcare,1001-5000,0.62,tech_refresh,0,False,1.0,0.4203,1,0
ACC-002910,Garcia Inc,Real Estate,1-50,0.709,none,17,False,1.0,0.7108,1,1
ACC-002911,Randall PLC,Manufacturing,1-50,0.374,leadership_change,7,False,1.0,0.4795,0,0
ACC-002912,"Nichols, Crawford and Ramirez",Legal,1001-5000,0.778,leadership_change,68,False,1.0,0.7809,1,1
ACC-002913,Koch-Nguyen,Financial Services,5000+,0.914,leadership_change,60,True,1.0,0.9109,1,1
ACC-002914,Gregory LLC,Insurance,1-50,0.874,leadership_change,68,True,1.0,0.8367,1,1
ACC-002915,"Larson, Brown and Morris",Financial Services,1-50,0.778,tech_refresh,67,False,1.0,0.6917,1,1
ACC-002916,Murillo Ltd,Retail,51-200,0.393,none,7,False,0.0,0.6272,0,0
ACC-002917,Hayes-Williams,Manufacturing,51-200,0.5,leadership_change,44,False,1.0,0.6562,0,0
ACC-002918,Ramirez Ltd,Technology,51-200,0.561,none,34,False,1.0,0.4026,1,0
ACC-002919,"Fowler, Jones and Monroe",Insurance,1-50,0.751,leadership_change,37,False,1.0,0.6227,1,1
ACC-002920,"Ruiz, Rogers and Lamb",Government,201-1000,0.668,none,9,False,1.0,0.5291,1,1
ACC-002921,Wilson Group,Real Estate,1001-5000,0.712,none,82,False,0.0,0.2691,0,1
ACC-002922,Jenkins LLC,Technology,1001-5000,0.522,compliance_mandate,19,False,1.0,0.8905,1,0
ACC-002923,"Lynch, Martinez and Yang",Legal,5000+,1.0,compliance_mandate,62,True,1.0,0.7736,1,1
ACC-002924,Ramos-Bradley,Insurance,51-200,0.762,compliance_mandate,0,False,0.0,0.825,0,1
ACC-002925,Hodges Inc,Insurance,51-200,0.783,none,46,False,0.0,0.7481,0,1
ACC-002926,Collier-Castillo,Insurance,201-1000,0.917,none,1,True,1.0,0.7333,1,1
ACC-002927,Cooper-Small,Healthcare,201-1000,0.454,compliance_mandate,94,True,0.0,0.4763,0,0
ACC-002928,"Hensley, Brooks and George",Manufacturing,5000+,0.39,tech_refresh,11,False,1.0,0.653,0,0
ACC-002929,Morton-Turner,Government,1-50,0.677,compliance_mandate,3,False,0.0,0.561,0,1
ACC-002930,Barrera-Dennis,Healthcare,1-50,0.673,tech_refresh,31,True,1.0,0.8852,1,1
ACC-002931,"Dunn, Fleming and Haas",Legal,5000+,0.953,none,10,False,1.0,0.5315,1,1
ACC-002932,"Schroeder, Summers and Turner",Retail,51-200,0.378,none,43,False,1.0,0.7961,0,0
ACC-002933,Thomas-Rogers,Retail,1-50,0.428,funding_round,10,False,1.0,0.3437,0,0
ACC-002934,Rocha-Boone,Government,5000+,0.778,none,2,False,1.0,0.616,1,1
ACC-002935,Anderson Inc,Healthcare,51-200,0.733,compliance_mandate,14,False,0.0,0.7242,0,1
ACC-002936,Johnson LLC,Manufacturing,5000+,0.479,leadership_change,33,False,0.0,0.6853,0,0
ACC-002937,Davis Group,Technology,5000+,0.41,tech_refresh,76,False,0.0,0.0453,0,0
ACC-002938,Johns Ltd,Financial Services,51-200,0.89,funding_round,35,False,1.0,0.9125,1,1
ACC-002939,Luna Group,Real Estate,1-50,0.67,funding_round,29,True,1.0,0.7885,1,1
ACC-002940,"Cruz, Pratt and Soto",Financial Services,1-50,1.0,tech_refresh,45,False,1.0,0.9325,1,1
ACC-002941,"Mercado, Coleman and Mahoney",Financial Services,51-200,1.0,compliance_mandate,56,True,1.0,0.9292,1,1
ACC-002942,"King, Walters and Wiggins",Legal,201-1000,1.0,none,59,True,1.0,0.7987,1,1
ACC-002943,"Holmes, Robles and Baldwin",Technology,51-200,0.494,tech_refresh,10,True,1.0,0.6483,0,0
ACC-002944,"Wilson, Gutierrez and Scott",Insurance,1-50,0.743,leadership_change,22,False,1.0,0.8558,1,1
ACC-002945,"George, Frazier and Middleton",Technology,51-200,0.537,tech_refresh,7,False,1.0,0.4565,1,0
ACC-002946,Mckinney-Horne,Real Estate,51-200,0.733,none,26,False,1.0,0.8952,1,1
ACC-002947,Smith Inc,Government,51-200,0.541,none,17,False,1.0,0.5944,1,0
ACC-002948,"Davis, Glover and Stewart",Insurance,201-1000,0.827,none,9,True,1.0,0.6289,1,1
ACC-002949,Johnston-Page,Manufacturing,51-200,0.279,none,84,True,1.0,0.5312,0,0
ACC-002950,Woods-Mendez,Financial Services,51-200,0.992,none,13,False,1.0,0.7207,1,1
ACC-002951,"Shelton, Williams and Grant",Technology,1001-5000,0.51,none,22,True,1.0,0.7748,1,0
ACC-002952,Brown-Jackson,Legal,51-200,0.676,none,27,False,0.0,0.594,0,1
ACC-002953,Liu-Parker,Legal,1-50,0.935,funding_round,69,False,1.0,0.6278,1,1
ACC-002954,"Abbott, Lewis and Salinas",Manufacturing,51-200,0.454,none,17,False,0.0,0.1226,0,0
ACC-002955,"Brown, Patterson and Santana",Legal,201-1000,1.0,none,50,False,1.0,0.9368,1,1
ACC-002956,Arnold-Johnson,Legal,51-200,0.909,tech_refresh,61,False,1.0,0.7401,1,1
ACC-002957,Fuentes-Martin,Retail,51-200,0.529,none,16,True,1.0,0.7064,1,0
ACC-002958,Dean-Hunt,Healthcare,1-50,0.652,none,26,False,1.0,0.8075,1,1
ACC-002959,"Boyd, King and Simpson",Healthcare,1-50,0.452,none,42,False,0.0,0.4288,0,0
ACC-002960,Clark-Martinez,Manufacturing,1-50,0.404,none,73,True,0.0,,0,0
ACC-002961,Sherman-Ingram,Real Estate,201-1000,0.841,none,8,False,0.0,0.639,0,1
ACC-002962,"Shaffer, Clark and Ross",Legal,201-1000,0.756,none,6,False,0.0,0.3485,0,1
ACC-002963,Griffin-Benjamin,Retail,201-1000,0.431,compliance_mandate,39,False,1.0,0.7726,0,0
ACC-002964,"Fisher, Durham and Ramos",Technology,1-50,0.603,none,40,False,1.0,0.9129,1,0
ACC-002965,Davis and Sons,Insurance,5000+,0.909,none,33,False,1.0,0.6811,1,1
ACC-002966,Nelson Inc,Manufacturing,5000+,0.43,leadership_change,13,False,0.0,0.5594,0,0
ACC-002967,"Gamble, Kelley and Martinez",Healthcare,201-1000,0.748,compliance_mandate,25,False,1.0,0.6884,1,1
ACC-002968,Rice and Sons,Government,5000+,0.722,funding_round,32,False,1.0,0.7397,1,1
ACC-002969,Harper-Krause,Healthcare,51-200,0.406,none,34,False,0.0,0.5397,0,0
ACC-002970,"Kelly, Lynn and Hamilton",Real Estate,1-50,0.928,leadership_change,20,False,1.0,0.7373,1,1
ACC-002971,Pennington-Mercer,Financial Services,1-50,0.836,leadership_change,44,False,1.0,0.7169,1,1
ACC-002972,"Martinez, Zimmerman and Beasley",Insurance,1-50,0.842,none,9,True,1.0,0.819,1,1
ACC-002973,"Hunt, Alvarado and Watts",Legal,51-200,0.877,none,15,False,1.0,0.7047,1,1
ACC-002974,Green-Cantu,Legal,51-200,0.831,compliance_mandate,18,False,1.0,0.7533,1,1
ACC-002975,Harvey Ltd,Technology,1-50,0.387,none,3,True,1.0,0.6105,0,0
ACC-002976,Hogan-Wallace,Retail,1-50,0.323,none,82,False,1.0,0.5213,0,0
ACC-002977,"Hebert, Gray and Garza",Financial Services,1-50,0.818,none,43,False,0.0,0.6877,0,1
ACC-002978,Martin Group,Real Estate,5000+,0.575,compliance_mandate,36,False,1.0,0.7855,1,0
ACC-002979,"Tucker, Blake and Johnson",Financial Services,51-200,0.739,none,43,False,1.0,0.5735,1,1
ACC-002980,Simmons-Ritter,Legal,201-1000,0.709,compliance_mandate,4,False,0.0,,0,1
ACC-002981,"Johnson, Summers and Shaffer",Manufacturing,51-200,0.46,none,33,False,1.0,0.4987,0,0
ACC-002982,"Guerrero, Duke and Stewart",Technology,51-200,0.406,leadership_change,3,False,1.0,0.4565,0,0
ACC-002983,Rowe LLC,Financial Services,1001-5000,0.957,funding_round,14,False,1.0,0.7643,1,1
ACC-002984,Ellis Inc,Technology,1001-5000,0.674,none,2,False,1.0,0.8576,1,1
ACC-002985,"Lewis, Dunlap and Rios",Healthcare,1-50,0.617,compliance_mandate,0,False,1.0,0.7967,1,0
ACC-002986,"Lopez, Henry and King",Real Estate,1-50,0.698,tech_refresh,115,False,1.0,0.584,1,1
ACC-002987,Wilkerson-Cortez,Insurance,1001-5000,0.559,none,18,False,1.0,0.8442,1,0
ACC-002988,"Mckenzie, Brown and Shepherd",Real Estate,51-200,0.922,compliance_mandate,9,False,1.0,0.7371,1,1
ACC-002989,"Anderson, Burke and Fields",Real Estate,1-50,0.795,none,3,True,1.0,0.9211,1,1
ACC-002990,Esparza-West,Healthcare,1-50,0.605,compliance_mandate,4,False,0.0,0.5929,0,0
ACC-002991,Wilson Ltd,Insurance,1-50,0.698,none,30,False,1.0,0.6531,1,1
ACC-002992,Taylor Group,Retail,201-1000,0.345,leadership_change,34,False,0.0,0.4306,0,0
ACC-002993,Nichols Group,Government,201-1000,0.608,leadership_change,13,False,1.0,0.6331,1,0
ACC-002994,"Hamilton, Palmer and Murphy",Healthcare,1-50,0.627,none,1,True,1.0,0.8721,1,0
ACC-002995,"Collins, Juarez and Hale",Healthcare,51-200,0.698,tech_refresh,49,True,1.0,0.6023,1,1
ACC-002996,Edwards-Bell,Legal,51-200,0.767,none,15,False,1.0,0.7255,1,1
ACC-002997,"Hall, Wilson and Jackson",Real Estate,51-200,0.658,none,14,False,1.0,0.9225,1,1
ACC-002998,Duran and Sons,Government,201-1000,0.72,none,3,False,0.0,0.7159,0,1
ACC-002999,"Hill, Ball and Oneal",Legal,51-200,0.975,funding_round,11,True,0.0,0.446,0,1
ACC-003000,"Baird, Mendez and Lee",Retail,1-50,0.375,funding_round,10,False,1.0,0.5208,0,0
ACC-003001,"Combs, Olson and Brown",Insurance,201-1000,0.992,none,23,False,1.0,0.813,1,1
ACC-003002,Davis-Brewer,Retail,51-200,0.421,tech_refresh,40,False,1.0,0.8503,0,0
ACC-003003,"Lam, Conway and Snyder",Healthcare,1001-5000,0.647,none,73,False,1.0,0.7623,1,0
ACC-003004,"Vazquez, Berger and Turner",Manufacturing,51-200,0.367,tech_refresh,8,False,1.0,0.2958,0,0
ACC-003005,"Bowman, Morales and Alvarez",Manufacturing,201-1000,0.405,leadership_change,17,True,1.0,0.6809,0,0
ACC-003006,"Gordon, Avila and Tran",Retail,51-200,0.342,none,17,False,1.0,0.6167,0,0
ACC-003007,Hernandez-Ball,Government,51-200,0.719,none,44,False,1.0,0.9135,1,1
ACC-003008,Larsen PLC,Insurance,51-200,0.904,funding_round,20,True,1.0,0.8405,1,1
ACC-003009,"Murray, Ray and Logan",Real Estate,51-200,0.674,none,11,True,0.0,,0,1
ACC-003010,"Johnson, Price and Robbins",Government,1-50,0.596,none,2,False,1.0,0.9601,1,0
ACC-003011,Meadows-Schaefer,Technology,51-200,0.586,compliance_mandate,8,False,1.0,0.3743,1,0
ACC-003012,Lloyd-Stevenson,Insurance,1001-5000,0.864,none,31,False,1.0,0.2755,1,1
ACC-003013,"Young, Wilson and Scott",Healthcare,51-200,0.675,tech_refresh,44,False,0.0,,0,1
ACC-003014,Jordan Ltd,Insurance,1001-5000,0.883,funding_round,107,False,1.0,0.4701,1,1
ACC-003015,Smith Inc,Government,1-50,0.424,none,49,False,0.0,0.455,0,0
ACC-003016,"Malone, Hamilton and Ware",Real Estate,1-50,0.768,none,51,False,1.0,0.6939,1,1
ACC-003017,Parker-Roth,Manufacturing,51-200,0.455,none,13,False,1.0,0.4158,0,0
ACC-003018,"Walsh, Lewis and Pham",Retail,201-1000,0.504,none,64,False,0.0,0.4442,0,0
ACC-003019,Garcia-Ward,Insurance,1-50,0.778,none,14,False,1.0,0.5644,1,1
ACC-003020,"Jackson, Irwin and Smith",Manufacturing,5000+,0.47,none,61,False,1.0,0.8259,0,0
ACC-003021,"Rivas, Smith and Burns",Insurance,51-200,0.793,none,55,False,0.0,0.4503,0,1
ACC-003022,Smith PLC,Manufacturing,1-50,0.494,funding_round,56,True,1.0,0.6658,0,0
ACC-003023,"Burns, Ortega and Lindsey",Financial Services,201-1000,0.568,funding_round,50,False,1.0,0.7749,1,0
ACC-003024,Weeks-Moody,Retail,201-1000,0.275,funding_round,6,False,1.0,0.5909,0,0
ACC-003025,"Lee, Green and Hobbs",Manufacturing,51-200,0.363,none,5,False,1.0,0.2932,0,0
ACC-003026,"Rivera, Johnson and Osborne",Government,1001-5000,0.801,funding_round,14,False,0.0,0.4234,0,1
ACC-003027,Huber-Stone,Healthcare,5000+,0.917,funding_round,57,False,0.0,0.1211,0,1
ACC-003028,Hunt Group,Financial Services,1-50,0.789,funding_round,7,False,1.0,0.9033,1,1
ACC-003029,"Rodriguez, Sullivan and Hernandez",Government,201-1000,0.546,none,25,False,1.0,0.6641,1,0
ACC-003030,Norris-Blackburn,Technology,201-1000,0.451,none,80,True,1.0,0.7472,0,0
ACC-003031,Johnson Group,Financial Services,1001-5000,0.7,none,62,False,1.0,0.3348,1,1
ACC-003032,Nguyen Inc,Manufacturing,1001-5000,0.435,none,6,False,1.0,0.7696,0,0
ACC-003033,Henderson-Fox,Real Estate,1001-5000,0.821,none,6,True,1.0,0.7936,1,1
ACC-003034,Thompson-Waters,Real Estate,201-1000,0.879,none,29,False,1.0,0.892,1,1
ACC-003035,Johnson Ltd,Real Estate,51-200,0.591,leadership_change,0,False,1.0,0.9074,1,0
ACC-003036,"Strong, Warren and Walker",Legal,1001-5000,0.764,none,29,False,0.0,,0,1
ACC-003037,Garza-Davenport,Government,51-200,0.46,none,44,False,1.0,0.3952,0,0
ACC-003038,Chase-Jensen,Retail,51-200,0.501,leadership_change,4,False,1.0,0.5253,1,0
ACC-003039,Townsend Group,Retail,1-50,0.505,funding_round,2,True,1.0,0.6132,1,0
ACC-003040,Cox and Sons,Retail,1-50,0.365,none,17,False,1.0,0.4152,0,0
ACC-003041,Jones PLC,Manufacturing,1-50,0.386,none,3,False,1.0,0.4083,0,0
ACC-003042,"Conley, Farrell and Kemp",Retail,1-50,0.418,leadership_change,16,True,1.0,0.504,0,0
ACC-003043,Walker LLC,Healthcare,1-50,0.677,compliance_mandate,10,True,0.0,0.5066,0,1
ACC-003044,"Jackson, Dawson and Nelson",Legal,1001-5000,1.0,leadership_change,59,False,1.0,0.73,1,1
ACC-003045,Farley-Taylor,Real Estate,51-200,0.765,leadership_change,31,False,1.0,0.685,1,1
ACC-003046,Schroeder Ltd,Government,1-50,0.461,none,80,False,1.0,0.3948,0,0
ACC-003047,Craig-Vance,Healthcare,201-1000,0.91,tech_refresh,80,False,1.0,0.5963,1,1
ACC-003048,Flores-Hood,Insurance,1-50,0.7,none,9,False,1.0,0.8443,1,1
ACC-003049,Wood Ltd,Healthcare,201-1000,0.549,leadership_change,30,False,1.0,0.7237,1,0
ACC-003050,"Cook, Pace and Munoz",Manufacturing,1001-5000,0.336,none,44,False,0.0,0.5868,0,0
ACC-003051,"Young, Pittman and Cain",Financial Services,1001-5000,0.813,none,9,True,1.0,0.7968,1,1
ACC-003052,Adams Group,Legal,1001-5000,1.0,compliance_mandate,18,True,1.0,0.8136,1,1
ACC-003053,"Reyes, Brewer and Summers",Government,1-50,0.823,leadership_change,9,False,1.0,0.8167,1,1
ACC-003054,Walters Ltd,Retail,51-200,0.413,funding_round,36,False,1.0,0.7576,0,0
ACC-003055,Castillo Ltd,Retail,51-200,0.373,none,64,False,1.0,0.3713,0,0
ACC-003056,Thompson-Ford,Legal,1-50,1.0,none,1,False,0.0,,0,1
ACC-003057,"Berry, Fisher and Kennedy",Insurance,1001-5000,0.67,compliance_mandate,17,True,1.0,0.8833,1,1
ACC-003058,Turner and Sons,Manufacturing,51-200,0.652,none,23,False,1.0,0.6141,1,1
ACC-003059,Dunn-Lowe,Financial Services,201-1000,0.768,none,31,False,1.0,0.6276,1,1
ACC-003060,Johnson-Hensley,Government,1-50,0.469,leadership_change,9,False,1.0,0.5659,0,0
ACC-003061,Hayes-Burgess,Legal,51-200,0.897,none,16,False,1.0,0.7754,1,1
ACC-003062,Brown-Mejia,Real Estate,201-1000,0.664,funding_round,13,True,1.0,0.5998,1,1
ACC-003063,Garza Inc,Healthcare,1-50,0.758,funding_round,46,True,1.0,0.5927,1,1
ACC-003064,"Hunt, Anderson and Gomez",Retail,51-200,0.444,none,96,True,1.0,0.6243,0,0
ACC-003065,"Jones, Williams and Smith",Retail,1-50,0.346,none,0,False,1.0,0.4968,0,0
ACC-003066,"Moore, Christensen and Ferguson",Financial Services,51-200,1.0,leadership_change,0,False,1.0,0.5965,1,1
ACC-003067,Russell Group,Legal,51-200,0.726,leadership_change,67,True,1.0,0.8741,1,1
ACC-003068,"Perez, Brown and Peterson",Retail,201-1000,0.248,leadership_change,2,True,1.0,0.537,0,0
ACC-003069,"Torres, Ortega and Zamora",Healthcare,201-1000,0.565,none,15,False,0.0,0.1132,0,0
ACC-003070,Lowery PLC,Insurance,51-200,0.8,leadership_change,45,False,1.0,0.439,1,1
ACC-003071,Williams-Herrera,Financial Services,1-50,0.896,tech_refresh,35,False,1.0,0.8482,1,1
ACC-003072,Orozco-Sanders,Retail,1-50,0.527,funding_round,35,False,1.0,0.6974,1,0
ACC-003073,"Wright, Lee and Parrish",Insurance,1-50,0.943,none,8,False,1.0,0.7201,1,1
ACC-003074,Ellis-Diaz,Government,1-50,0.654,none,15,True,1.0,0.7872,1,1
ACC-003075,Le-Sherman,Legal,201-1000,0.759,none,35,False,0.0,0.4567,0,1
ACC-003076,Miranda Group,Manufacturing,5000+,0.425,none,28,False,1.0,0.5183,0,0
ACC-003077,Cooper Group,Real Estate,51-200,0.859,none,81,False,0.0,0.5164,0,1
ACC-003078,Johnson-Owen,Insurance,1001-5000,1.0,none,46,False,1.0,0.8192,1,1
ACC-003079,Rivas Group,Financial Services,5000+,0.767,funding_round,111,False,1.0,0.9408,1,1
ACC-003080,Ellis LLC,Insurance,51-200,0.495,none,28,False,1.0,0.6084,0,0
ACC-003081,Cohen Ltd,Financial Services,51-200,0.987,none,15,False,0.0,0.6174,0,1
ACC-003082,James LLC,Technology,51-200,0.637,tech_refresh,29,False,1.0,0.7494,1,0
ACC-003083,Moore-Mathis,Government,1-50,0.793,tech_refresh,9,False,1.0,0.9018,1,1
ACC-003084,Reyes-Hawkins,Government,201-1000,0.612,none,21,True,0.0,0.4363,0,0
ACC-003085,Barker PLC,Legal,5000+,1.0,none,71,False,1.0,0.8584,1,1
ACC-003086,Jackson LLC,Financial Services,51-200,0.739,compliance_mandate,3,False,0.0,0.084,0,1
ACC-003087,Bonilla Group,Healthcare,1-50,0.725,tech_refresh,47,False,1.0,0.7791,1,1
ACC-003088,"Bush, Lewis and Johnson",Legal,1-50,1.0,none,13,False,1.0,0.649,1,1
ACC-003089,Miller-Sherman,Legal,5000+,0.908,none,65,False,1.0,0.6328,1,1
ACC-003090,"Howard, Buchanan and Robinson",Healthcare,201-1000,0.638,none,5,False,1.0,0.8133,1,0
ACC-003091,Ballard LLC,Manufacturing,201-1000,0.597,none,61,True,1.0,0.6742,1,0
ACC-003092,"Gregory, Moore and Vasquez",Technology,201-1000,0.638,none,26,False,1.0,0.8798,1,0
ACC-003093,Curtis Group,Retail,201-1000,0.442,leadership_change,9,False,1.0,0.5882,0,0
ACC-003094,Serrano Inc,Government,51-200,0.544,none,48,True,1.0,0.7682,1,0
ACC-003095,Fowler-Wells,Financial Services,1-50,0.867,none,26,False,1.0,0.4158,1,1
ACC-003096,Reynolds PLC,Manufacturing,1001-5000,0.344,none,12,False,1.0,0.632,0,0
ACC-003097,English-Nelson,Healthcare,1001-5000,0.47,funding_round,13,False,1.0,0.7855,0,0
ACC-003098,"Bailey, Walker and Moore",Manufacturing,1001-5000,0.528,compliance_mandate,53,False,1.0,0.8489,1,0
ACC-003099,"Gonzalez, Jefferson and Lee",Government,201-1000,0.616,tech_refresh,9,False,1.0,0.5089,1,0
ACC-003100,Hanson-Spears,Retail,1001-5000,0.539,none,32,False,0.0,0.4789,0,0
ACC-003101,Long Inc,Legal,1-50,0.878,leadership_change,11,False,1.0,0.8269,1,1
ACC-003102,"Medina, Powers and Rodriguez",Financial Services,5000+,0.818,none,58,False,1.0,0.6789,1,1
ACC-003103,"Lowe, Gregory and Carrillo",Technology,201-1000,0.524,none,33,False,1.0,0.7789,1,0
ACC-003104,"Henson, Cook and King",Technology,1-50,0.408,funding_round,1,False,1.0,0.7048,0,0
ACC-003105,Moore PLC,Legal,1001-5000,1.0,none,3,False,1.0,0.8516,1,1
ACC-003106,"Morgan, Mckee and Hogan",Financial Services,201-1000,1.0,tech_refresh,9,False,0.0,0.713,0,1
ACC-003107,Johnson-Harris,Government,51-200,0.845,none,20,False,1.0,0.4818,1,1
ACC-003108,Stewart LLC,Manufacturing,51-200,0.629,funding_round,70,False,1.0,0.5796,1,0
ACC-003109,Castro-Lewis,Manufacturing,1-50,0.503,leadership_change,13,True,0.0,0.2944,0,0
ACC-003110,Raymond-Li,Healthcare,51-200,0.669,none,69,False,1.0,0.8424,1,1
ACC-003111,Henson-Anderson,Technology,51-200,0.307,none,3,False,1.0,0.6459,0,0
ACC-003112,Sanchez-Thompson,Financial Services,1-50,0.785,none,95,False,0.0,,0,1
ACC-003113,Carpenter Group,Insurance,51-200,0.784,funding_round,7,False,1.0,0.7839,1,1
ACC-003114,Lopez-Burton,Financial Services,1-50,0.977,none,41,False,1.0,0.775,1,1
ACC-003115,Brown-Romero,Healthcare,1-50,0.614,none,21,False,1.0,0.5401,1,0
ACC-003116,"Carney, Brown and Miller",Financial Services,1001-5000,0.682,tech_refresh,95,False,0.0,0.696,0,1
ACC-003117,"Richardson, Johnson and Wood",Government,201-1000,0.684,none,85,False,1.0,0.5822,1,1
ACC-003118,Bowen and Sons,Real Estate,201-1000,0.936,none,16,True,1.0,0.8623,1,1
ACC-003119,Harris PLC,Insurance,201-1000,0.543,none,7,False,1.0,0.6133,1,0
ACC-003120,Harvey-Barnes,Healthcare,51-200,0.751,none,4,False,1.0,0.6767,1,1
ACC-003121,"Blake, Porter and Pierce",Government,1-50,0.416,none,14,False,1.0,0.7203,0,0
ACC-003122,Hardy LLC,Legal,201-1000,0.868,funding_round,35,False,1.0,0.7272,1,1
ACC-003123,"Ferrell, Monroe and Beck",Manufacturing,51-200,0.453,none,66,False,1.0,0.7145,0,0
ACC-003124,"Short, Diaz and Banks",Real Estate,1-50,0.839,none,48,True,1.0,0.7638,1,1
ACC-003125,Robles-Deleon,Healthcare,201-1000,0.909,funding_round,7,False,1.0,0.6124,1,1
ACC-003126,Gonzales PLC,Insurance,5000+,0.663,none,7,False,1.0,0.7782,1,1
ACC-003127,"Curtis, Williams and Johnson",Government,1-50,0.654,none,39,False,1.0,0.876,1,1
ACC-003128,"Baird, Rogers and Stevens",Legal,51-200,0.745,none,32,False,1.0,0.6283,1,1
ACC-003129,"Farrell, Howe and Martin",Technology,5000+,0.624,leadership_change,9,False,1.0,0.5784,1,0
ACC-003130,Morris-Steele,Legal,5000+,0.811,none,1,False,1.0,0.7074,1,1
ACC-003131,"Garza, Phillips and Johnson",Technology,201-1000,0.381,tech_refresh,30,False,0.0,0.5412,0,0
ACC-003132,"Mann, Cole and Watts",Manufacturing,1-50,0.354,tech_refresh,0,False,1.0,0.5038,0,0
ACC-003133,Rodriguez-Martinez,Manufacturing,1001-5000,0.693,compliance_mandate,35,False,1.0,0.5423,1,1
ACC-003134,"Compton, Jimenez and Simmons",Insurance,1-50,0.597,none,25,False,1.0,0.5232,1,0
ACC-003135,"Aguilar, Cook and Barnes",Legal,201-1000,1.0,tech_refresh,0,False,1.0,0.9472,1,1
ACC-003136,Hopkins-Greer,Technology,51-200,0.748,leadership_change,3,False,1.0,0.8009,1,1
ACC-003137,Carter Ltd,Manufacturing,51-200,0.463,none,1,False,0.0,0.235,0,0
ACC-003138,Wall-Ibarra,Financial Services,51-200,0.815,funding_round,0,True,0.0,0.4753,0,1
ACC-003139,"Beck, Hanson and Scott",Insurance,1-50,0.871,none,4,False,1.0,0.8529,1,1
ACC-003140,King LLC,Technology,51-200,0.603,compliance_mandate,5,False,1.0,0.6902,1,0
ACC-003141,King-Barton,Technology,201-1000,0.665,compliance_mandate,79,False,0.0,0.8292,0,1
ACC-003142,Clarke-Lester,Real Estate,51-200,0.943,none,2,False,1.0,0.5488,1,1
ACC-003143,"Kelly, Jones and Clark",Legal,1-50,0.88,tech_refresh,10,False,1.0,0.7647,1,1
ACC-003144,Anderson Ltd,Insurance,1-50,0.786,none,17,False,0.0,0.6843,0,1
ACC-003145,Hall-Reyes,Manufacturing,201-1000,0.385,none,36,False,1.0,0.4716,0,0
ACC-003146,Ortega-Spencer,Real Estate,5000+,0.706,funding_round,64,False,0.0,,0,1
ACC-003147,Gordon-Bailey,Healthcare,201-1000,0.551,funding_round,40,False,1.0,0.7641,1,0
ACC-003148,Gonzalez-Leach,Manufacturing,1-50,0.408,funding_round,73,True,0.0,,0,0
ACC-003149,Beasley-Ruiz,Real Estate,51-200,0.799,funding_round,21,False,1.0,0.6905,1,1
ACC-003150,"Cobb, Chambers and Moore",Insurance,201-1000,0.787,none,16,False,1.0,0.8405,1,1
ACC-003151,Taylor and Sons,Retail,201-1000,0.625,none,5,False,1.0,0.6707,1,0
ACC-003152,Hernandez PLC,Financial Services,51-200,0.959,funding_round,48,False,1.0,0.6745,1,1
ACC-003153,Davis-Thompson,Financial Services,201-1000,0.992,compliance_mandate,14,False,1.0,0.8742,1,1
ACC-003154,Brown-Jacobs,Manufacturing,201-1000,0.437,funding_round,0,False,1.0,0.6192,0,0
ACC-003155,Boyd Ltd,Real Estate,1001-5000,0.754,none,28,False,1.0,0.7456,1,1
ACC-003156,Curtis-Morales,Retail,51-200,0.345,compliance_mandate,28,False,1.0,0.3205,0,0
ACC-003157,"Jones, Clark and Fischer",Government,201-1000,0.589,none,3,True,1.0,0.7783,1,0
ACC-003158,Woods and Sons,Healthcare,201-1000,0.589,none,36,False,0.0,0.5025,0,0
ACC-003159,"Wagner, Thomas and Vance",Retail,1-50,0.309,none,29,True,1.0,0.6013,0,0
ACC-003160,James PLC,Technology,201-1000,0.449,none,8,True,0.0,0.543,0,0
ACC-003161,Tate-Christian,Healthcare,51-200,0.631,none,0,False,0.0,0.0168,0,0
ACC-003162,Cruz LLC,Real Estate,1-50,0.824,none,53,False,1.0,0.5412,1,1
ACC-003163,York LLC,Government,201-1000,0.78,none,0,True,0.0,0.6723,0,1
ACC-003164,Norman Inc,Insurance,51-200,0.591,funding_round,33,False,1.0,0.2714,1,0
ACC-003165,"Jones, Johnson and Dickerson",Retail,51-200,0.509,none,63,False,1.0,0.756,1,0
ACC-003166,"Andrews, Murray and Hodges",Financial Services,5000+,0.899,none,25,False,0.0,0.5113,0,1
ACC-003167,Cooper-French,Healthcare,1001-5000,0.591,funding_round,8,False,1.0,0.6099,1,0
ACC-003168,"Rodriguez, Elliott and Massey",Healthcare,1-50,0.724,tech_refresh,4,True,1.0,0.9542,1,1
ACC-003169,Elliott-Lopez,Technology,5000+,0.517,none,66,False,1.0,0.732,1,0
ACC-003170,"Bender, Patterson and Smith",Legal,1-50,0.727,none,24,True,0.0,0.4045,0,1
ACC-003171,King Ltd,Healthcare,201-1000,0.536,none,42,False,1.0,0.8395,1,0
ACC-003172,"Vance, Miller and Olson",Real Estate,51-200,0.732,tech_refresh,20,False,1.0,0.5517,1,1
ACC-003173,"Wiggins, Castillo and Rodriguez",Manufacturing,1-50,0.202,none,29,False,1.0,0.5543,0,0
ACC-003174,Jones-Kline,Financial Services,201-1000,0.886,compliance_mandate,67,False,1.0,0.8531,1,1
ACC-003175,Anderson Group,Insurance,51-200,0.679,none,53,False,1.0,0.5139,1,1
ACC-003176,Spencer Inc,Healthcare,1-50,0.611,tech_refresh,33,False,0.0,0.5178,0,0
ACC-003177,"Brown, Lawrence and Mendoza",Manufacturing,5000+,0.445,compliance_mandate,18,True,1.0,0.5702,0,0
ACC-003178,"Harris, Williams and Garcia",Real Estate,51-200,0.707,leadership_change,0,False,0.0,0.7841,0,1
ACC-003179,Holland-Morales,Technology,1-50,0.7,none,124,False,0.0,,0,1
ACC-003180,Johnson and Sons,Technology,1-50,0.687,none,11,True,1.0,0.7462,1,1
ACC-003181,Smith-Burke,Real Estate,201-1000,0.557,none,4,False,1.0,0.7043,1,0
ACC-003182,"Stewart, Johnson and Taylor",Legal,201-1000,0.83,none,4,False,1.0,0.7101,1,1
ACC-003183,"Smith, Johnson and Parker",Technology,201-1000,0.378,compliance_mandate,25,False,1.0,0.477,0,0
ACC-003184,Freeman-Hendricks,Healthcare,5000+,0.619,none,41,False,1.0,0.8652,1,0
ACC-003185,"Jones, Crawford and Miller",Technology,51-200,0.584,none,37,False,0.0,,0,0
ACC-003186,Grant Group,Healthcare,1-50,0.791,funding_round,30,False,1.0,0.5916,1,1
ACC-003187,Foster-Davis,Financial Services,51-200,0.895,leadership_change,30,False,1.0,0.8538,1,1
ACC-003188,Robinson-Barton,Insurance,1-50,0.715,compliance_mandate,45,False,1.0,0.4986,1,1
ACC-003189,Wall Group,Insurance,1-50,0.841,leadership_change,132,False,0.0,0.4483,0,1
ACC-003190,"Copeland, Nelson and Mccoy",Legal,51-200,1.0,leadership_change,18,False,1.0,0.7458,1,1
ACC-003191,"Koch, Williams and Maldonado",Insurance,1-50,0.953,leadership_change,1,False,1.0,0.8157,1,1
ACC-003192,Johnson-Travis,Manufacturing,1-50,0.294,none,40,False,1.0,0.4424,0,0
ACC-003193,"Johnson, Howard and Bailey",Legal,51-200,0.869,none,6,True,1.0,0.8775,1,1
ACC-003194,"Brown, Newman and Cox",Real Estate,5000+,1.0,none,9,True,1.0,0.7467,1,1
ACC-003195,"Gonzales, Francis and Cole",Insurance,201-1000,0.809,compliance_mandate,13,False,1.0,0.8083,1,1
ACC-003196,Yates-Aguilar,Technology,201-1000,0.591,none,16,False,1.0,0.6488,1,0
ACC-003197,"Benitez, Wise and Mueller",Insurance,5000+,0.753,none,56,False,1.0,0.8417,1,1
ACC-003198,Simpson-Chambers,Technology,1-50,0.499,funding_round,41,False,0.0,,0,0
ACC-003199,Mason-Hodge,Government,51-200,0.583,none,31,False,0.0,,0,0
ACC-003200,"Decker, Steele and Crawford",Insurance,51-200,0.798,none,16,False,1.0,0.7697,1,1
ACC-003201,Bowman Group,Legal,1001-5000,0.913,funding_round,7,True,1.0,0.8012,1,1
ACC-003202,"Cruz, Brown and Bishop",Technology,1-50,0.56,none,114,False,1.0,0.8172,1,0
ACC-003203,Wood-Fuller,Legal,1-50,0.875,none,96,True,0.0,0.788,0,1
ACC-003204,"Robinson, Hayes and Hopkins",Government,1-50,0.74,none,85,False,0.0,0.0408,0,1
ACC-003205,Ritter Group,Government,5000+,0.441,none,36,False,1.0,0.8384,0,0
ACC-003206,Smith and Sons,Manufacturing,51-200,0.204,none,24,False,1.0,0.4486,0,0
ACC-003207,Colon PLC,Government,201-1000,0.433,compliance_mandate,17,False,1.0,0.6028,0,0
ACC-003208,"Simpson, Fuentes and Garcia",Manufacturing,51-200,0.669,none,37,False,1.0,0.6069,1,1
ACC-003209,Jones Inc,Government,201-1000,0.792,none,27,False,0.0,,0,1
ACC-003210,"Ramirez, Porter and Young",Real Estate,1-50,0.686,none,58,False,1.0,0.8537,1,1
ACC-003211,"Beard, Warner and Myers",Insurance,1-50,0.79,none,36,False,1.0,0.5572,1,1
ACC-003212,Castro LLC,Manufacturing,51-200,0.331,leadership_change,4,False,1.0,0.8379,0,0
ACC-003213,"French, Smith and Ellis",Financial Services,201-1000,0.875,leadership_change,23,False,1.0,0.8063,1,1
ACC-003214,Bennett Ltd,Technology,1-50,0.602,none,46,False,1.0,0.3905,1,0
ACC-003215,Harrison-Rodriguez,Financial Services,1-50,0.658,none,9,False,0.0,0.5853,0,1
ACC-003216,Jackson-Simpson,Real Estate,201-1000,0.812,compliance_mandate,0,False,1.0,0.7991,1,1
ACC-003217,Sexton Ltd,Financial Services,1001-5000,1.0,none,11,False,1.0,0.7916,1,1
ACC-003218,Williams-Bryant,Technology,1001-5000,0.514,none,11,True,1.0,0.5075,1,0
ACC-003219,Skinner-Gonzalez,Retail,1-50,0.426,tech_refresh,3,False,1.0,0.6465,0,0
ACC-003220,Hernandez Inc,Manufacturing,51-200,0.37,none,70,False,1.0,0.761,0,0
ACC-003221,"Brown, Castaneda and Pearson",Real Estate,1001-5000,0.873,compliance_mandate,22,True,1.0,0.7638,1,1
ACC-003222,Jones Inc,Real Estate,5000+,0.69,none,117,False,0.0,0.2712,0,1
ACC-003223,Smith Ltd,Real Estate,1-50,0.758,none,15,False,0.0,,0,1
ACC-003224,Taylor Ltd,Real Estate,1-50,0.833,none,23,False,1.0,0.8067,1,1
ACC-003225,"Gonzalez, Powell and Schneider",Insurance,201-1000,0.845,leadership_change,10,False,1.0,0.7807,1,1
ACC-003226,King Group,Financial Services,51-200,0.897,none,28,False,0.0,0.6031,0,1
ACC-003227,Winters Ltd,Insurance,51-200,0.948,tech_refresh,56,False,1.0,0.7453,1,1
ACC-003228,Walters Group,Healthcare,51-200,0.638,tech_refresh,40,False,1.0,0.5227,1,0
ACC-003229,"Stewart, Warren and Salinas",Insurance,51-200,0.668,none,94,False,1.0,0.709,1,1
ACC-003230,"Page, Walker and Huffman",Government,1-50,0.558,none,32,False,0.0,0.1853,0,0
ACC-003231,Woods and Sons,Technology,1-50,0.536,none,13,False,1.0,0.7094,1,0
ACC-003232,"Doyle, Baker and Taylor",Healthcare,51-200,0.419,compliance_mandate,38,False,1.0,0.7706,0,0
ACC-003233,"Johnson, Hayden and Buchanan",Real Estate,1-50,0.891,tech_refresh,12,False,1.0,0.7557,1,1
ACC-003234,Hebert and Sons,Insurance,201-1000,0.961,none,49,False,1.0,0.9021,1,1
ACC-003235,"Ayala, Hancock and Smith",Insurance,1001-5000,0.829,leadership_change,7,False,1.0,0.7734,1,1
ACC-003236,Taylor Ltd,Legal,1-50,0.798,funding_round,28,False,1.0,0.7835,1,1
ACC-003237,Jones-Tran,Legal,5000+,0.929,funding_round,32,False,0.0,0.4978,0,1
ACC-003238,Stone-Johnson,Technology,5000+,0.41,tech_refresh,64,False,0.0,0.3485,0,0
ACC-003239,Moreno Inc,Financial Services,51-200,0.813,none,19,False,1.0,0.7698,1,1
ACC-003240,Burnett-Brown,Government,1-50,0.53,none,4,True,1.0,0.8751,1,0
ACC-003241,"Fernandez, Haynes and Dixon",Financial Services,201-1000,1.0,compliance_mandate,4,True,1.0,0.5336,1,1
ACC-003242,"Soto, Sanchez and Smith",Real Estate,5000+,1.0,compliance_mandate,44,False,1.0,0.9175,1,1
ACC-003243,Rodriguez Inc,Government,51-200,0.782,none,28,False,1.0,0.7685,1,1
ACC-003244,"Bradford, Garcia and Benton",Financial Services,1-50,0.784,funding_round,156,False,1.0,0.6161,1,1
ACC-003245,Mann Ltd,Technology,201-1000,0.593,compliance_mandate,21,True,0.0,0.3278,0,0
ACC-003246,Jones-Hogan,Insurance,1001-5000,0.786,funding_round,9,False,1.0,0.4358,1,1
ACC-003247,Martin and Sons,Retail,201-1000,0.428,tech_refresh,8,False,1.0,0.4994,0,0
ACC-003248,Brown-Gregory,Technology,1-50,0.611,funding_round,23,False,1.0,0.7469,1,0
ACC-003249,Ellis Inc,Real Estate,1-50,0.708,funding_round,14,False,1.0,0.4169,1,1
ACC-003250,"Smith, Lynch and Cooper",Technology,1-50,0.6,funding_round,14,False,0.0,0.6173,0,0
ACC-003251,"Becker, Bailey and Fernandez",Healthcare,1-50,0.453,none,5,True,1.0,0.704,0,0
ACC-003252,"Fletcher, Baker and Morris",Legal,51-200,0.959,compliance_mandate,103,True,1.0,0.9404,1,1
ACC-003253,Rogers-Weber,Financial Services,1001-5000,0.807,leadership_change,64,True,1.0,0.7428,1,1
ACC-003254,Guerrero-Campbell,Insurance,5000+,0.772,leadership_change,11,False,1.0,0.7917,1,1
ACC-003255,Lucas LLC,Technology,1001-5000,0.467,none,18,False,1.0,0.6811,0,0
ACC-003256,"Adams, Francis and Brown",Retail,201-1000,0.476,leadership_change,79,True,1.0,0.7272,0,0
ACC-003257,Acosta Ltd,Insurance,1-50,0.784,none,16,False,0.0,0.2009,0,1
ACC-003258,"Fleming, Banks and Rodriguez",Legal,51-200,0.873,none,8,False,1.0,0.7512,1,1
ACC-003259,Hudson-Mooney,Manufacturing,51-200,0.394,none,20,False,1.0,0.7222,0,0
ACC-003260,Clark-Douglas,Technology,51-200,0.666,funding_round,1,False,1.0,0.9259,1,1
ACC-003261,"Humphrey, Franklin and Mckinney",Healthcare,51-200,0.814,leadership_change,24,False,1.0,0.8248,1,1
ACC-003262,Henry Inc,Insurance,1-50,0.658,none,4,False,0.0,0.3973,0,1
ACC-003263,Bradley-Everett,Real Estate,201-1000,0.708,none,30,False,0.0,0.5761,0,1
ACC-003264,Hammond-Maxwell,Retail,51-200,0.466,none,79,False,1.0,0.6318,0,0
ACC-003265,Ho LLC,Technology,51-200,0.539,none,2,False,1.0,0.725,1,0
ACC-003266,Collins-Morse,Manufacturing,51-200,0.54,none,38,False,1.0,0.9105,1,0
ACC-003267,"Johnson, Jones and Ramsey",Healthcare,51-200,0.699,none,37,False,1.0,0.8546,1,1
ACC-003268,Scott-Brown,Legal,1001-5000,1.0,compliance_mandate,102,True,1.0,0.7962,1,1
ACC-003269,Johnson-Evans,Government,1-50,0.68,none,44,False,1.0,0.7669,1,1
ACC-003270,Abbott PLC,Healthcare,5000+,0.746,leadership_change,64,False,1.0,0.7695,1,1
ACC-003271,Durham-Myers,Retail,201-1000,0.33,none,98,False,0.0,0.3663,0,0
ACC-003272,"Brown, Cruz and Salazar",Technology,201-1000,0.501,leadership_change,14,False,0.0,0.2618,0,0
ACC-003273,Jones-Rangel,Government,51-200,0.633,none,22,False,0.0,0.3786,0,0
ACC-003274,Richardson and Sons,Financial Services,51-200,0.891,none,68,False,1.0,0.6259,1,1
ACC-003275,Olson-Soto,Government,1-50,0.783,funding_round,16,False,1.0,0.4351,1,1
ACC-003276,Brady-Myers,Insurance,1-50,0.619,none,19,False,1.0,0.8046,1,0
ACC-003277,Choi-Nguyen,Insurance,1-50,0.657,compliance_mandate,4,False,0.0,0.5315,0,1
ACC-003278,Golden Ltd,Manufacturing,51-200,0.514,none,44,False,1.0,0.6407,1,0
ACC-003279,Moore Inc,Legal,1001-5000,0.972,none,3,False,1.0,0.7407,1,1
ACC-003280,Perry-Schmidt,Manufacturing,1-50,0.457,compliance_mandate,70,True,1.0,0.5141,0,0
ACC-003281,Sanchez and Sons,Healthcare,51-200,0.862,leadership_change,162,True,0.0,0.4961,0,1
ACC-003282,Hill-Goodman,Manufacturing,51-200,0.522,none,17,True,1.0,0.5676,1,0
ACC-003283,Martin LLC,Insurance,201-1000,0.696,none,72,False,0.0,,0,1
ACC-003284,"Gutierrez, Holt and Robinson",Technology,201-1000,0.584,funding_round,44,True,1.0,0.6591,1,0
ACC-003285,"Parks, Jordan and Berry",Manufacturing,51-200,0.37,none,12,True,0.0,0.2126,0,0
ACC-003286,"Gray, Hall and Hobbs",Insurance,201-1000,0.668,tech_refresh,3,False,0.0,0.7054,0,1
ACC-003287,Austin-Delgado,Government,1-50,0.521,none,55,False,1.0,0.5591,1,0
ACC-003288,Ortiz LLC,Manufacturing,51-200,0.583,leadership_change,21,False,0.0,0.6554,0,0
ACC-003289,Hardin Group,Technology,201-1000,0.423,none,40,False,0.0,0.2484,0,0
ACC-003290,Andrews Inc,Retail,1-50,0.347,none,65,True,1.0,0.4286,0,0
ACC-003291,"Juarez, Mitchell and Zamora",Real Estate,51-200,0.982,none,5,False,0.0,0.372,0,1
ACC-003292,Burnett-Larsen,Government,1-50,0.413,none,146,False,0.0,0.6283,0,0
ACC-003293,"Stephenson, Wheeler and Mccormick",Healthcare,201-1000,0.842,none,38,True,1.0,0.9315,1,1
ACC-003294,Miles PLC,Government,51-200,0.392,tech_refresh,12,False,0.0,0.7502,0,0
ACC-003295,Warren Group,Government,5000+,0.58,none,44,True,0.0,0.4812,0,0
ACC-003296,Taylor-Young,Insurance,1-50,0.649,none,41,False,0.0,0.157,0,0
ACC-003297,Mitchell and Sons,Retail,201-1000,0.357,none,6,False,1.0,0.5139,0,0
ACC-003298,Nelson and Sons,Healthcare,51-200,0.49,none,9,True,1.0,0.6824,0,0
ACC-003299,Ramirez-Mccann,Legal,5000+,0.772,none,7,False,0.0,0.7954,0,1
ACC-003300,Powers-Johnson,Real Estate,51-200,0.573,funding_round,23,False,1.0,0.8439,1,0
ACC-003301,"Brown, Hamilton and Beasley",Government,1-50,0.779,none,56,False,1.0,0.6829,1,1
ACC-003302,Valentine Ltd,Legal,1-50,1.0,none,21,False,1.0,0.8227,1,1
ACC-003303,Mathis Ltd,Insurance,51-200,0.915,leadership_change,9,False,1.0,0.7973,1,1
ACC-003304,"Francis, Kaiser and Jones",Real Estate,1-50,0.852,leadership_change,7,False,1.0,0.796,1,1
ACC-003305,Patterson-Evans,Retail,51-200,0.326,funding_round,57,False,0.0,0.2639,0,0
ACC-003306,Nash-King,Real Estate,1-50,0.586,none,16,False,1.0,0.7611,1,0
ACC-003307,Mitchell and Sons,Financial Services,201-1000,0.938,funding_round,6,False,1.0,0.7863,1,1
ACC-003308,"Edwards, Patton and Reed",Manufacturing,51-200,0.496,none,30,False,1.0,0.5327,0,0
ACC-003309,"Gilbert, Short and Buck",Insurance,5000+,0.857,none,23,False,1.0,0.5926,1,1
ACC-003310,"Lewis, Gutierrez and Acosta",Retail,5000+,0.444,none,0,False,1.0,0.5445,0,0
ACC-003311,Rhodes-Lopez,Technology,201-1000,0.419,none,118,False,1.0,0.5676,0,0
ACC-003312,"Hernandez, Burnett and Brown",Technology,1001-5000,0.793,none,11,False,1.0,0.7191,1,1
ACC-003313,Ramos-Becker,Government,51-200,0.674,none,20,False,0.0,,0,1
ACC-003314,"Gillespie, Friedman and Miller",Manufacturing,201-1000,0.371,none,3,False,1.0,0.6561,0,0
ACC-003315,Phillips LLC,Real Estate,201-1000,1.0,none,10,False,1.0,0.8349,1,1
ACC-003316,Smith Inc,Real Estate,5000+,0.827,none,5,False,1.0,0.7798,1,1
ACC-003317,Hubbard PLC,Manufacturing,201-1000,0.394,none,28,True,1.0,0.7661,0,0
ACC-003318,"Evans, Cook and Blair",Legal,51-200,0.855,none,36,False,1.0,0.6175,1,1
ACC-003319,Rowe-Phelps,Retail,51-200,0.389,funding_round,43,False,1.0,0.3033,0,0
ACC-003320,Fuller-Berger,Manufacturing,1001-5000,0.288,none,66,False,1.0,0.2992,0,0
ACC-003321,"Tanner, Jones and Phillips",Manufacturing,1-50,0.357,none,11,False,1.0,0.6538,0,0
ACC-003322,Vargas Inc,Technology,1-50,0.424,none,39,False,1.0,0.481,0,0
ACC-003323,Mcdonald-Rogers,Government,1-50,0.641,funding_round,22,False,1.0,0.87,1,0
ACC-003324,Warren Group,Government,201-1000,0.52,compliance_mandate,35,False,1.0,0.6213,1,0
ACC-003325,Rodriguez PLC,Insurance,51-200,0.823,none,9,False,1.0,0.3403,1,1
ACC-003326,"Bryant, Crawford and Garcia",Government,1-50,0.432,none,11,False,1.0,0.2302,0,0
ACC-003327,"Kelley, Rodriguez and Richardson",Legal,1001-5000,0.92,funding_round,13,False,1.0,0.8985,1,1
ACC-003328,Garcia-Cruz,Financial Services,201-1000,0.505,funding_round,7,False,1.0,0.5369,1,0
ACC-003329,"Harrison, Bishop and Richardson",Manufacturing,201-1000,0.405,none,61,False,1.0,0.6507,0,0
ACC-003330,Stevens-Patel,Government,1-50,0.637,compliance_mandate,0,False,0.0,0.7445,0,0
ACC-003331,Thompson Group,Manufacturing,51-200,0.527,none,14,False,1.0,0.7606,1,0
ACC-003332,Lawson and Sons,Legal,51-200,0.983,leadership_change,5,False,1.0,0.6478,1,1
ACC-003333,Rose PLC,Technology,201-1000,0.546,none,45,False,0.0,0.2573,0,0
ACC-003334,Smith-Burns,Real Estate,51-200,0.937,none,15,False,1.0,0.7908,1,1
ACC-003335,Chung Group,Manufacturing,201-1000,0.244,funding_round,25,False,1.0,0.8549,0,0
ACC-003336,Schultz Ltd,Retail,5000+,0.393,none,26,True,1.0,0.5778,0,0
ACC-003337,Allen-Jackson,Financial Services,1-50,0.845,none,2,False,0.0,0.5326,0,1
ACC-003338,"Burton, Stone and Davis",Financial Services,1-50,0.911,compliance_mandate,9,False,1.0,0.5673,1,1
ACC-003339,"Wolfe, Moore and Mann",Legal,201-1000,1.0,leadership_change,51,False,1.0,0.9168,1,1
ACC-003340,Terry Ltd,Financial Services,1-50,0.934,none,60,False,0.0,0.6477,0,1
ACC-003341,Phillips PLC,Manufacturing,51-200,0.544,leadership_change,5,False,1.0,0.7015,1,0
ACC-003342,"Weiss, White and Roberts",Manufacturing,1-50,0.34,leadership_change,19,False,1.0,0.2553,0,0
ACC-003343,Adams Ltd,Manufacturing,51-200,0.438,funding_round,8,False,1.0,0.7687,0,0
ACC-003344,"Randolph, Arias and Moore",Government,1001-5000,0.499,leadership_change,37,False,0.0,0.3437,0,0
ACC-003345,Duncan-Henry,Legal,201-1000,0.963,none,56,True,1.0,0.8965,1,1
ACC-003346,Stevens-Melton,Manufacturing,51-200,0.642,leadership_change,4,False,0.0,,0,0
ACC-003347,Steele LLC,Insurance,51-200,0.857,none,0,True,0.0,,0,1
ACC-003348,"Robinson, Watts and Rios",Healthcare,51-200,0.545,none,11,True,0.0,,0,0
ACC-003349,"Lee, Oneill and Willis",Financial Services,1-50,0.892,none,15,False,1.0,0.7125,1,1
ACC-003350,"Brock, Mckee and Camacho",Real Estate,1-50,0.761,funding_round,30,True,1.0,0.7656,1,1
ACC-003351,"Hill, Hawkins and Johnson",Insurance,201-1000,0.844,tech_refresh,7,False,1.0,0.3086,1,1
ACC-003352,Dyer PLC,Retail,51-200,0.303,none,99,False,1.0,0.6043,0,0
ACC-003353,"Cox, Robinson and Bradley",Government,1001-5000,0.695,compliance_mandate,2,False,1.0,0.8446,1,1
ACC-003354,Nash-Cervantes,Retail,51-200,0.362,none,23,False,0.0,0.1291,0,0
ACC-003355,"Hill, Dudley and Lopez",Real Estate,1-50,0.881,leadership_change,2,False,1.0,0.6129,1,1
ACC-003356,Bell-Bailey,Retail,201-1000,0.287,funding_round,18,True,1.0,0.5497,0,0
ACC-003357,Atkins Group,Government,201-1000,0.665,funding_round,5,False,1.0,0.9068,1,1
ACC-003358,"White, Smith and Anderson",Government,1-50,0.558,funding_round,13,False,1.0,0.541,1,0
ACC-003359,Pena Group,Insurance,1-50,0.746,funding_round,92,True,1.0,0.9004,1,1
ACC-003360,Douglas and Sons,Healthcare,51-200,0.579,none,39,False,1.0,0.7138,1,0
ACC-003361,"Rice, Figueroa and Conrad",Real Estate,51-200,0.801,none,57,False,1.0,0.479,1,1
ACC-003362,Wilson-Ramsey,Financial Services,5000+,0.811,none,46,False,1.0,0.8844,1,1
ACC-003363,"Mcdaniel, Brooks and Campbell",Technology,1-50,0.551,none,16,False,1.0,0.602,1,0
ACC-003364,Gray Ltd,Insurance,201-1000,0.765,none,50,False,1.0,0.7042,1,1
ACC-003365,Noble Inc,Insurance,1-50,0.586,none,2,False,1.0,0.5778,1,0
ACC-003366,Pena PLC,Manufacturing,201-1000,0.315,none,5,False,1.0,0.6838,0,0
ACC-003367,Obrien-Diaz,Legal,201-1000,0.655,none,25,False,1.0,0.7626,1,1
ACC-003368,Carter Ltd,Insurance,1-50,0.902,none,12,False,0.0,0.3543,0,1
ACC-003369,Tucker-Carr,Insurance,1001-5000,0.72,none,23,True,1.0,0.8978,1,1
ACC-003370,Newton-Phillips,Government,51-200,0.625,none,2,True,1.0,0.6635,1,0
ACC-003371,"Thomas, Hayes and Cooper",Technology,1-50,0.656,leadership_change,69,False,1.0,0.8363,1,1
ACC-003372,"Avila, Cooper and White",Legal,201-1000,0.937,none,19,False,1.0,0.8225,1,1
ACC-003373,Whitaker Ltd,Financial Services,1001-5000,0.781,compliance_mandate,0,False,1.0,0.6627,1,1
ACC-003374,"Warren, Collins and King",Legal,51-200,1.0,leadership_change,0,False,1.0,0.8709,1,1
ACC-003375,Brown PLC,Retail,5000+,0.338,tech_refresh,50,False,1.0,0.5,0,0
ACC-003376,"Rodgers, Phillips and Riggs",Legal,51-200,0.736,compliance_mandate,130,True,1.0,0.6033,1,1
ACC-003377,Huff-Payne,Financial Services,1-50,0.819,none,8,False,1.0,0.5898,1,1
ACC-003378,Gillespie PLC,Legal,51-200,0.918,leadership_change,27,False,1.0,0.6022,1,1
ACC-003379,Johnston-Knight,Legal,51-200,0.987,compliance_mandate,25,False,1.0,0.7699,1,1
ACC-003380,Mitchell-Williams,Technology,51-200,0.707,none,23,False,1.0,0.6446,1,1
ACC-003381,Bentley Inc,Technology,1-50,0.507,none,17,False,1.0,0.5461,1,0
ACC-003382,Tyler PLC,Manufacturing,1-50,0.516,none,9,False,0.0,0.3757,0,0
ACC-003383,"Young, Newman and Armstrong",Insurance,1-50,0.629,compliance_mandate,6,False,1.0,0.6862,1,0
ACC-003384,"Browning, Spears and Mccoy",Retail,5000+,0.414,tech_refresh,9,False,1.0,0.3993,0,0
ACC-003385,Cook-Chapman,Manufacturing,5000+,0.243,none,8,True,1.0,0.6697,0,0
ACC-003386,"Owens, Gibson and Owens",Insurance,51-200,0.786,compliance_mandate,0,False,1.0,0.7358,1,1
ACC-003387,Fernandez-Moses,Real Estate,51-200,0.787,leadership_change,53,True,1.0,0.816,1,1
ACC-003388,Scott-Smith,Manufacturing,1001-5000,0.188,none,26,False,1.0,0.5017,0,0
ACC-003389,Mcconnell and Sons,Manufacturing,1-50,0.46,compliance_mandate,19,True,1.0,0.7311,0,0
ACC-003390,Jenkins-Adams,Retail,51-200,0.357,leadership_change,28,False,0.0,0.7057,0,0
ACC-003391,"Lewis, Bentley and Gallagher",Technology,201-1000,0.43,none,8,False,1.0,0.5793,0,0
ACC-003392,Travis PLC,Financial Services,51-200,0.731,none,5,False,1.0,0.8629,1,1
ACC-003393,Phillips-Mendoza,Financial Services,51-200,0.694,none,38,False,1.0,0.3634,1,1
ACC-003394,George Inc,Financial Services,5000+,1.0,none,16,False,0.0,,0,1
ACC-003395,"Lopez, Knight and Patterson",Insurance,201-1000,0.835,none,42,False,1.0,0.6084,1,1
ACC-003396,Waller Ltd,Government,1001-5000,0.848,none,33,False,1.0,0.5438,1,1
ACC-003397,"Donovan, Palmer and Braun",Legal,201-1000,0.897,none,59,True,1.0,0.7777,1,1
ACC-003398,"Johnson, Walter and Pena",Technology,51-200,0.544,leadership_change,33,True,1.0,0.6482,1,0
ACC-003399,"Gutierrez, Clements and Brown",Healthcare,51-200,0.741,none,19,False,0.0,0.7276,0,1
ACC-003400,Weiss PLC,Financial Services,201-1000,0.84,funding_round,18,False,1.0,0.7075,1,1
ACC-003401,"Williams, Martinez and Lewis",Real Estate,51-200,0.862,leadership_change,24,True,1.0,0.7612,1,1
ACC-003402,Flynn-Nichols,Manufacturing,201-1000,0.139,tech_refresh,8,False,0.0,0.2462,0,0
ACC-003403,Schneider Ltd,Manufacturing,1001-5000,0.541,funding_round,48,False,0.0,0.4174,0,0
ACC-003404,"Allen, Wright and Jones",Government,1001-5000,0.582,compliance_mandate,8,False,0.0,,0,0
ACC-003405,Tucker Group,Legal,1-50,0.874,none,7,False,1.0,0.8078,1,1
ACC-003406,Clark-Parker,Financial Services,201-1000,0.82,none,41,True,1.0,0.8452,1,1
ACC-003407,Miller Ltd,Government,51-200,0.65,none,79,True,0.0,0.8398,0,1
ACC-003408,Lee PLC,Retail,1-50,0.462,funding_round,36,False,0.0,0.3982,0,0
ACC-003409,"Lewis, Fuller and Doyle",Healthcare,1001-5000,0.786,funding_round,138,False,1.0,0.3617,1,1
ACC-003410,Erickson Ltd,Legal,1-50,0.635,none,78,True,1.0,0.6516,1,0
ACC-003411,Bolton-Martinez,Retail,51-200,0.325,none,70,False,1.0,0.224,0,0
ACC-003412,"Peters, Kennedy and Miller",Manufacturing,51-200,0.377,compliance_mandate,7,False,1.0,0.8506,0,0
ACC-003413,Barnett and Sons,Healthcare,1-50,0.677,leadership_change,75,True,1.0,0.5052,1,1
ACC-003414,Bell-Hernandez,Manufacturing,51-200,0.521,none,25,True,1.0,0.702,1,0
ACC-003415,"Schneider, Kennedy and Steele",Retail,51-200,0.328,leadership_change,30,False,1.0,0.4885,0,0
ACC-003416,Anderson and Sons,Healthcare,51-200,0.605,none,5,False,1.0,0.3283,1,0
ACC-003417,"Daniel, Miller and Vasquez",Healthcare,1-50,0.627,compliance_mandate,3,False,1.0,0.6864,1,0
ACC-003418,"Williams, Hawkins and Pace",Real Estate,51-200,0.729,none,26,False,0.0,0.5155,0,1
ACC-003419,Miranda-Dean,Real Estate,1-50,0.679,none,8,False,1.0,0.5315,1,1
ACC-003420,Lewis-Kelly,Real Estate,201-1000,0.866,none,58,False,1.0,0.4939,1,1
ACC-003421,Marshall-Lucas,Technology,51-200,0.583,funding_round,0,False,0.0,0.6504,0,0
ACC-003422,Dean Group,Manufacturing,1-50,0.387,leadership_change,37,False,1.0,0.3343,0,0
ACC-003423,Franco LLC,Insurance,1-50,0.678,none,37,False,0.0,,0,1
ACC-003424,Perez-Moran,Real Estate,1-50,0.624,funding_round,10,True,1.0,0.8393,1,0
ACC-003425,Young Ltd,Manufacturing,1-50,0.613,none,18,False,0.0,0.6005,0,0
ACC-003426,"Koch, Craig and Santos",Technology,51-200,0.635,none,0,False,0.0,0.0999,0,0
ACC-003427,"Lee, Perez and Romero",Government,201-1000,0.591,leadership_change,26,False,1.0,0.4899,1,0
ACC-003428,Roberts-Walker,Government,1-50,0.735,funding_round,42,False,1.0,0.811,1,1
ACC-003429,Lyons Inc,Manufacturing,51-200,0.301,none,12,False,0.0,0.4407,0,0
ACC-003430,Garcia Group,Real Estate,1-50,0.668,funding_round,25,True,1.0,0.6882,1,1
ACC-003431,Bender Inc,Manufacturing,201-1000,0.407,none,43,False,0.0,0.1362,0,0
ACC-003432,"Scott, Lamb and Burton",Financial Services,51-200,0.775,none,27,False,0.0,0.438,0,1
ACC-003433,Johnson PLC,Legal,5000+,0.902,leadership_change,32,False,0.0,0.1424,0,1
ACC-003434,Fernandez Inc,Government,51-200,0.505,tech_refresh,123,False,1.0,0.6705,1,0
ACC-003435,"Lindsey, Moore and Thomas",Government,1-50,0.595,none,40,True,1.0,0.5788,1,0
ACC-003436,"Evans, Ingram and Moore",Insurance,51-200,0.578,leadership_change,13,False,1.0,0.7059,1,0
ACC-003437,Schmidt-Monroe,Real Estate,51-200,0.56,none,3,False,1.0,0.3933,1,0
ACC-003438,Key-Williams,Insurance,51-200,0.68,leadership_change,9,False,1.0,0.5321,1,1
ACC-003439,Hernandez-Trevino,Government,51-200,0.395,none,9,True,1.0,0.7314,0,0
ACC-003440,Powell-Owen,Financial Services,201-1000,0.786,none,6,False,1.0,0.4247,1,1
ACC-003441,Payne and Sons,Real Estate,51-200,0.645,none,9,False,0.0,0.5329,0,0
ACC-003442,Hurst-Harmon,Healthcare,51-200,0.564,none,48,False,1.0,0.4401,1,0
ACC-003443,Dennis-Norton,Manufacturing,201-1000,0.352,none,18,False,1.0,0.6454,0,0
ACC-003444,"Jones, Norris and Hammond",Real Estate,1-50,0.665,none,8,False,1.0,0.6359,1,1
ACC-003445,Lamb Ltd,Financial Services,201-1000,0.887,compliance_mandate,23,False,1.0,0.7884,1,1
ACC-003446,Edwards and Sons,Insurance,201-1000,0.987,compliance_mandate,0,False,1.0,0.7149,1,1
ACC-003447,"Lawson, Moore and Mclean",Legal,5000+,0.917,leadership_change,64,False,1.0,0.8142,1,1
ACC-003448,"Berger, Estes and Dawson",Legal,1001-5000,1.0,none,19,False,1.0,0.871,1,1
ACC-003449,Smith and Sons,Retail,1-50,0.38,tech_refresh,129,False,1.0,0.5344,0,0
ACC-003450,Anthony-Gonzales,Technology,1-50,0.403,none,29,False,1.0,0.7626,0,0
ACC-003451,Navarro Ltd,Government,1-50,0.462,none,24,False,1.0,0.7524,0,0
ACC-003452,"Carey, Shepard and Patterson",Healthcare,51-200,0.581,leadership_change,7,False,1.0,0.7729,1,0
ACC-003453,Kramer Group,Government,1001-5000,0.77,leadership_change,12,False,1.0,0.6348,1,1
ACC-003454,"Hoover, Johnson and Moore",Technology,51-200,0.674,none,13,False,1.0,0.6055,1,1
ACC-003455,Garza-Baker,Legal,201-1000,0.982,leadership_change,86,False,1.0,0.8034,1,1
ACC-003456,"Collins, Roberts and Blackburn",Financial Services,51-200,0.873,compliance_mandate,31,False,0.0,,0,1
ACC-003457,Harrell-Meyers,Insurance,1-50,0.929,leadership_change,13,False,1.0,0.4229,1,1
ACC-003458,"Tate, Harris and Lawrence",Healthcare,51-200,0.645,none,59,True,1.0,0.798,1,0
ACC-003459,Massey PLC,Technology,1001-5000,0.6,tech_refresh,7,False,0.0,0.4353,0,0
ACC-003460,"Green, Bishop and Dickerson",Financial Services,51-200,0.902,tech_refresh,47,False,1.0,0.7303,1,1
ACC-003461,"Saunders, Brooks and Jackson",Insurance,5000+,0.66,none,1,False,1.0,0.6009,1,1
ACC-003462,"Gray, Melendez and Watkins",Financial Services,51-200,0.962,none,62,False,1.0,0.7428,1,1
ACC-003463,Hernandez Group,Manufacturing,1-50,0.635,leadership_change,14,False,0.0,0.3178,0,0
ACC-003464,"Mckay, Russell and Lopez",Insurance,1-50,0.633,none,36,False,1.0,0.8549,1,0
ACC-003465,Giles-Schmidt,Insurance,201-1000,0.625,leadership_change,28,False,1.0,0.687,1,0
ACC-003466,Taylor-Miller,Legal,1-50,0.842,leadership_change,4,False,1.0,0.5003,1,1
ACC-003467,"Silva, Carr and Owens",Healthcare,1-50,0.771,none,2,True,1.0,0.9022,1,1
ACC-003468,Garcia LLC,Technology,51-200,0.633,none,36,False,1.0,0.5293,1,0
ACC-003469,"Carrillo, Fuller and Beasley",Legal,201-1000,0.957,none,22,False,0.0,,0,1
ACC-003470,Johnson Inc,Government,51-200,0.546,none,3,False,0.0,0.3115,0,0
ACC-003471,Ryan Group,Real Estate,1-50,0.904,none,0,False,0.0,,0,1
ACC-003472,"Jones, Arellano and Gallegos",Legal,51-200,0.831,none,65,False,1.0,0.7105,1,1
ACC-003473,"Miles, Shaw and Taylor",Technology,1-50,0.774,leadership_change,7,False,1.0,0.6354,1,1
ACC-003474,Young LLC,Legal,1-50,1.0,funding_round,3,True,1.0,0.9503,1,1
ACC-003475,"Christensen, Moore and Carter",Healthcare,1-50,0.668,none,2,False,1.0,0.7576,1,1
ACC-003476,Evans-Fletcher,Technology,1001-5000,0.636,tech_refresh,15,False,1.0,0.4335,1,0
ACC-003477,Dickerson LLC,Retail,1-50,0.404,leadership_change,1,False,1.0,0.8527,0,0
ACC-003478,Holland Ltd,Healthcare,201-1000,0.719,none,12,True,0.0,0.6354,0,1
ACC-003479,Bender PLC,Government,201-1000,0.471,none,21,False,1.0,0.6957,0,0
ACC-003480,Benton Ltd,Financial Services,5000+,0.841,tech_refresh,0,False,0.0,0.2608,0,1
ACC-003481,"Olsen, Chandler and Valdez",Real Estate,5000+,0.965,funding_round,85,False,1.0,0.5852,1,1
ACC-003482,"Turner, Nielsen and Dalton",Legal,1-50,0.937,tech_refresh,119,False,0.0,0.6008,0,1
ACC-003483,Howe Ltd,Government,201-1000,0.655,none,20,False,1.0,0.6653,1,1
ACC-003484,Gonzalez-Johnson,Legal,201-1000,1.0,compliance_mandate,48,False,1.0,0.857,1,1
ACC-003485,Schwartz-Rodriguez,Real Estate,1-50,0.932,none,25,False,0.0,,0,1
ACC-003486,"Calderon, Jones and Moore",Retail,201-1000,0.473,compliance_mandate,91,False,1.0,0.8121,0,0
ACC-003487,Schmidt Group,Financial Services,1-50,0.706,compliance_mandate,7,False,1.0,0.7295,1,1
ACC-003488,"Gomez, Jones and Green",Government,201-1000,0.368,tech_refresh,36,False,1.0,0.3022,0,0
ACC-003489,"Dunlap, Hayes and Perez",Government,51-200,0.907,none,48,True,0.0,0.6404,0,1
ACC-003490,"Stevenson, Freeman and Johnson",Insurance,51-200,0.596,none,106,False,0.0,0.3764,0,0
ACC-003491,Ray-Smith,Government,51-200,0.676,none,8,True,1.0,0.7645,1,1
ACC-003492,Ward-Robinson,Real Estate,51-200,0.859,leadership_change,21,True,1.0,0.9206,1,1
ACC-003493,"Taylor, Woodard and Smith",Technology,1001-5000,0.611,funding_round,14,False,1.0,0.6534,1,0
ACC-003494,"Simon, Wright and Conway",Government,51-200,0.733,compliance_mandate,6,False,1.0,0.683,1,1
ACC-003495,"Patton, Wood and Hensley",Technology,1001-5000,0.456,none,7,False,1.0,0.209,0,0
ACC-003496,Cruz Ltd,Real Estate,201-1000,0.674,none,65,False,1.0,0.4528,1,1
ACC-003497,"Chavez, Young and Mcclure",Legal,1001-5000,0.999,tech_refresh,48,False,1.0,0.7233,1,1
ACC-003498,"Robinson, Navarro and Stephens",Real Estate,1001-5000,0.808,none,33,False,1.0,0.7621,1,1
ACC-003499,"Fleming, Johnston and Baxter",Financial Services,1001-5000,0.95,none,24,False,1.0,0.7872,1,1
ACC-003500,"Yates, Park and Krueger",Manufacturing,201-1000,0.634,none,3,True,0.0,,0,0
ACC-003501,Mayer LLC,Manufacturing,51-200,0.479,none,12,False,1.0,0.8427,0,0
ACC-003502,Lawson Inc,Financial Services,5000+,0.689,compliance_mandate,3,False,1.0,0.6468,1,1
ACC-003503,Harris-Thomas,Legal,1-50,0.829,compliance_mandate,67,False,0.0,0.5233,0,1
ACC-003504,Martin LLC,Government,51-200,0.759,compliance_mandate,22,True,1.0,0.6581,1,1
ACC-003505,Ramirez-Miller,Retail,1-50,0.144,none,58,False,0.0,0.1971,0,0
ACC-003506,"Fuentes, Hughes and Barnes",Financial Services,51-200,0.888,none,4,False,0.0,0.1231,0,1
ACC-003507,Marks-Marsh,Legal,1001-5000,1.0,none,26,False,1.0,0.5744,1,1
ACC-003508,"Malone, Hunt and Jenkins",Manufacturing,1-50,0.266,compliance_mandate,45,False,1.0,0.5052,0,0
ACC-003509,"Ball, Mathews and Davis",Government,201-1000,0.526,none,37,False,1.0,0.78,1,0
ACC-003510,Edwards Group,Legal,1-50,0.936,tech_refresh,46,True,1.0,0.9137,1,1
ACC-003511,Wilson-Gordon,Government,1001-5000,0.702,compliance_mandate,7,True,1.0,0.8615,1,1
ACC-003512,"Choi, Sanchez and Benson",Manufacturing,5000+,0.298,none,49,False,1.0,0.5438,0,0
ACC-003513,"Yates, Carter and Nguyen",Manufacturing,1-50,0.484,none,43,False,1.0,0.8424,0,0
ACC-003514,Gonzales Ltd,Real Estate,1-50,0.801,none,5,False,1.0,0.6322,1,1
ACC-003515,Morales Ltd,Government,51-200,0.497,tech_refresh,0,False,1.0,0.6697,0,0
ACC-003516,Wagner LLC,Government,201-1000,0.521,leadership_change,47,False,1.0,0.6486,1,0
ACC-003517,Moore LLC,Government,1-50,0.47,funding_round,42,False,0.0,0.3939,0,0
ACC-003518,"Richmond, Thomas and Lopez",Government,201-1000,0.649,none,39,True,1.0,0.7859,1,0
ACC-003519,Le Inc,Government,201-1000,0.742,funding_round,5,False,1.0,0.8335,1,1
ACC-003520,Ruiz-Reyes,Technology,51-200,0.398,none,25,True,1.0,0.8036,0,0
ACC-003521,"Williams, Greer and Martinez",Manufacturing,51-200,0.577,none,5,True,0.0,0.5537,0,0
ACC-003522,Stafford-Vega,Insurance,1001-5000,0.796,none,20,True,1.0,0.6508,1,1
ACC-003523,Little Group,Insurance,51-200,0.503,funding_round,64,False,0.0,0.7804,0,0
ACC-003524,"Torres, Moore and Rose",Retail,201-1000,0.681,funding_round,55,True,1.0,0.9275,1,1
ACC-003525,"Baker, Newman and Ortiz",Insurance,201-1000,0.754,none,18,False,1.0,0.6902,1,1
ACC-003526,Contreras-Cortez,Legal,1-50,0.857,none,90,True,1.0,0.8152,1,1
ACC-003527,Hoffman-West,Real Estate,1-50,0.91,none,0,False,0.0,0.6852,0,1
ACC-003528,"Gonzalez, Carrillo and Morris",Insurance,1-50,0.82,compliance_mandate,26,False,1.0,0.7503,1,1
ACC-003529,Key LLC,Legal,51-200,0.495,none,69,False,1.0,0.625,0,0
ACC-003530,Martinez-Long,Real Estate,1-50,0.656,tech_refresh,59,False,1.0,0.7961,1,1
ACC-003531,Mcmillan LLC,Manufacturing,1-50,0.511,compliance_mandate,16,False,1.0,0.6616,1,0
ACC-003532,"Gomez, Kim and Herrera",Retail,1-50,0.394,none,13,False,1.0,0.2129,0,0
ACC-003533,"Reed, Richardson and Briggs",Legal,201-1000,0.677,compliance_mandate,4,True,1.0,0.883,1,1
ACC-003534,Vasquez PLC,Financial Services,201-1000,0.895,none,32,False,1.0,0.659,1,1
ACC-003535,Beasley Inc,Financial Services,5000+,0.954,none,27,False,1.0,0.9149,1,1
ACC-003536,Payne Ltd,Manufacturing,1001-5000,0.118,leadership_change,4,False,0.0,,0,0
ACC-003537,Brock-Price,Retail,1-50,0.368,none,17,False,1.0,0.556,0,0
ACC-003538,Tyler-Villarreal,Manufacturing,51-200,0.455,none,12,False,1.0,0.4774,0,0
ACC-003539,Brock PLC,Legal,1001-5000,0.893,leadership_change,17,True,1.0,0.6418,1,1
ACC-003540,Taylor PLC,Legal,1-50,0.972,compliance_mandate,7,False,0.0,0.9139,0,1
ACC-003541,Bass Inc,Real Estate,1-50,0.888,tech_refresh,12,False,0.0,0.3911,0,1
ACC-003542,Jennings Ltd,Manufacturing,1-50,0.268,tech_refresh,4,False,1.0,0.8527,0,0
ACC-003543,Moon-Johnson,Financial Services,1-50,1.0,funding_round,52,False,1.0,0.913,1,1
ACC-003544,"Singleton, Nelson and Moses",Technology,1001-5000,0.417,none,31,True,1.0,0.3682,0,0
ACC-003545,Griffith-Webster,Healthcare,51-200,0.52,none,8,False,1.0,0.6689,1,0
ACC-003546,"Strong, Schmidt and Lloyd",Government,201-1000,0.598,leadership_change,23,False,1.0,0.5424,1,0
ACC-003547,Davies and Sons,Insurance,1-50,0.877,funding_round,9,False,1.0,0.8568,1,1
ACC-003548,"Atkins, Miller and Silva",Manufacturing,1-50,0.493,funding_round,5,False,1.0,0.6546,0,0
ACC-003549,Jordan Ltd,Manufacturing,51-200,0.381,none,0,False,1.0,0.6047,0,0
ACC-003550,"Wells, Smith and Smith",Legal,1-50,0.917,compliance_mandate,7,False,1.0,0.823,1,1
ACC-003551,Hughes-Harding,Legal,51-200,1.0,compliance_mandate,7,False,1.0,0.7713,1,1
ACC-003552,Miller-Lyons,Real Estate,51-200,0.817,none,0,False,1.0,0.7164,1,1
ACC-003553,Moreno-Lucas,Legal,201-1000,0.765,none,39,False,1.0,0.8809,1,1
ACC-003554,Waters Ltd,Government,51-200,0.669,none,17,True,1.0,0.5955,1,1
ACC-003555,"Gilbert, Greer and Robinson",Insurance,1-50,0.565,funding_round,29,False,1.0,0.4418,1,0
ACC-003556,Jenkins-Wright,Financial Services,201-1000,0.91,leadership_change,8,False,0.0,,0,1
ACC-003557,"Garcia, Stewart and Kerr",Legal,51-200,0.924,none,10,False,1.0,0.8453,1,1
ACC-003558,"Thompson, Valencia and Sandoval",Real Estate,201-1000,0.878,funding_round,80,False,1.0,0.895,1,1
ACC-003559,"Salazar, Mccullough and Shelton",Technology,1001-5000,0.272,none,79,True,1.0,0.6855,0,0
ACC-003560,Johnson-Farrell,Real Estate,1-50,0.769,funding_round,0,True,1.0,0.8973,1,1
ACC-003561,Yu and Sons,Healthcare,51-200,0.718,none,25,False,1.0,0.6619,1,1
ACC-003562,Brock-Frederick,Real Estate,1-50,0.812,none,12,False,1.0,0.4874,1,1
ACC-003563,"Black, Frank and Stewart",Retail,1001-5000,0.521,none,8,False,1.0,0.622,1,0
ACC-003564,"Yu, Phillips and Andrews",Financial Services,1-50,0.66,none,71,True,1.0,0.8637,1,1
ACC-003565,Rodriguez-Ford,Insurance,201-1000,0.882,none,16,False,1.0,0.7078,1,1
ACC-003566,Malone PLC,Insurance,1-50,0.888,none,21,True,1.0,0.4631,1,1
ACC-003567,"Castro, Francis and Schneider",Retail,51-200,0.429,tech_refresh,23,True,1.0,0.8255,0,0
ACC-003568,Snyder-Swanson,Financial Services,1-50,0.815,none,43,False,1.0,0.7071,1,1
ACC-003569,Cole-Brown,Retail,5000+,0.3,none,27,False,1.0,0.5967,0,0
ACC-003570,Tran-Alvarado,Healthcare,5000+,0.755,none,13,False,0.0,0.3102,0,1
ACC-003571,Mcdaniel-Kaiser,Manufacturing,5000+,0.46,none,61,False,1.0,0.7053,0,0
ACC-003572,"Berry, Craig and Buck",Government,51-200,0.603,none,6,False,1.0,0.7031,1,0
ACC-003573,Lindsey-Leach,Insurance,5000+,0.689,tech_refresh,5,False,1.0,0.9074,1,1
ACC-003574,Morse Group,Healthcare,201-1000,0.494,funding_round,52,False,1.0,0.6798,0,0
ACC-003575,Bell-Obrien,Manufacturing,1001-5000,0.544,none,68,False,1.0,0.4016,1,0
ACC-003576,Black-Baker,Retail,1-50,0.282,none,39,False,0.0,0.2194,0,0
ACC-003577,Davis-Montes,Insurance,1001-5000,1.0,compliance_mandate,15,False,1.0,0.8275,1,1
ACC-003578,Campbell and Sons,Real Estate,51-200,0.624,leadership_change,5,True,1.0,0.4063,1,0
ACC-003579,"Alexander, Kim and Mccormick",Manufacturing,201-1000,0.408,funding_round,2,False,0.0,0.2618,0,0
ACC-003580,Wilson-Wilson,Retail,51-200,0.44,none,4,True,1.0,0.8343,0,0
ACC-003581,"Jones, Thomas and Hernandez",Healthcare,51-200,0.707,none,1,False,1.0,0.6342,1,1
ACC-003582,Gallagher-Larsen,Manufacturing,1001-5000,0.346,leadership_change,41,False,1.0,0.7668,0,0
ACC-003583,Glenn-Hayes,Retail,51-200,0.477,none,19,False,1.0,0.7584,0,0
ACC-003584,"Graves, White and Cummings",Retail,1-50,0.415,tech_refresh,36,False,1.0,0.6957,0,0
ACC-003585,"Petersen, Smith and Hunter",Insurance,5000+,0.957,none,65,False,1.0,0.9329,1,1
ACC-003586,Mercer-Rodriguez,Legal,1-50,0.801,none,115,True,1.0,0.7591,1,1
ACC-003587,"Ramos, Harrell and Mcdonald",Government,5000+,0.415,compliance_mandate,85,False,1.0,0.7442,0,0
ACC-003588,"Mahoney, Sellers and Russell",Healthcare,201-1000,0.486,funding_round,26,False,1.0,0.5411,0,0
ACC-003589,Campbell-Andersen,Financial Services,5000+,0.819,none,5,False,1.0,0.6451,1,1
ACC-003590,Schneider-Perez,Insurance,51-200,0.849,none,1,False,1.0,0.4931,1,1
ACC-003591,Wells and Sons,Insurance,201-1000,0.844,none,1,False,1.0,0.8109,1,1
ACC-003592,Allen Ltd,Manufacturing,1-50,0.575,tech_refresh,22,False,1.0,0.786,1,0
ACC-003593,Love and Sons,Retail,51-200,0.232,leadership_change,31,True,0.0,,0,0
ACC-003594,Rodriguez-Hayes,Real Estate,1-50,0.897,leadership_change,6,False,1.0,0.8971,1,1
ACC-003595,Cummings Inc,Healthcare,5000+,0.793,funding_round,45,True,0.0,0.6731,0,1
ACC-003596,Arellano-Reed,Insurance,1-50,0.658,compliance_mandate,5,True,1.0,0.7511,1,1
ACC-003597,Yoder Group,Retail,51-200,0.275,none,22,False,1.0,0.6292,0,0
ACC-003598,"Short, Sullivan and Carroll",Insurance,51-200,0.657,none,54,False,1.0,0.6093,1,1
ACC-003599,Price-Reyes,Healthcare,201-1000,0.683,funding_round,12,False,0.0,0.7446,0,1
ACC-003600,"Carr, Hernandez and Green",Real Estate,201-1000,0.91,compliance_mandate,92,False,1.0,0.7793,1,1
ACC-003601,"Mcbride, Hall and Murphy",Financial Services,1001-5000,0.815,none,115,False,1.0,0.8611,1,1
ACC-003602,Anderson-Gallagher,Insurance,1-50,0.995,none,55,False,1.0,0.7223,1,1
ACC-003603,Hicks-Juarez,Financial Services,201-1000,0.967,none,9,False,1.0,0.6636,1,1
ACC-003604,Stephens-Parrish,Retail,1-50,0.028,none,15,False,1.0,0.5744,0,0
ACC-003605,Moore Inc,Technology,201-1000,0.541,compliance_mandate,20,True,1.0,0.9629,1,0
ACC-003606,Fuller-Cobb,Legal,51-200,0.723,none,88,False,1.0,0.9547,1,1
ACC-003607,"Burton, Jackson and Johnson",Government,1-50,0.596,leadership_change,13,False,1.0,0.7739,1,0
ACC-003608,"Flowers, Flores and Baldwin",Manufacturing,51-200,0.349,none,12,False,1.0,0.3753,0,0
ACC-003609,"Johnson, Hall and Jenkins",Technology,1-50,0.455,none,20,False,0.0,0.0626,0,0
ACC-003610,Holder and Sons,Retail,1-50,0.446,funding_round,21,False,1.0,0.6615,0,0
ACC-003611,"Collins, Wagner and Martinez",Government,1001-5000,0.463,compliance_mandate,1,False,1.0,0.5489,0,0
ACC-003612,Riley-Jones,Manufacturing,201-1000,0.731,compliance_mandate,1,True,0.0,0.2844,0,1
ACC-003613,Lee and Sons,Insurance,1-50,0.916,funding_round,21,False,0.0,,0,1
ACC-003614,Johnston-Harmon,Retail,1-50,0.149,tech_refresh,21,False,1.0,0.8873,0,0
ACC-003615,Lopez-Mckinney,Technology,1-50,0.319,none,46,True,0.0,0.6229,0,0
ACC-003616,"Todd, Edwards and Williams",Retail,201-1000,0.41,leadership_change,31,False,1.0,0.6609,0,0
ACC-003617,Murphy-Reilly,Financial Services,51-200,0.94,none,6,False,1.0,0.8273,1,1
ACC-003618,Graham PLC,Legal,201-1000,0.813,none,7,True,1.0,0.7528,1,1
ACC-003619,Rollins Ltd,Retail,1001-5000,0.361,none,29,True,1.0,0.515,0,0
ACC-003620,"Haynes, Parrish and Long",Government,51-200,0.701,leadership_change,4,False,1.0,0.5831,1,1
ACC-003621,"Caldwell, Lamb and Anderson",Insurance,201-1000,0.726,none,112,False,1.0,0.5351,1,1
ACC-003622,Warren-Curry,Manufacturing,51-200,0.559,none,14,True,0.0,0.7009,0,0
ACC-003623,"Williams, Jones and Ramirez",Real Estate,51-200,0.853,compliance_mandate,11,False,1.0,0.6868,1,1
ACC-003624,Gonzales Ltd,Healthcare,201-1000,0.85,none,76,True,1.0,0.8283,1,1
ACC-003625,Sullivan Inc,Retail,1-50,0.583,leadership_change,49,False,1.0,0.6687,1,0
ACC-003626,King LLC,Retail,1-50,0.416,none,7,False,1.0,0.5017,0,0
ACC-003627,Brown LLC,Retail,1-50,0.388,funding_round,38,True,1.0,0.5574,0,0
ACC-003628,Carroll-Smith,Government,201-1000,0.499,none,15,False,0.0,0.6238,0,0
ACC-003629,"Fox, Phillips and Gray",Retail,51-200,0.695,compliance_mandate,21,False,1.0,0.7637,1,1
ACC-003630,Leon-Hunt,Government,201-1000,0.711,compliance_mandate,25,True,1.0,0.7635,1,1
ACC-003631,Arias-Young,Healthcare,51-200,0.662,none,45,True,1.0,0.7798,1,1
ACC-003632,"Reyes, Castro and Padilla",Technology,51-200,0.529,leadership_change,38,False,1.0,0.6475,1,0
ACC-003633,"Chan, Stewart and Rodriguez",Healthcare,51-200,0.764,tech_refresh,11,False,1.0,0.6648,1,1
ACC-003634,Russo-Davis,Legal,201-1000,0.916,leadership_change,183,False,1.0,0.8232,1,1
ACC-003635,"Roberts, Swanson and Garcia",Legal,1-50,0.979,none,44,False,1.0,0.7407,1,1
ACC-003636,Hunt PLC,Financial Services,51-200,0.888,funding_round,46,False,0.0,0.659,0,1
ACC-003637,Perez-Armstrong,Technology,201-1000,0.515,none,13,False,1.0,0.7986,1,0
ACC-003638,"Jensen, Turner and Ortiz",Technology,1-50,0.501,compliance_mandate,26,False,1.0,0.766,1,0
ACC-003639,Clark Ltd,Legal,5000+,0.752,none,48,False,1.0,0.78,1,1
ACC-003640,"Martin, Walker and Adkins",Real Estate,1-50,0.743,leadership_change,43,False,0.0,0.1131,0,1
ACC-003641,Holland-Perry,Retail,201-1000,0.578,tech_refresh,0,False,1.0,0.7543,1,0
ACC-003642,Knox-Ramos,Government,1001-5000,0.59,compliance_mandate,16,False,0.0,,0,0
ACC-003643,"Boone, Parker and Becker",Real Estate,1-50,0.74,none,44,False,1.0,0.6143,1,1
ACC-003644,"Ferguson, Cross and Smith",Healthcare,1-50,0.815,none,8,False,1.0,0.5611,1,1
ACC-003645,"Taylor, Horton and Bailey",Manufacturing,1-50,0.403,funding_round,68,True,1.0,0.8733,0,0
ACC-003646,"Nguyen, Hart and Robinson",Financial Services,51-200,0.936,none,39,False,1.0,0.779,1,1
ACC-003647,"Dominguez, Clarke and Miller",Healthcare,51-200,0.692,none,4,False,0.0,0.2227,0,1
ACC-003648,Smith-Ward,Technology,1-50,0.65,leadership_change,2,False,1.0,0.6492,1,1
ACC-003649,Martinez-Benjamin,Technology,1001-5000,0.603,tech_refresh,2,False,0.0,,0,0
ACC-003650,"Wright, Meyer and Montes",Financial Services,51-200,0.849,leadership_change,0,False,0.0,0.7825,0,1
ACC-003651,"Wilkinson, Bush and Ibarra",Financial Services,201-1000,0.851,none,3,True,1.0,0.8577,1,1
ACC-003652,Henderson and Sons,Healthcare,1-50,0.592,leadership_change,1,False,0.0,,0,0
ACC-003653,"Knight, Dunn and Dean",Government,51-200,0.826,leadership_change,25,False,1.0,0.6325,1,1
ACC-003654,Brown-Franklin,Real Estate,201-1000,0.796,none,0,False,1.0,0.6132,1,1
ACC-003655,Hammond Group,Government,1-50,0.71,tech_refresh,5,False,1.0,0.7653,1,1
ACC-003656,Gibson-Johnson,Technology,51-200,0.782,leadership_change,1,False,1.0,0.6116,1,1
ACC-003657,Lewis Group,Retail,1-50,0.361,none,1,False,0.0,0.2966,0,0
ACC-003658,"Frazier, Monroe and Bauer",Manufacturing,51-200,0.321,none,42,False,0.0,0.8785,0,0
ACC-003659,Pierce and Sons,Technology,51-200,0.602,none,39,False,1.0,0.6832,1,0
ACC-003660,"West, Garcia and Foley",Retail,1001-5000,0.365,none,17,False,1.0,0.344,0,0
ACC-003661,Guzman-Cole,Technology,1001-5000,0.517,none,23,False,1.0,0.7099,1,0
ACC-003662,"Smith, Wallace and Wilson",Real Estate,201-1000,0.795,none,23,True,1.0,0.7575,1,1
ACC-003663,"Valencia, Wiggins and Gomez",Financial Services,51-200,0.74,compliance_mandate,3,False,1.0,0.8528,1,1
ACC-003664,Smith-Rivera,Manufacturing,201-1000,0.351,none,2,False,1.0,0.6946,0,0
ACC-003665,Jones-Duncan,Insurance,51-200,0.54,none,1,True,1.0,0.8064,1,0
ACC-003666,"Gordon, Moore and Sanchez",Insurance,5000+,0.81,compliance_mandate,0,False,1.0,0.6133,1,1
ACC-003667,Garza-Heath,Healthcare,1001-5000,0.607,none,64,True,1.0,0.5263,1,0
ACC-003668,Jones and Sons,Financial Services,5000+,0.899,funding_round,9,False,1.0,0.6759,1,1
ACC-003669,Martinez-Lopez,Financial Services,51-200,0.766,none,62,False,1.0,0.9304,1,1
ACC-003670,Garcia LLC,Financial Services,51-200,1.0,leadership_change,8,False,1.0,0.7606,1,1
ACC-003671,"Contreras, Wilson and Taylor",Technology,51-200,0.431,tech_refresh,2,False,1.0,0.4578,0,0
ACC-003672,Andrews-Jackson,Legal,51-200,0.951,none,65,False,0.0,0.6624,0,1
ACC-003673,"Pope, Vargas and Robinson",Technology,5000+,0.575,tech_refresh,9,False,0.0,0.4863,0,0
ACC-003674,"Johnson, Shaw and Collins",Manufacturing,201-1000,0.428,none,3,False,1.0,0.5998,0,0
ACC-003675,Powers and Sons,Legal,51-200,1.0,leadership_change,30,True,1.0,0.8437,1,1
ACC-003676,Yang Inc,Healthcare,51-200,0.685,none,67,False,1.0,0.3801,1,1
ACC-003677,"Hernandez, Salas and Sanchez",Financial Services,1001-5000,0.941,tech_refresh,21,False,1.0,0.6287,1,1
ACC-003678,Fox-Bush,Legal,1-50,0.824,funding_round,19,False,1.0,0.8793,1,1
ACC-003679,"Watts, Greene and Martin",Government,201-1000,0.587,none,70,False,1.0,0.5982,1,0
ACC-003680,Rowland Ltd,Financial Services,51-200,0.845,compliance_mandate,29,False,1.0,0.7295,1,1
ACC-003681,"Kirk, Davis and Garcia",Insurance,1-50,0.741,leadership_change,14,False,0.0,0.5975,0,1
ACC-003682,"Parker, Lopez and Esparza",Retail,51-200,0.376,none,23,False,0.0,0.4491,0,0
ACC-003683,Jimenez LLC,Healthcare,1001-5000,0.912,none,44,True,1.0,0.8876,1,1
ACC-003684,"Knight, Browning and Keith",Financial Services,1001-5000,0.872,leadership_change,62,False,1.0,0.9158,1,1
ACC-003685,"Cline, Bennett and Becker",Retail,51-200,0.235,none,5,False,1.0,0.4342,0,0
ACC-003686,"Allen, Jackson and Ruiz",Manufacturing,1-50,0.528,none,45,False,0.0,0.1432,0,0
ACC-003687,"Harris, Hernandez and Cunningham",Retail,51-200,0.36,compliance_mandate,14,False,0.0,0.4021,0,0
ACC-003688,"Rodriguez, Lane and Banks",Financial Services,51-200,0.917,none,3,True,0.0,,0,1
ACC-003689,Russell-Bowen,Manufacturing,51-200,0.514,tech_refresh,40,False,1.0,0.7126,1,0
ACC-003690,Clark-Fuller,Manufacturing,51-200,0.514,funding_round,53,False,0.0,0.0673,0,0
ACC-003691,Molina-Parker,Manufacturing,1-50,0.378,compliance_mandate,6,False,1.0,0.7537,0,0
ACC-003692,Greene Group,Technology,5000+,0.422,none,69,False,0.0,0.3541,0,0
ACC-003693,Weber Group,Legal,201-1000,0.955,none,36,False,1.0,0.7013,1,1
ACC-003694,Jones Group,Technology,1-50,0.691,none,24,False,1.0,0.6501,1,1
ACC-003695,Copeland Ltd,Healthcare,1-50,0.555,tech_refresh,59,False,1.0,0.5885,1,0
ACC-003696,Jordan and Sons,Government,51-200,0.762,none,53,False,1.0,0.8264,1,1
ACC-003697,Johnson Ltd,Healthcare,1-50,0.684,tech_refresh,83,False,1.0,0.5283,1,1
ACC-003698,Espinoza and Sons,Healthcare,51-200,0.784,none,32,False,1.0,0.8016,1,1
ACC-003699,"Simpson, Bell and Nelson",Real Estate,51-200,0.881,none,5,False,0.0,,0,1
ACC-003700,Brown Inc,Retail,1-50,0.577,funding_round,10,False,1.0,0.7222,1,0
ACC-003701,"Knight, Jones and Robinson",Government,5000+,0.409,none,3,False,0.0,0.6823,0,0
ACC-003702,Moreno Ltd,Insurance,201-1000,0.692,leadership_change,6,False,1.0,0.5481,1,1
ACC-003703,Foley and Sons,Healthcare,5000+,0.474,none,35,False,1.0,0.4226,0,0
ACC-003704,Nelson-Bell,Government,51-200,0.514,funding_round,18,False,1.0,0.5258,1,0
ACC-003705,Hernandez-Martinez,Healthcare,1-50,0.424,leadership_change,29,True,1.0,0.7492,0,0
ACC-003706,"Moreno, Jackson and Miles",Government,201-1000,0.685,none,10,False,0.0,0.7147,0,1
ACC-003707,"Boyd, Nguyen and Horn",Legal,1-50,1.0,leadership_change,3,True,1.0,0.7588,1,1
ACC-003708,Randall LLC,Government,1-50,0.5,none,6,False,0.0,,0,0
ACC-003709,"Thompson, Myers and Andrews",Manufacturing,5000+,0.509,funding_round,70,False,1.0,0.7488,1,0
ACC-003710,Mendoza-Mcdonald,Manufacturing,51-200,0.426,tech_refresh,0,False,1.0,0.5555,0,0
ACC-003711,"Webb, Nguyen and Jackson",Government,51-200,0.465,none,10,True,1.0,0.6316,0,0
ACC-003712,Young-Boyd,Government,201-1000,0.316,none,5,False,1.0,0.4094,0,0
ACC-003713,Henry-Bennett,Insurance,1-50,0.982,tech_refresh,14,False,1.0,0.7873,1,1
ACC-003714,"Smith, Robertson and Hill",Government,201-1000,0.458,leadership_change,8,True,1.0,0.8146,0,0
ACC-003715,"Young, Cruz and Long",Real Estate,1-50,0.604,leadership_change,11,False,1.0,0.8785,1,0
ACC-003716,"Richard, Barnett and Middleton",Retail,51-200,0.307,none,17,True,1.0,0.8332,0,0
ACC-003717,Welch Ltd,Technology,1-50,0.476,none,34,False,1.0,0.9192,0,0
ACC-003718,Palmer-Walker,Financial Services,51-200,0.89,none,50,False,1.0,0.7983,1,1
ACC-003719,Robertson and Sons,Manufacturing,51-200,0.398,none,18,False,1.0,0.6412,0,0
ACC-003720,Avery and Sons,Retail,51-200,0.701,leadership_change,30,True,1.0,0.705,1,1
ACC-003721,"Robinson, Anderson and Reed",Manufacturing,201-1000,0.369,none,24,False,0.0,0.26,0,0
ACC-003722,"Miller, Sanders and Horton",Healthcare,1001-5000,0.961,tech_refresh,8,False,1.0,0.6663,1,1
ACC-003723,Mccann LLC,Insurance,201-1000,0.72,tech_refresh,1,False,1.0,0.6002,1,1
ACC-003724,"Colon, Baxter and Ross",Real Estate,1001-5000,0.825,funding_round,12,False,1.0,0.8078,1,1
ACC-003725,Whitaker Ltd,Retail,201-1000,0.381,leadership_change,1,False,1.0,0.5417,0,0
ACC-003726,Perez LLC,Financial Services,51-200,0.698,none,26,True,1.0,0.8001,1,1
ACC-003727,Stephenson Ltd,Insurance,1-50,0.869,funding_round,58,False,1.0,0.6137,1,1
ACC-003728,"Gibson, Simpson and Peterson",Healthcare,5000+,0.759,tech_refresh,79,False,0.0,0.4822,0,1
ACC-003729,"Fletcher, Shepherd and Miles",Real Estate,201-1000,0.853,compliance_mandate,35,True,1.0,0.9035,1,1
ACC-003730,Jackson-Williams,Legal,201-1000,1.0,none,32,False,1.0,0.9163,1,1
ACC-003731,"Harris, Hawkins and Holder",Insurance,201-1000,0.845,none,68,False,0.0,0.4044,0,1
ACC-003732,Cooper Group,Healthcare,1-50,0.451,none,2,False,1.0,0.5766,0,0
ACC-003733,Fisher LLC,Financial Services,201-1000,0.901,none,84,False,1.0,0.496,1,1
ACC-003734,Jackson Ltd,Manufacturing,1-50,0.638,compliance_mandate,22,False,0.0,0.2352,0,0
ACC-003735,Fletcher LLC,Government,201-1000,0.742,leadership_change,18,False,1.0,0.8234,1,1
ACC-003736,Dickerson-Cole,Manufacturing,1-50,0.469,none,70,True,1.0,0.7953,0,0
ACC-003737,Smith-Harris,Insurance,201-1000,0.737,none,44,True,0.0,,0,1
ACC-003738,Chang-Welch,Legal,201-1000,0.974,compliance_mandate,62,False,1.0,0.7572,1,1
ACC-003739,Wilson LLC,Manufacturing,1-50,0.156,compliance_mandate,11,False,1.0,0.3942,0,0
ACC-003740,"Lang, Lopez and Smith",Insurance,5000+,0.874,none,3,False,0.0,0.6044,0,1
ACC-003741,"Hernandez, Dougherty and Green",Healthcare,1-50,0.654,compliance_mandate,160,False,1.0,0.918,1,1
ACC-003742,"Wade, Terry and Callahan",Financial Services,51-200,0.818,none,49,False,1.0,0.8857,1,1
ACC-003743,"Martin, Haynes and Phillips",Insurance,51-200,0.583,none,42,False,0.0,0.4048,0,0
ACC-003744,Berger Ltd,Retail,51-200,0.187,none,96,False,0.0,0.2296,0,0
ACC-003745,Blackwell Inc,Legal,1001-5000,0.89,none,5,False,0.0,0.7959,0,1
ACC-003746,"Parker, Sampson and Cain",Real Estate,51-200,0.77,none,49,False,0.0,,0,1
ACC-003747,Torres Ltd,Healthcare,5000+,0.644,tech_refresh,4,True,0.0,0.3835,0,0
ACC-003748,Vega-Carter,Legal,1001-5000,0.84,none,87,False,1.0,0.8718,1,1
ACC-003749,"Adkins, Brown and Reid",Retail,201-1000,0.316,leadership_change,40,False,0.0,0.3822,0,0
ACC-003750,Payne-Andrews,Manufacturing,201-1000,0.368,none,22,False,0.0,0.5089,0,0
ACC-003751,Reynolds-Rodriguez,Healthcare,1001-5000,0.911,tech_refresh,11,True,1.0,0.7372,1,1
ACC-003752,Townsend-Rivers,Legal,51-200,0.843,leadership_change,36,False,1.0,0.7751,1,1
ACC-003753,Matthews-Yang,Healthcare,1001-5000,0.498,none,1,False,1.0,0.8698,0,0
ACC-003754,Jones-Flowers,Financial Services,51-200,0.952,funding_round,34,True,1.0,0.8679,1,1
ACC-003755,"Williams, Williams and Morris",Manufacturing,1-50,0.443,compliance_mandate,20,False,1.0,0.8351,0,0
ACC-003756,Gregory and Sons,Insurance,51-200,0.805,none,2,True,1.0,0.7698,1,1
ACC-003757,"Phillips, Weeks and Weber",Retail,51-200,0.463,none,7,True,1.0,0.6966,0,0
ACC-003758,Garcia-Simpson,Retail,1-50,0.378,none,41,False,0.0,0.0883,0,0
ACC-003759,Murphy Ltd,Legal,51-200,1.0,funding_round,20,False,1.0,0.5572,1,1
ACC-003760,Ayers Inc,Technology,201-1000,0.664,leadership_change,1,False,1.0,0.4475,1,1
ACC-003761,Garcia-Martinez,Insurance,51-200,1.0,none,9,False,1.0,0.5295,1,1
ACC-003762,Bonilla-Burns,Financial Services,1-50,0.939,compliance_mandate,6,False,1.0,0.4596,1,1
ACC-003763,Zimmerman Group,Manufacturing,51-200,0.296,funding_round,0,False,1.0,0.6147,0,0
ACC-003764,Mason PLC,Technology,1-50,0.459,none,1,False,1.0,0.5698,0,0
ACC-003765,"Hammond, Hardy and Smith",Technology,1001-5000,0.346,leadership_change,0,False,1.0,0.5338,0,0
ACC-003766,"Jordan, Berry and Williamson",Financial Services,201-1000,0.829,none,58,True,1.0,0.7895,1,1
ACC-003767,"Anderson, Cooley and Gregory",Technology,1-50,0.51,funding_round,0,False,1.0,0.7727,1,0
ACC-003768,"Johnson, Harper and White",Technology,201-1000,0.511,none,14,False,0.0,0.2468,0,0
ACC-003769,Wilson PLC,Real Estate,1-50,0.855,compliance_mandate,65,False,1.0,0.8221,1,1
ACC-003770,"Horne, Stephenson and Allison",Technology,201-1000,0.493,tech_refresh,6,False,1.0,0.6009,0,0
ACC-003771,"Mann, Neal and Brown",Technology,1001-5000,0.699,tech_refresh,53,False,1.0,0.7818,1,1
ACC-003772,Webb-Smith,Technology,51-200,0.538,none,2,False,1.0,0.8931,1,0
ACC-003773,Mccullough and Sons,Technology,1001-5000,0.329,none,16,False,1.0,0.7088,0,0
ACC-003774,Perez LLC,Real Estate,51-200,0.962,compliance_mandate,49,False,1.0,0.8943,1,1
ACC-003775,Holland-Campbell,Financial Services,51-200,0.707,leadership_change,19,False,1.0,0.7295,1,1
ACC-003776,"Wilson, Bray and Thomas",Insurance,1-50,0.709,tech_refresh,8,False,0.0,,0,1
ACC-003777,Parks PLC,Real Estate,51-200,1.0,leadership_change,2,False,1.0,0.7782,1,1
ACC-003778,Bray-Green,Real Estate,201-1000,0.878,leadership_change,134,False,1.0,0.4664,1,1
ACC-003779,Andrade-Gutierrez,Technology,51-200,0.597,leadership_change,7,False,1.0,0.6947,1,0
ACC-003780,Buchanan Ltd,Government,1-50,0.59,none,23,False,0.0,0.7431,0,0
ACC-003781,Washington-Anderson,Healthcare,201-1000,0.736,leadership_change,17,False,1.0,0.7699,1,1
ACC-003782,"Paul, Howell and Larson",Government,201-1000,0.763,none,8,False,0.0,0.5398,0,1
ACC-003783,Clark and Sons,Retail,51-200,0.39,funding_round,22,False,1.0,0.8706,0,0
ACC-003784,"Murray, Mccullough and Jacobs",Government,1001-5000,0.678,none,196,False,1.0,0.7071,1,1
ACC-003785,West-Davis,Legal,1-50,0.827,tech_refresh,12,False,1.0,0.8768,1,1
ACC-003786,"Garza, Acevedo and Green",Technology,51-200,0.586,leadership_change,40,False,1.0,0.4918,1,0
ACC-003787,"Walker, Lee and Shah",Technology,1-50,0.517,funding_round,2,False,1.0,0.6203,1,0
ACC-003788,Young-Rose,Healthcare,1-50,0.539,none,13,False,1.0,0.7149,1,0
ACC-003789,Phillips-Taylor,Retail,1-50,0.411,leadership_change,33,False,1.0,0.6531,0,0
ACC-003790,"Rivas, Hunter and Mendoza",Retail,1-50,0.47,none,35,False,1.0,0.7201,0,0
ACC-003791,Singleton LLC,Healthcare,1-50,0.449,compliance_mandate,13,False,0.0,0.5623,0,0
ACC-003792,"Morgan, Powell and Allen",Financial Services,5000+,0.767,none,15,False,1.0,0.9118,1,1
ACC-003793,Buckley-Green,Financial Services,201-1000,0.837,none,10,False,0.0,0.2323,0,1
ACC-003794,"Hahn, Mclean and Johnson",Real Estate,1-50,0.6,compliance_mandate,1,True,0.0,0.7168,0,0
ACC-003795,"Andrews, Webb and Bishop",Insurance,51-200,0.696,leadership_change,34,False,0.0,0.6734,0,1
ACC-003796,Good-Johnson,Government,1-50,0.749,funding_round,20,False,1.0,0.4676,1,1
ACC-003797,"Green, Walker and Hill",Retail,1-50,0.549,none,8,False,0.0,0.5733,0,0
ACC-003798,"White, Miller and Castillo",Financial Services,201-1000,0.976,none,72,False,1.0,0.838,1,1
ACC-003799,Murillo-Caldwell,Technology,1001-5000,0.642,none,66,True,0.0,,0,0
ACC-003800,Williams Ltd,Government,201-1000,0.547,tech_refresh,15,False,1.0,0.8759,1,0
ACC-003801,Miller-Morgan,Healthcare,1-50,0.577,funding_round,6,False,1.0,0.6627,1,0
ACC-003802,"Barnes, Smith and Smith",Manufacturing,1-50,0.269,none,4,False,1.0,0.5797,0,0
ACC-003803,"Wilkins, Arias and Casey",Manufacturing,1-50,0.424,none,52,False,0.0,0.4615,0,0
ACC-003804,"Larson, Turner and Richards",Financial Services,201-1000,0.835,none,0,False,1.0,0.7324,1,1
ACC-003805,May Group,Government,51-200,0.51,funding_round,26,False,1.0,0.5848,1,0
ACC-003806,"Brown, Gonzalez and Castro",Retail,5000+,0.072,tech_refresh,6,False,1.0,0.7351,0,0
ACC-003807,Yang LLC,Healthcare,1001-5000,0.711,compliance_mandate,5,True,1.0,0.946,1,1
ACC-003808,"Lester, Miller and Thornton",Government,201-1000,0.619,none,49,False,1.0,0.9002,1,0
ACC-003809,Fletcher-Holden,Real Estate,1-50,0.758,none,34,False,1.0,0.626,1,1
ACC-003810,Nguyen-Coleman,Technology,1-50,0.468,none,14,True,1.0,0.6559,0,0
ACC-003811,Hill-Lindsey,Insurance,1-50,0.85,none,11,False,0.0,0.6521,0,1
ACC-003812,"Rice, Brown and Gonzalez",Healthcare,1-50,0.643,none,31,True,1.0,0.8551,1,0
ACC-003813,Martinez-Hancock,Government,1001-5000,0.568,compliance_mandate,77,True,1.0,0.8779,1,0
ACC-003814,"White, Glenn and Roberts",Real Estate,1-50,0.765,none,8,False,1.0,0.7141,1,1
ACC-003815,Kim-Byrd,Retail,51-200,0.389,tech_refresh,70,False,0.0,0.5001,0,0
ACC-003816,"Thompson, Weaver and Campbell",Technology,1-50,0.707,none,186,False,1.0,0.6534,1,1
ACC-003817,"Alvarez, Wright and Black",Technology,201-1000,0.488,none,85,False,1.0,0.7196,0,0
ACC-003818,Jackson LLC,Real Estate,51-200,0.666,leadership_change,55,True,1.0,0.8381,1,1
ACC-003819,Walsh-Jones,Insurance,201-1000,0.863,none,1,False,1.0,0.6454,1,1
ACC-003820,"Mcmillan, Sparks and Li",Technology,1-50,0.512,leadership_change,26,True,1.0,0.522,1,0
ACC-003821,Wells-Turner,Retail,1-50,0.361,tech_refresh,7,True,1.0,0.8528,0,0
ACC-003822,Miller Ltd,Real Estate,1-50,0.851,none,16,False,1.0,0.8893,1,1
ACC-003823,Fields-Steele,Technology,51-200,0.473,none,2,False,1.0,0.7027,0,0
ACC-003824,"Hicks, Cunningham and Burke",Healthcare,51-200,0.723,none,83,True,1.0,0.6639,1,1
ACC-003825,Simon-Watts,Technology,51-200,0.621,leadership_change,251,False,1.0,0.7705,1,0
ACC-003826,Williams-Wilson,Healthcare,1-50,0.634,compliance_mandate,42,False,1.0,0.8025,1,0
ACC-003827,Gibson Inc,Government,1-50,0.686,tech_refresh,12,False,1.0,0.8498,1,1
ACC-003828,Rivas-Foster,Healthcare,51-200,0.829,none,30,False,1.0,0.7551,1,1
ACC-003829,Robles-Malone,Technology,201-1000,0.651,tech_refresh,10,False,1.0,0.605,1,1
ACC-003830,Smith and Sons,Government,1001-5000,0.504,none,17,True,0.0,0.2479,0,0
ACC-003831,Dudley PLC,Insurance,1-50,0.724,compliance_mandate,8,False,1.0,0.6484,1,1
ACC-003832,Jones-Clark,Legal,1-50,0.846,none,46,False,0.0,0.5311,0,1
ACC-003833,Flores-Padilla,Insurance,1-50,0.7,compliance_mandate,22,True,1.0,0.5469,1,1
ACC-003834,"Morgan, Meyer and Hodge",Real Estate,201-1000,0.914,none,26,False,1.0,0.872,1,1
ACC-003835,Solis-Morris,Financial Services,51-200,1.0,none,39,False,1.0,0.8381,1,1
ACC-003836,James-Ware,Manufacturing,1-50,0.541,none,66,False,0.0,0.516,0,0
ACC-003837,Stevens-Wells,Manufacturing,1001-5000,0.44,compliance_mandate,2,False,0.0,0.5533,0,0
ACC-003838,"Brewer, Boyd and Wong",Technology,51-200,0.34,funding_round,39,False,1.0,0.8704,0,0
ACC-003839,Lynch-Brooks,Retail,51-200,0.439,none,19,False,1.0,0.6578,0,0
ACC-003840,Rogers-Barnett,Government,201-1000,0.616,none,59,True,1.0,0.6386,1,0
ACC-003841,"Carroll, Mcmillan and Durham",Manufacturing,5000+,0.526,compliance_mandate,56,False,1.0,0.5826,1,0
ACC-003842,Boyd LLC,Technology,1001-5000,0.615,compliance_mandate,11,False,1.0,0.6606,1,0
ACC-003843,Petty-Cochran,Technology,51-200,0.626,none,11,False,0.0,0.2912,0,0
ACC-003844,Compton-Lee,Technology,1-50,0.754,funding_round,32,False,1.0,0.8042,1,1
ACC-003845,"Landry, Barker and Wise",Real Estate,1-50,0.761,compliance_mandate,8,True,1.0,0.9082,1,1
ACC-003846,"Kennedy, King and Soto",Healthcare,1-50,0.729,leadership_change,48,False,1.0,0.5191,1,1
ACC-003847,Browning Ltd,Financial Services,1001-5000,0.557,none,21,False,1.0,0.5807,1,0
ACC-003848,Trujillo-Alvarado,Financial Services,51-200,0.775,none,37,False,1.0,0.758,1,1
ACC-003849,Riley-Robinson,Technology,5000+,0.596,none,22,False,1.0,0.5122,1,0
ACC-003850,"Carey, Goodman and Pruitt",Retail,1-50,0.46,none,5,False,1.0,0.8128,0,0
ACC-003851,"Williams, Tran and Wallace",Manufacturing,201-1000,0.391,none,25,False,1.0,0.3797,0,0
ACC-003852,Williams Group,Real Estate,1-50,0.783,none,2,False,1.0,0.3037,1,1
ACC-003853,Jacobs Group,Healthcare,1001-5000,0.438,funding_round,21,False,0.0,0.856,0,0
ACC-003854,Williamson Ltd,Healthcare,1-50,0.604,none,39,False,1.0,0.5386,1,0
ACC-003855,"Bailey, Morgan and Moss",Technology,51-200,0.621,leadership_change,149,False,1.0,0.6745,1,0
ACC-003856,Tate and Sons,Healthcare,51-200,0.597,leadership_change,20,False,1.0,0.9177,1,0
ACC-003857,Gutierrez and Sons,Insurance,5000+,0.88,none,43,False,1.0,0.7454,1,1
ACC-003858,Thompson-Roberts,Retail,1-50,0.328,tech_refresh,3,False,0.0,0.1039,0,0
ACC-003859,"Jennings, Wright and Patterson",Manufacturing,1001-5000,0.318,none,14,False,1.0,0.7888,0,0
ACC-003860,"Miller, Church and Robinson",Healthcare,1-50,0.652,none,1,False,1.0,0.7175,1,1
ACC-003861,Vang PLC,Technology,1-50,0.51,leadership_change,32,True,0.0,,0,0
ACC-003862,Hernandez Inc,Healthcare,201-1000,0.673,none,0,False,1.0,0.9283,1,1
ACC-003863,"Myers, Ortiz and Marshall",Manufacturing,51-200,0.389,compliance_mandate,46,False,0.0,0.6005,0,0
ACC-003864,Johnson and Sons,Healthcare,1-50,0.88,compliance_mandate,16,False,1.0,0.4347,1,1
ACC-003865,"Carter, Sanchez and Garcia",Retail,1-50,0.23,leadership_change,195,False,0.0,0.6865,0,0
ACC-003866,"Garza, Moran and Johnson",Financial Services,51-200,0.805,tech_refresh,18,False,1.0,0.4517,1,1
ACC-003867,Parker Inc,Financial Services,1-50,0.667,none,21,False,1.0,0.5943,1,1
ACC-003868,Howard-Harris,Manufacturing,1-50,0.365,funding_round,60,False,1.0,0.7439,0,0
ACC-003869,Swanson PLC,Legal,1-50,0.819,none,47,False,1.0,0.7803,1,1
ACC-003870,Morris PLC,Technology,1-50,0.715,funding_round,5,False,0.0,0.2338,0,1
ACC-003871,"Odonnell, Torres and Miller",Insurance,51-200,0.721,none,84,False,0.0,0.7421,0,1
ACC-003872,"Jacobson, Spencer and Hardin",Technology,1-50,0.83,funding_round,12,False,0.0,,0,1
ACC-003873,Reyes-Byrd,Real Estate,5000+,0.763,compliance_mandate,12,False,0.0,0.6709,0,1
ACC-003874,"Christensen, Mcdonald and Smith",Technology,201-1000,0.597,none,22,False,1.0,0.7327,1,0
ACC-003875,"Carr, Duncan and Phillips",Technology,5000+,0.437,tech_refresh,11,False,1.0,0.6987,0,0
ACC-003876,Williams-Carey,Insurance,1001-5000,0.733,funding_round,98,False,1.0,0.7301,1,1
ACC-003877,Frost Ltd,Real Estate,51-200,0.832,none,10,False,0.0,0.4499,0,1
ACC-003878,Jacobson-Mills,Legal,1-50,0.707,none,0,True,1.0,0.6702,1,1
ACC-003879,"Curtis, Lucas and Lee",Financial Services,1-50,0.762,tech_refresh,30,False,1.0,0.8709,1,1
ACC-003880,Webb Group,Manufacturing,1-50,0.382,tech_refresh,13,True,1.0,0.5068,0,0
ACC-003881,Mcintyre and Sons,Technology,201-1000,0.591,none,40,False,1.0,0.4608,1,0
ACC-003882,Travis LLC,Technology,1001-5000,0.756,none,72,False,0.0,0.2733,0,1
ACC-003883,"Smith, Lee and Villarreal",Healthcare,201-1000,0.633,funding_round,48,False,1.0,0.8144,1,0
ACC-003884,Fuentes-Harris,Healthcare,201-1000,0.662,leadership_change,15,False,1.0,0.4639,1,1
ACC-003885,Long-Gonzalez,Real Estate,201-1000,0.804,none,16,False,1.0,0.7126,1,1
ACC-003886,Mccoy Group,Healthcare,51-200,0.829,none,23,True,1.0,0.8833,1,1
ACC-003887,Walker LLC,Insurance,1001-5000,0.792,none,29,True,1.0,0.7137,1,1
ACC-003888,"Hunter, Garcia and Burke",Manufacturing,51-200,0.556,funding_round,7,False,0.0,0.3425,0,0
ACC-003889,Thomas and Sons,Technology,1001-5000,0.71,none,9,False,1.0,0.6016,1,1
ACC-003890,"Esparza, Manning and Lam",Manufacturing,1001-5000,0.347,tech_refresh,25,False,0.0,0.6249,0,0
ACC-003891,"Warren, Baker and Wright",Real Estate,1-50,0.871,none,13,False,1.0,0.8465,1,1
ACC-003892,Wade-Grimes,Financial Services,1-50,0.946,funding_round,23,False,1.0,0.4934,1,1
ACC-003893,"Nguyen, Ashley and Ward",Legal,1-50,0.788,tech_refresh,31,False,1.0,0.5179,1,1
ACC-003894,Bowman Ltd,Retail,1001-5000,0.421,none,13,True,0.0,0.6391,0,0
ACC-003895,Shepard and Sons,Real Estate,201-1000,0.605,none,19,True,1.0,0.7299,1,0
ACC-003896,Cervantes PLC,Insurance,1001-5000,0.779,leadership_change,1,False,0.0,0.2404,0,1
ACC-003897,"Jackson, Lee and Graham",Retail,51-200,0.572,none,72,True,0.0,,0,0
ACC-003898,"Carey, Crawford and Cox",Government,1001-5000,0.563,none,11,False,1.0,0.6809,1,0
ACC-003899,"Coleman, Perez and Mcmahon",Technology,1-50,0.593,none,1,False,1.0,0.6571,1,0
ACC-003900,Ramos LLC,Manufacturing,51-200,0.604,funding_round,46,True,1.0,0.6717,1,0
ACC-003901,Bruce PLC,Government,1-50,0.692,leadership_change,14,False,1.0,0.6909,1,1
ACC-003902,Herrera Ltd,Healthcare,51-200,0.398,none,10,False,1.0,0.9297,0,0
ACC-003903,Blair-Rodriguez,Real Estate,1001-5000,0.928,none,46,False,0.0,0.4395,0,1
ACC-003904,"Smith, Young and Cunningham",Legal,51-200,0.69,none,118,False,1.0,0.4252,1,1
ACC-003905,"Fernandez, Davidson and Daniels",Government,201-1000,0.693,none,4,False,1.0,0.774,1,1
ACC-003906,Hernandez-Smith,Healthcare,1001-5000,0.432,leadership_change,12,False,1.0,0.8819,0,0
ACC-003907,Gonzalez-Bailey,Government,51-200,0.685,none,82,False,1.0,0.6552,1,1
ACC-003908,Taylor LLC,Real Estate,1-50,1.0,leadership_change,15,True,1.0,0.863,1,1
ACC-003909,Ramos and Sons,Technology,1001-5000,0.505,compliance_mandate,18,False,1.0,0.7326,1,0
ACC-003910,Morgan-Peterson,Government,51-200,0.638,none,4,False,1.0,0.5927,1,0
ACC-003911,Zamora LLC,Retail,1001-5000,0.458,none,30,False,0.0,0.6133,0,0
ACC-003912,"Lin, Santana and Cummings",Healthcare,1001-5000,0.717,leadership_change,27,False,1.0,0.8074,1,1
ACC-003913,Taylor Ltd,Financial Services,1001-5000,0.834,none,83,False,1.0,0.6327,1,1
ACC-003914,Reed PLC,Government,1-50,0.629,tech_refresh,19,False,1.0,0.8069,1,0
ACC-003915,Baker-Cook,Financial Services,1-50,0.906,none,38,False,0.0,0.1378,0,1
ACC-003916,Obrien Ltd,Insurance,201-1000,0.779,tech_refresh,56,False,1.0,0.5648,1,1
ACC-003917,"Williams, Bass and Buckley",Government,1-50,0.628,tech_refresh,110,False,1.0,0.4574,1,0
ACC-003918,"Wheeler, Brown and Nelson",Real Estate,1001-5000,0.677,tech_refresh,2,True,1.0,0.5841,1,1
ACC-003919,"Pierce, Weeks and Espinoza",Technology,201-1000,0.597,none,13,False,1.0,0.7981,1,0
ACC-003920,Gomez and Sons,Government,5000+,0.403,none,6,False,1.0,0.5916,0,0
ACC-003921,"Ward, Holden and Robinson",Manufacturing,1-50,0.449,none,14,False,1.0,0.8467,0,0
ACC-003922,Phillips-Beltran,Manufacturing,51-200,0.429,leadership_change,71,False,0.0,0.6734,0,0
ACC-003923,Thomas Group,Technology,1-50,0.488,compliance_mandate,77,False,1.0,0.7432,0,0
ACC-003924,"Jackson, Cox and Gibson",Technology,201-1000,0.422,none,2,False,1.0,0.7638,0,0
ACC-003925,"Johnson, Floyd and Knapp",Technology,201-1000,0.592,none,7,False,1.0,0.7515,1,0
ACC-003926,"Sandoval, Irwin and Lopez",Financial Services,1-50,0.573,leadership_change,1,False,1.0,0.5389,1,0
ACC-003927,Woodard and Sons,Government,51-200,0.469,leadership_change,3,False,1.0,0.9145,0,0
ACC-003928,Villegas Group,Healthcare,51-200,0.773,none,34,True,0.0,0.4572,0,1
ACC-003929,"Hays, Baker and Valentine",Manufacturing,5000+,0.408,funding_round,1,False,1.0,0.3126,0,0
ACC-003930,Santiago PLC,Insurance,1-50,0.798,none,73,False,1.0,0.4848,1,1
ACC-003931,Hoover Inc,Healthcare,1-50,0.605,funding_round,3,False,0.0,0.2645,0,0
ACC-003932,Lopez PLC,Financial Services,51-200,0.992,funding_round,16,False,1.0,0.8378,1,1
ACC-003933,"Myers, Mueller and Glass",Technology,51-200,0.525,leadership_change,196,True,1.0,0.6485,1,0
ACC-003934,"Reed, Gibson and Hartman",Manufacturing,1-50,0.416,tech_refresh,49,True,0.0,0.8485,0,0
ACC-003935,"Silva, Ramirez and Gutierrez",Healthcare,51-200,0.784,compliance_mandate,109,True,1.0,0.7143,1,1
ACC-003936,Cooper-Young,Financial Services,5000+,0.914,compliance_mandate,17,False,0.0,0.6466,0,1
ACC-003937,Mueller Ltd,Real Estate,201-1000,0.772,compliance_mandate,53,False,1.0,0.7936,1,1
ACC-003938,"Stephens, White and Anderson",Legal,201-1000,0.805,none,27,True,1.0,0.9682,1,1
ACC-003939,"Clay, Neal and Hall",Technology,1001-5000,0.622,none,6,False,1.0,0.587,1,0
ACC-003940,"Davis, Jackson and Johnson",Real Estate,51-200,1.0,compliance_mandate,24,False,1.0,0.8255,1,1
ACC-003941,"Hall, Butler and Young",Retail,1001-5000,0.263,none,37,True,0.0,0.5487,0,0
ACC-003942,Price-Smith,Government,51-200,0.543,tech_refresh,26,False,1.0,0.4558,1,0
ACC-003943,Tate-Moses,Government,5000+,0.702,compliance_mandate,6,True,1.0,0.7677,1,1
ACC-003944,"Cole, Keith and Gibbs",Technology,1001-5000,0.623,none,11,False,1.0,0.7272,1,0
ACC-003945,Gomez-Adams,Retail,201-1000,0.436,funding_round,80,False,0.0,,0,0
ACC-003946,Newman PLC,Manufacturing,1-50,0.357,none,4,False,1.0,0.6111,0,0
ACC-003947,Anderson-Hodge,Insurance,5000+,0.745,none,100,False,1.0,0.5562,1,1
ACC-003948,Morales-Moreno,Healthcare,1-50,0.579,none,35,False,1.0,0.8601,1,0
ACC-003949,Gray-Bell,Technology,51-200,0.522,leadership_change,2,True,0.0,0.1596,0,0
ACC-003950,Cox LLC,Healthcare,1-50,0.631,none,66,False,1.0,0.5212,1,0
ACC-003951,Simon-Contreras,Government,51-200,0.642,none,6,False,0.0,0.2903,0,0
ACC-003952,"Mahoney, Mooney and Graham",Retail,51-200,0.215,leadership_change,8,False,1.0,0.5253,0,0
ACC-003953,"Cross, Phillips and Rowland",Insurance,5000+,0.639,none,30,False,1.0,0.6285,1,0
ACC-003954,"Mathis, James and Sullivan",Technology,1-50,0.286,none,91,False,0.0,,0,0
ACC-003955,"Ruiz, Robinson and Bennett",Manufacturing,1-50,0.3,none,64,False,1.0,0.2394,0,0
ACC-003956,"Smith, Wilson and Martin",Healthcare,1-50,0.697,none,7,True,0.0,0.2411,0,1
ACC-003957,Sims Inc,Real Estate,1001-5000,0.68,none,2,True,1.0,0.8744,1,1
ACC-003958,Huffman Group,Legal,51-200,0.95,tech_refresh,52,True,0.0,0.3121,0,1
ACC-003959,Charles-Wheeler,Legal,1-50,0.855,none,21,True,0.0,0.7253,0,1
ACC-003960,Johnson Ltd,Retail,1-50,0.31,none,31,False,1.0,0.7244,0,0
ACC-003961,Petersen PLC,Financial Services,51-200,1.0,none,18,False,0.0,,0,1
ACC-003962,Steele PLC,Financial Services,51-200,0.808,leadership_change,4,False,1.0,0.5636,1,1
ACC-003963,"Michael, Walker and Hoover",Real Estate,5000+,1.0,compliance_mandate,18,False,1.0,0.7963,1,1
ACC-003964,"Clayton, Allen and Brooks",Technology,1-50,0.632,none,2,False,1.0,0.7087,1,0
ACC-003965,Morales-Wells,Manufacturing,201-1000,0.783,none,0,False,1.0,0.8562,1,1
ACC-003966,Morgan-Foster,Financial Services,201-1000,0.905,none,30,False,1.0,0.5082,1,1
ACC-003967,Lowe and Sons,Insurance,51-200,0.773,none,26,False,1.0,0.5815,1,1
ACC-003968,Roberts LLC,Insurance,51-200,0.933,compliance_mandate,38,False,1.0,0.7666,1,1
ACC-003969,Price-Allen,Real Estate,51-200,0.671,none,1,False,1.0,0.8641,1,1
ACC-003970,"Williams, Ellis and Chandler",Real Estate,51-200,0.799,leadership_change,36,False,0.0,,0,1
ACC-003971,"Francis, Hart and Hood",Financial Services,51-200,1.0,none,43,True,1.0,0.7111,1,1
ACC-003972,Rodriguez Inc,Legal,1001-5000,1.0,leadership_change,18,False,1.0,0.7638,1,1
ACC-003973,Johns LLC,Insurance,51-200,0.902,leadership_change,22,False,1.0,0.8607,1,1
ACC-003974,Crawford-Terry,Retail,1-50,0.518,none,7,False,0.0,0.2146,0,0
ACC-003975,"Bennett, Robertson and Mcconnell",Government,201-1000,0.456,none,55,False,1.0,0.6565,0,0
ACC-003976,Underwood and Sons,Manufacturing,1001-5000,0.315,none,90,False,1.0,0.8039,0,0
ACC-003977,"Meyer, Silva and Stevens",Insurance,51-200,0.613,none,2,True,1.0,0.8189,1,0
ACC-003978,Simon and Sons,Healthcare,201-1000,0.555,compliance_mandate,24,False,1.0,0.529,1,0
ACC-003979,"Torres, Cooper and Kelley",Government,51-200,0.553,tech_refresh,13,True,1.0,0.3939,1,0
ACC-003980,Lam PLC,Legal,1-50,0.814,funding_round,7,False,1.0,0.401,1,1
ACC-003981,Burns LLC,Government,51-200,0.646,leadership_change,32,False,1.0,0.6286,1,0
ACC-003982,"Johnson, Morris and Williams",Real Estate,1-50,0.674,leadership_change,20,False,0.0,0.6273,0,1
ACC-003983,Martinez-Ingram,Retail,5000+,0.206,funding_round,34,False,1.0,0.1398,0,0
ACC-003984,"Knight, Lara and Perez",Financial Services,1-50,0.932,none,4,False,1.0,0.8225,1,1
ACC-003985,"Marshall, Hogan and Daniels",Government,201-1000,0.66,tech_refresh,29,False,1.0,0.7719,1,1
ACC-003986,Pitts Group,Financial Services,1-50,1.0,tech_refresh,7,False,0.0,0.1432,0,1
ACC-003987,"Wu, Stephens and Clark",Healthcare,51-200,0.703,compliance_mandate,90,False,1.0,0.6925,1,1
ACC-003988,Francis Ltd,Legal,1-50,0.808,none,4,False,0.0,0.6483,0,1
ACC-003989,"Glass, Peters and Moore",Insurance,1001-5000,0.833,none,116,False,1.0,0.4319,1,1
ACC-003990,"Greene, Kane and Perez",Retail,1-50,0.217,none,59,True,1.0,0.7901,0,0
ACC-003991,Miller LLC,Legal,51-200,0.902,leadership_change,3,False,1.0,0.9388,1,1
ACC-003992,Thompson Group,Legal,5000+,1.0,none,108,False,1.0,0.7605,1,1
ACC-003993,Kane-Griffin,Manufacturing,1001-5000,0.391,none,3,False,1.0,0.5729,0,0
ACC-003994,Brooks Inc,Healthcare,1-50,0.95,tech_refresh,43,False,0.0,0.3249,0,1
ACC-003995,"Little, Huff and Fisher",Healthcare,1-50,0.602,none,14,False,1.0,0.4034,1,0
ACC-003996,Stephens-Smith,Insurance,201-1000,0.803,none,0,True,0.0,0.2872,0,1
ACC-003997,Ross-Ortiz,Legal,1-50,0.944,funding_round,2,True,1.0,0.8898,1,1
ACC-003998,"Jones, Meyer and Schmidt",Legal,1001-5000,0.993,none,26,True,0.0,0.4199,0,1
ACC-003999,Hall Ltd,Government,201-1000,0.696,leadership_change,0,False,0.0,0.5971,0,1
ACC-004000,Bright-Cole,Government,1001-5000,0.642,leadership_change,19,False,1.0,0.7089,1,0
ACC-004001,Gardner-Miller,Legal,201-1000,0.881,none,13,False,1.0,0.8437,1,1
ACC-004002,Long-Castillo,Manufacturing,1-50,0.356,none,32,True,1.0,0.589,0,0
ACC-004003,"Wilson, Hall and Nelson",Manufacturing,201-1000,0.412,tech_refresh,28,False,0.0,0.4694,0,0
ACC-004004,"Mcdowell, Fowler and Espinoza",Financial Services,201-1000,0.74,none,53,True,1.0,0.927,1,1
ACC-004005,"Barnes, Lynch and Miller",Government,51-200,0.518,none,36,True,1.0,0.8361,1,0
ACC-004006,Martinez LLC,Retail,1001-5000,0.41,none,9,False,1.0,0.4565,0,0
ACC-004007,Anthony LLC,Healthcare,201-1000,0.804,compliance_mandate,19,False,1.0,0.7568,1,1
ACC-004008,"Vasquez, Mendez and White",Retail,1001-5000,0.216,none,3,True,0.0,0.8606,0,0
ACC-004009,"George, Petersen and Chavez",Manufacturing,51-200,0.287,leadership_change,99,False,1.0,0.5335,0,0
ACC-004010,"Nelson, Scott and Bennett",Financial Services,201-1000,0.866,none,24,True,1.0,0.6969,1,1
ACC-004011,"Kaiser, Silva and Gonzalez",Insurance,1-50,0.787,none,3,False,1.0,0.8037,1,1
ACC-004012,Jackson Group,Insurance,1001-5000,0.702,tech_refresh,18,False,0.0,,0,1
ACC-004013,Holder and Sons,Real Estate,51-200,0.814,none,15,False,1.0,0.6924,1,1
ACC-004014,Nicholson-Smith,Manufacturing,1-50,0.553,none,12,False,1.0,0.6213,1,0
ACC-004015,Moore-Berry,Financial Services,51-200,1.0,compliance_mandate,8,False,1.0,0.8253,1,1
ACC-004016,"Guzman, Davidson and Gill",Retail,1-50,0.331,none,90,False,1.0,0.7603,0,0
ACC-004017,"Miller, Archer and Martinez",Government,1-50,0.633,leadership_change,8,False,1.0,0.6511,1,0
ACC-004018,"Blevins, George and Huff",Manufacturing,51-200,0.561,compliance_mandate,25,False,1.0,0.7655,1,0
ACC-004019,Black-Roy,Government,201-1000,0.453,none,14,True,0.0,0.5842,0,0
ACC-004020,Miller-Miles,Real Estate,5000+,0.501,compliance_mandate,125,False,1.0,0.7147,1,0
ACC-004021,"Ellis, Dudley and Simpson",Manufacturing,201-1000,0.327,funding_round,43,False,1.0,0.3152,0,0
ACC-004022,"Bentley, Small and Gray",Real Estate,51-200,0.647,none,35,True,1.0,0.8352,1,0
ACC-004023,"Garza, Gates and Garcia",Real Estate,1001-5000,0.683,compliance_mandate,12,False,1.0,0.8293,1,1
ACC-004024,Mahoney-Mitchell,Government,5000+,0.705,leadership_change,13,False,1.0,0.8319,1,1
ACC-004025,Gonzalez Group,Retail,51-200,0.42,compliance_mandate,38,False,1.0,0.6585,0,0
ACC-004026,Wiley Inc,Insurance,201-1000,0.829,none,182,False,1.0,0.69,1,1
ACC-004027,"Simpson, Flores and Holmes",Real Estate,201-1000,0.704,none,26,True,0.0,0.5635,0,1
ACC-004028,Peters LLC,Retail,1001-5000,0.282,none,31,False,0.0,0.606,0,0
ACC-004029,Jones-Holt,Manufacturing,1-50,0.438,none,34,False,1.0,0.7324,0,0
ACC-004030,Francis-Kelly,Retail,51-200,0.389,none,52,False,1.0,0.636,0,0
ACC-004031,"Ramos, Anderson and Nichols",Manufacturing,1-50,0.403,funding_round,9,False,1.0,0.4795,0,0
ACC-004032,"Alvarado, Bradley and Terry",Technology,1001-5000,0.479,none,31,True,1.0,0.5338,0,0
ACC-004033,Edwards-Smith,Legal,201-1000,0.821,funding_round,5,False,1.0,0.8366,1,1
ACC-004034,"Long, Bell and Beltran",Retail,201-1000,0.413,none,23,False,0.0,0.5454,0,0
ACC-004035,"Peterson, Foster and Gomez",Technology,201-1000,0.563,none,3,False,1.0,0.793,1,0
ACC-004036,Thomas Group,Real Estate,1001-5000,1.0,leadership_change,106,True,1.0,0.7322,1,1
ACC-004037,Briggs Inc,Government,1-50,0.566,funding_round,20,True,1.0,0.8457,1,0
ACC-004038,"Morgan, Barnes and Evans",Financial Services,201-1000,0.618,leadership_change,38,False,1.0,0.425,1,0
ACC-004039,Green and Sons,Technology,1001-5000,0.473,compliance_mandate,31,False,1.0,0.7251,0,0
ACC-004040,"Hall, Kelly and Davis",Technology,1-50,0.769,none,2,False,0.0,,0,1
ACC-004041,Osborn-Johnson,Real Estate,1-50,0.787,funding_round,100,False,1.0,0.8364,1,1
ACC-004042,"Harris, Warren and Davis",Insurance,1-50,0.867,none,50,False,0.0,,0,1
ACC-004043,Craig-Smith,Legal,51-200,0.897,none,5,False,1.0,0.7556,1,1
ACC-004044,Young-Brown,Financial Services,1-50,0.834,tech_refresh,17,False,1.0,0.7886,1,1
ACC-004045,Li-Edwards,Financial Services,51-200,1.0,none,46,False,0.0,0.404,0,1
ACC-004046,Carney-Davis,Insurance,1-50,0.74,none,5,True,1.0,0.6661,1,1
ACC-004047,"Le, Mccoy and Moran",Financial Services,201-1000,0.729,funding_round,28,False,0.0,,0,1
ACC-004048,Bowen Inc,Manufacturing,1001-5000,0.443,funding_round,52,False,1.0,0.6826,0,0
ACC-004049,Marshall-Smith,Technology,1-50,0.813,funding_round,69,True,1.0,0.8077,1,1
ACC-004050,Green-Mcfarland,Retail,201-1000,0.336,leadership_change,6,False,1.0,0.8266,0,0
ACC-004051,"Pham, Moss and Burns",Retail,201-1000,0.223,none,13,True,0.0,0.3227,0,0
ACC-004052,Cunningham Group,Retail,51-200,0.396,none,21,False,0.0,0.1399,0,0
ACC-004053,"Mercer, Brock and Johnson",Retail,201-1000,0.463,tech_refresh,9,False,1.0,0.5973,0,0
ACC-004054,"Mendez, Walker and Lozano",Retail,1-50,0.393,none,4,False,0.0,0.593,0,0
ACC-004055,"James, Freeman and Sparks",Technology,1-50,0.366,funding_round,6,False,1.0,0.7494,0,0
ACC-004056,James Ltd,Government,201-1000,0.472,none,18,False,1.0,0.4824,0,0
ACC-004057,"Wilson, Ryan and Thompson",Manufacturing,201-1000,0.446,none,34,False,1.0,0.3233,0,0
ACC-004058,Clarke Ltd,Financial Services,1-50,0.813,tech_refresh,27,False,1.0,0.626,1,1
ACC-004059,Johnson-Morrison,Retail,201-1000,0.358,none,24,False,1.0,0.7706,0,0
ACC-004060,Herrera LLC,Financial Services,1001-5000,0.775,leadership_change,8,False,1.0,0.6305,1,1
ACC-004061,Moore Inc,Financial Services,201-1000,0.801,none,16,False,1.0,0.7025,1,1
ACC-004062,"Potts, Ruiz and Miller",Government,5000+,0.613,none,3,True,1.0,0.7992,1,0
ACC-004063,Mendez-Parker,Real Estate,201-1000,0.741,none,21,False,1.0,0.6378,1,1
ACC-004064,Wright-Preston,Financial Services,51-200,0.849,none,14,False,0.0,0.7135,0,1
ACC-004065,Bennett LLC,Real Estate,201-1000,0.831,compliance_mandate,0,False,1.0,0.6629,1,1
ACC-004066,Mueller-Mclean,Legal,1001-5000,0.926,compliance_mandate,0,False,1.0,0.759,1,1
ACC-004067,Rivera-Clayton,Financial Services,1001-5000,0.893,none,33,True,1.0,0.853,1,1
ACC-004068,"Santiago, Friedman and Dominguez",Healthcare,1-50,0.614,none,17,True,0.0,,0,0
ACC-004069,Grant-Jackson,Technology,5000+,0.465,funding_round,7,False,1.0,0.8627,0,0
ACC-004070,Peterson Ltd,Government,201-1000,0.596,funding_round,2,False,1.0,0.8203,1,0
ACC-004071,Brown PLC,Real Estate,51-200,0.553,funding_round,6,False,1.0,0.4092,1,0
ACC-004072,Gonzales-Lee,Government,201-1000,0.747,none,25,True,0.0,0.6672,0,1
ACC-004073,Roth-Chavez,Government,201-1000,0.702,none,14,True,1.0,0.6018,1,1
ACC-004074,"Joseph, Moore and Johnson",Insurance,1-50,0.796,none,80,True,1.0,0.9103,1,1
ACC-004075,"Dyer, Hamilton and Dixon",Legal,51-200,1.0,none,16,False,1.0,0.7662,1,1
ACC-004076,Castro-Bryant,Insurance,51-200,0.637,none,20,False,1.0,0.6069,1,0
ACC-004077,Lane-Mitchell,Legal,51-200,0.829,tech_refresh,21,False,0.0,0.5914,0,1
ACC-004078,Blevins-Acevedo,Insurance,1-50,0.452,none,42,False,1.0,0.3294,0,0
ACC-004079,"Cooper, Gonzalez and Graves",Retail,201-1000,0.452,compliance_mandate,111,True,1.0,0.796,0,0
ACC-004080,Riggs-Allen,Technology,51-200,0.688,leadership_change,47,False,1.0,0.5032,1,1
ACC-004081,Gates-Dickerson,Real Estate,51-200,0.854,compliance_mandate,25,False,0.0,0.6717,0,1
ACC-004082,Gomez Group,Insurance,51-200,0.617,none,6,False,0.0,0.3125,0,0
ACC-004083,Snow-Gregory,Real Estate,1-50,0.746,none,18,False,1.0,0.6795,1,1
ACC-004084,West Ltd,Manufacturing,201-1000,0.428,none,4,False,1.0,0.5201,0,0
ACC-004085,Velez Ltd,Retail,1001-5000,0.264,tech_refresh,4,False,1.0,0.4656,0,0
ACC-004086,"Sweeney, Montes and Phillips",Financial Services,201-1000,0.767,none,58,False,1.0,0.6829,1,1
ACC-004087,"Williams, Morris and Porter",Retail,51-200,0.386,none,59,False,1.0,0.7557,0,0
ACC-004088,Rojas-Cole,Financial Services,1-50,0.843,leadership_change,21,False,1.0,0.801,1,1
ACC-004089,Estrada-Jacobson,Real Estate,1-50,1.0,none,62,False,0.0,0.5076,0,1
ACC-004090,Eaton-Burns,Legal,51-200,1.0,funding_round,60,False,1.0,0.8528,1,1
ACC-004091,Snyder LLC,Financial Services,1-50,0.668,none,8,True,0.0,0.5191,0,1
ACC-004092,Horn-Houston,Financial Services,5000+,0.91,none,43,False,1.0,0.8594,1,1
ACC-004093,"York, Coleman and Miller",Technology,201-1000,0.315,compliance_mandate,17,False,1.0,0.4395,0,0
ACC-004094,"Winters, Chandler and Simpson",Technology,51-200,0.564,none,1,False,1.0,0.4759,1,0
ACC-004095,Middleton LLC,Insurance,51-200,0.771,tech_refresh,31,False,1.0,0.8227,1,1
ACC-004096,"Anderson, Flores and Roach",Government,51-200,0.722,compliance_mandate,13,False,0.0,0.3316,0,1
ACC-004097,"Shaw, Roberts and Flores",Manufacturing,51-200,0.275,funding_round,10,False,0.0,0.2678,0,0
ACC-004098,Campbell-Peck,Retail,51-200,0.508,none,9,False,1.0,0.6052,1,0
ACC-004099,"Reed, Lee and Short",Technology,1001-5000,0.483,none,18,False,1.0,0.7825,0,0
ACC-004100,"Johnson, Miles and Crawford",Government,1-50,0.573,none,4,False,1.0,0.54,1,0
ACC-004101,Brown Group,Financial Services,201-1000,0.884,leadership_change,7,True,1.0,0.4524,1,1
ACC-004102,Ramos-Pierce,Legal,1-50,0.846,funding_round,21,False,1.0,0.6087,1,1
ACC-004103,Wilson Inc,Insurance,201-1000,0.64,none,5,True,0.0,,0,0
ACC-004104,"Hill, Chang and Morton",Financial Services,1-50,0.824,tech_refresh,30,False,1.0,0.2819,1,1
ACC-004105,Schmidt PLC,Technology,51-200,0.376,leadership_change,4,False,1.0,0.798,0,0
ACC-004106,"Wu, Evans and Kennedy",Real Estate,51-200,0.656,compliance_mandate,19,False,1.0,0.9037,1,1
ACC-004107,Braun Inc,Healthcare,1001-5000,0.587,funding_round,55,False,0.0,0.721,0,0
ACC-004108,Fuller Ltd,Healthcare,1-50,0.505,leadership_change,17,False,1.0,0.8791,1,0
ACC-004109,Gaines-Bell,Technology,201-1000,0.473,tech_refresh,19,False,1.0,0.8444,0,0
ACC-004110,Ewing Inc,Manufacturing,1-50,0.313,none,42,False,1.0,0.2225,0,0
ACC-004111,Bond Inc,Technology,1-50,0.6,tech_refresh,14,True,1.0,0.8528,1,0
ACC-004112,Miles LLC,Real Estate,1-50,0.796,leadership_change,68,False,1.0,0.9632,1,1
ACC-004113,Hansen Inc,Technology,201-1000,0.756,funding_round,15,False,1.0,0.8036,1,1
ACC-004114,Ortiz-Allen,Manufacturing,51-200,0.525,none,11,False,1.0,0.7293,1,0
ACC-004115,"Boyle, Hamilton and Wilson",Real Estate,1-50,0.906,leadership_change,22,False,0.0,0.7292,0,1
ACC-004116,Brown-Walsh,Healthcare,1001-5000,0.68,none,9,False,0.0,0.3463,0,1
ACC-004117,Bray PLC,Insurance,201-1000,0.724,leadership_change,86,False,1.0,0.7124,1,1
ACC-004118,Powell and Sons,Healthcare,1001-5000,0.468,compliance_mandate,16,True,1.0,0.7727,0,0
ACC-004119,"Austin, Johnson and Cole",Insurance,5000+,0.623,none,32,False,1.0,0.533,1,0
ACC-004120,Hester-Morgan,Financial Services,1-50,0.891,none,1,False,0.0,0.2798,0,1
ACC-004121,"Hill, Bond and Young",Legal,51-200,1.0,none,41,False,0.0,0.7235,0,1
ACC-004122,Cook Inc,Manufacturing,51-200,0.59,none,6,False,1.0,0.4524,1,0
ACC-004123,Ball-Steele,Technology,1-50,0.745,none,5,False,1.0,0.2701,1,1
ACC-004124,Cooper and Sons,Technology,51-200,0.607,none,20,False,0.0,0.4518,0,0
ACC-004125,"Mason, Ellis and Murphy",Technology,51-200,0.581,tech_refresh,53,True,1.0,0.5306,1,0
ACC-004126,Harmon LLC,Government,1-50,0.742,none,26,False,0.0,,0,1
ACC-004127,"Byrd, Lee and Fox",Insurance,201-1000,0.785,none,36,True,1.0,0.9144,1,1
ACC-004128,Price PLC,Real Estate,51-200,0.855,none,102,False,1.0,0.6093,1,1
ACC-004129,"Fitzgerald, Caldwell and Cole",Retail,51-200,0.323,none,17,True,1.0,0.8319,0,0
ACC-004130,Lee-Spears,Insurance,1-50,0.747,none,17,False,1.0,0.908,1,1
ACC-004131,Hull LLC,Retail,201-1000,0.471,none,10,False,0.0,0.1647,0,0
ACC-004132,Smith Ltd,Financial Services,1001-5000,0.592,compliance_mandate,92,False,0.0,0.4942,0,0
ACC-004133,Bell-Huffman,Government,51-200,0.404,none,47,False,1.0,0.5862,0,0
ACC-004134,Johnson-Velez,Financial Services,1-50,0.911,none,19,False,1.0,0.692,1,1
ACC-004135,"Gregory, Jones and Johnson",Technology,51-200,0.474,none,9,True,1.0,0.7227,0,0
ACC-004136,"Hernandez, Johnson and Castillo",Legal,201-1000,0.9,tech_refresh,30,False,1.0,0.2779,1,1
ACC-004137,Clark-Edwards,Real Estate,51-200,0.69,none,103,False,0.0,0.4045,0,1
ACC-004138,Ross Group,Legal,201-1000,0.946,compliance_mandate,2,True,1.0,0.9328,1,1
ACC-004139,"Dunn, Hall and Ward",Government,51-200,0.417,none,24,False,1.0,0.8638,0,0
ACC-004140,Smith-Duarte,Retail,201-1000,0.375,none,78,False,1.0,0.8262,0,0
ACC-004141,Lee-Hall,Financial Services,201-1000,0.846,none,2,True,1.0,0.6797,1,1
ACC-004142,Nichols-Price,Manufacturing,5000+,0.569,none,50,False,1.0,0.5606,1,0
ACC-004143,Griffith Ltd,Financial Services,1-50,0.903,compliance_mandate,18,True,1.0,0.6552,1,1
ACC-004144,"Travis, Rosales and Mann",Insurance,1-50,0.613,funding_round,9,False,1.0,0.6586,1,0
ACC-004145,"Snyder, Nelson and Irwin",Technology,51-200,0.661,funding_round,22,False,1.0,0.8331,1,1
ACC-004146,Scott Group,Insurance,201-1000,0.773,none,25,False,1.0,0.7442,1,1
ACC-004147,"Ritter, Myers and Edwards",Healthcare,1-50,0.693,none,4,False,1.0,0.7859,1,1
ACC-004148,"Ramirez, Lee and Shields",Financial Services,1-50,0.743,none,9,False,1.0,0.6063,1,1
ACC-004149,"Bass, Patton and Lang",Manufacturing,1001-5000,0.577,tech_refresh,1,False,0.0,,0,0
ACC-004150,Bass-Calhoun,Technology,51-200,0.543,tech_refresh,201,False,0.0,0.4775,0,0
ACC-004151,Austin-Stevens,Government,51-200,0.683,none,54,True,1.0,0.6336,1,1
ACC-004152,Stewart Group,Manufacturing,51-200,0.626,compliance_mandate,32,True,1.0,0.7499,1,0
ACC-004153,Oneill-Martin,Government,201-1000,0.438,none,3,False,1.0,0.7303,0,0
ACC-004154,Williams LLC,Insurance,5000+,0.814,none,9,False,1.0,0.3759,1,1
ACC-004155,White Inc,Government,1001-5000,0.658,none,9,False,0.0,0.5125,0,1
ACC-004156,Baxter-Oliver,Technology,51-200,0.635,none,17,False,1.0,0.4798,1,0
ACC-004157,Phillips-Harris,Real Estate,201-1000,0.787,none,28,False,1.0,0.4875,1,1
ACC-004158,"Davis, Patel and French",Retail,51-200,0.414,compliance_mandate,28,False,1.0,0.3597,0,0
ACC-004159,Taylor-Smith,Financial Services,201-1000,0.729,none,11,False,1.0,0.2055,1,1
ACC-004160,Ramsey-Cobb,Real Estate,1-50,0.832,none,10,True,0.0,0.28,0,1
ACC-004161,Carpenter Group,Retail,1-50,0.349,none,41,False,1.0,0.9241,0,0
ACC-004162,Clark-Weeks,Real Estate,5000+,0.8,none,19,True,1.0,0.5826,1,1
ACC-004163,"Mathews, Roberts and Holmes",Healthcare,5000+,0.744,none,12,False,1.0,0.792,1,1
ACC-004164,Lloyd Inc,Technology,51-200,0.604,none,13,False,1.0,0.7931,1,0
ACC-004165,Gross LLC,Legal,201-1000,0.712,leadership_change,45,False,1.0,0.633,1,1
ACC-004166,"Parrish, Gibbs and Ramos",Healthcare,1-50,0.613,none,20,False,1.0,0.9141,1,0
ACC-004167,Garcia Ltd,Retail,51-200,0.364,compliance_mandate,28,False,0.0,0.6102,0,0
ACC-004168,Butler Ltd,Healthcare,201-1000,0.545,none,107,False,1.0,0.6355,1,0
ACC-004169,Rhodes-Anderson,Retail,1001-5000,0.46,compliance_mandate,0,False,1.0,0.8156,0,0
ACC-004170,"Arellano, Owens and Brown",Manufacturing,1-50,0.433,none,24,False,0.0,0.7238,0,0
ACC-004171,Morales-Wood,Legal,51-200,0.873,none,43,True,0.0,0.6291,0,1
ACC-004172,Alvarez-Morris,Retail,51-200,0.276,leadership_change,19,False,0.0,0.3494,0,0
ACC-004173,"Henderson, Wade and Martinez",Retail,1001-5000,0.358,none,18,False,1.0,0.7729,0,0
ACC-004174,"Powell, Wood and Mccarty",Healthcare,1-50,0.792,compliance_mandate,45,False,1.0,0.8316,1,1
ACC-004175,Juarez-Larson,Manufacturing,1-50,0.506,funding_round,63,False,1.0,0.5531,1,0
ACC-004176,Robbins Ltd,Retail,1-50,0.723,none,6,False,1.0,0.4701,1,1
ACC-004177,Holmes PLC,Real Estate,1-50,0.872,none,21,False,0.0,0.6223,0,1
ACC-004178,"Love, Webb and Martin",Financial Services,51-200,0.979,funding_round,18,False,0.0,,0,1
ACC-004179,Smith-Alexander,Healthcare,5000+,0.444,none,28,False,1.0,0.8182,0,0
ACC-004180,"Wilson, Smith and Wright",Financial Services,51-200,0.763,none,21,False,1.0,0.802,1,1
ACC-004181,Ho-Burns,Legal,51-200,0.543,tech_refresh,11,False,1.0,0.6606,1,0
ACC-004182,Marshall LLC,Manufacturing,1-50,0.459,none,77,True,1.0,0.4838,0,0
ACC-004183,Payne Inc,Financial Services,1-50,0.73,tech_refresh,16,False,1.0,0.7201,1,1
ACC-004184,Vargas-Turner,Legal,1001-5000,0.935,compliance_mandate,24,False,1.0,0.7468,1,1
ACC-004185,Romero and Sons,Financial Services,51-200,0.633,leadership_change,13,False,1.0,0.5608,1,0
ACC-004186,"Ferguson, Berger and Gibson",Financial Services,1001-5000,0.577,compliance_mandate,2,False,1.0,0.8838,1,0
ACC-004187,Campos Inc,Government,1-50,0.474,none,68,False,1.0,0.8315,0,0
ACC-004188,Lester LLC,Real Estate,1001-5000,1.0,compliance_mandate,76,False,1.0,0.61,1,1
ACC-004189,Flores-Powell,Government,51-200,0.522,none,82,False,1.0,0.6144,1,0
ACC-004190,Davis Inc,Insurance,5000+,0.761,compliance_mandate,30,False,1.0,0.7352,1,1
ACC-004191,"Brown, Hill and Jensen",Real Estate,51-200,0.678,compliance_mandate,24,False,0.0,0.6044,0,1
ACC-004192,Maynard-Simon,Financial Services,51-200,0.921,funding_round,156,True,0.0,,0,1
ACC-004193,Sexton-Davis,Legal,1-50,0.963,none,10,True,1.0,0.8917,1,1
ACC-004194,"Thompson, Taylor and Wall",Government,201-1000,0.658,none,2,False,1.0,0.592,1,1
ACC-004195,Baird-Garcia,Real Estate,51-200,0.802,none,23,False,1.0,0.8104,1,1
ACC-004196,Scott-Castro,Technology,1-50,0.692,none,8,False,1.0,0.7491,1,1
ACC-004197,Reilly-Young,Insurance,51-200,0.665,none,9,False,0.0,0.094,0,1
ACC-004198,Nelson-Mills,Financial Services,51-200,0.732,none,40,False,1.0,0.6419,1,1
ACC-004199,Miller PLC,Healthcare,1-50,0.586,none,0,True,1.0,0.5789,1,0
ACC-004200,Reilly-Carney,Healthcare,51-200,0.665,tech_refresh,4,True,1.0,0.5913,1,1
ACC-004201,Hull LLC,Manufacturing,1001-5000,0.451,tech_refresh,48,False,1.0,0.7888,0,0
ACC-004202,Jones LLC,Real Estate,51-200,0.534,none,86,False,1.0,0.2892,1,0
ACC-004203,Moore and Sons,Legal,201-1000,0.809,leadership_change,51,True,1.0,0.9628,1,1
ACC-004204,Becker-Davis,Retail,1-50,0.281,none,8,False,1.0,0.7345,0,0
ACC-004205,"George, Fox and Rodgers",Insurance,1-50,0.853,none,30,True,1.0,0.7676,1,1
ACC-004206,"Gilbert, Carter and Johnson",Government,51-200,0.615,none,17,False,1.0,0.7396,1,0
ACC-004207,"Wilson, Clark and Walker",Manufacturing,201-1000,0.505,leadership_change,70,False,0.0,0.8337,0,0
ACC-004208,Cruz PLC,Manufacturing,1001-5000,0.532,none,4,False,1.0,0.7002,1,0
ACC-004209,"Mccall, Collins and Thompson",Technology,51-200,0.582,none,64,False,1.0,0.691,1,0
ACC-004210,"Rodriguez, Norman and Marquez",Real Estate,201-1000,0.759,compliance_mandate,37,True,1.0,0.76,1,1
ACC-004211,Buck-May,Legal,5000+,0.936,leadership_change,59,False,1.0,0.5813,1,1
ACC-004212,"West, Taylor and Barber",Insurance,51-200,0.77,leadership_change,2,False,1.0,0.7029,1,1
ACC-004213,Moore PLC,Government,51-200,0.541,funding_round,8,False,1.0,0.7803,1,0
ACC-004214,Gregory-Horn,Manufacturing,1001-5000,0.485,tech_refresh,4,False,1.0,0.6837,0,0
ACC-004215,"Porter, Castillo and Matthews",Real Estate,201-1000,0.782,funding_round,10,False,1.0,0.6374,1,1
ACC-004216,Carlson-Fowler,Government,201-1000,0.61,leadership_change,10,True,1.0,0.8107,1,0
ACC-004217,Knapp-Anderson,Technology,51-200,0.437,leadership_change,7,True,1.0,0.5879,0,0
ACC-004218,Farrell-Murphy,Insurance,51-200,0.6,none,10,True,1.0,0.7814,1,0
ACC-004219,"Anderson, Romero and Barnes",Retail,51-200,0.151,leadership_change,9,False,0.0,,0,0
ACC-004220,Williams LLC,Legal,201-1000,0.906,none,41,False,1.0,0.332,1,1
ACC-004221,Norris and Sons,Technology,51-200,0.636,none,139,True,0.0,0.4216,0,0
ACC-004222,Hendrix LLC,Retail,51-200,0.469,funding_round,33,False,1.0,0.4171,0,0
ACC-004223,Lloyd Group,Real Estate,1-50,0.768,leadership_change,14,False,1.0,0.8256,1,1
ACC-004224,Dyer Group,Government,201-1000,0.532,tech_refresh,24,False,1.0,0.7566,1,0
ACC-004225,Huff Group,Technology,1-50,0.376,none,142,False,1.0,0.8392,0,0
ACC-004226,Garcia-Gonzalez,Legal,201-1000,0.798,none,45,False,1.0,0.4334,1,1
ACC-004227,Hill-Avila,Government,5000+,0.587,none,9,False,1.0,0.5181,1,0
ACC-004228,"Williams, Kennedy and Reese",Technology,1001-5000,0.458,compliance_mandate,43,False,1.0,0.8128,0,0
ACC-004229,Reynolds PLC,Legal,51-200,0.965,none,124,False,1.0,0.811,1,1
ACC-004230,Davis-Watkins,Healthcare,1001-5000,0.724,none,43,True,0.0,0.0911,0,1
ACC-004231,Williams Ltd,Healthcare,1-50,0.711,none,2,False,1.0,0.5128,1,1
ACC-004232,"Johnson, Miller and Roberts",Insurance,51-200,0.76,none,14,False,1.0,0.7542,1,1
ACC-004233,Skinner Ltd,Real Estate,201-1000,0.843,none,71,False,0.0,0.6456,0,1
ACC-004234,"Sloan, Knox and Garcia",Healthcare,51-200,0.732,none,0,False,1.0,0.9421,1,1
ACC-004235,Morgan-Graham,Retail,1-50,0.271,funding_round,9,False,1.0,0.7881,0,0
ACC-004236,Johnson-Hunter,Technology,51-200,0.637,none,37,False,1.0,0.7932,1,0
ACC-004237,Norton-Murray,Legal,201-1000,0.731,leadership_change,50,False,1.0,0.7081,1,1
ACC-004238,Young Group,Legal,1001-5000,0.917,none,0,False,0.0,0.8041,0,1
ACC-004239,Nolan-Flores,Retail,201-1000,0.642,none,40,False,1.0,0.5891,1,0
ACC-004240,Davis Inc,Technology,201-1000,0.531,leadership_change,14,False,1.0,0.6487,1,0
ACC-004241,"Eaton, Merritt and Walker",Government,1-50,0.59,none,41,False,1.0,0.8588,1,0
ACC-004242,Sharp-Evans,Legal,201-1000,0.816,none,30,False,0.0,0.3999,0,1
ACC-004243,Warren-Carr,Insurance,1001-5000,0.753,none,43,True,0.0,,0,1
ACC-004244,Smith-Baker,Real Estate,51-200,0.904,none,65,False,0.0,0.3228,0,1
ACC-004245,Thompson-Smith,Financial Services,1-50,0.604,none,4,False,1.0,0.5799,1,0
ACC-004246,Bullock-Mathis,Financial Services,1-50,0.845,none,16,True,1.0,0.6477,1,1
ACC-004247,Park-Wilson,Technology,51-200,0.661,funding_round,10,False,0.0,,0,1
ACC-004248,Ewing-Jones,Manufacturing,201-1000,0.499,none,26,False,0.0,0.3689,0,0
ACC-004249,Campbell Ltd,Manufacturing,51-200,0.327,compliance_mandate,15,False,0.0,0.397,0,0
ACC-004250,Wagner-Ortega,Legal,51-200,0.84,funding_round,17,False,1.0,0.513,1,1
ACC-004251,Fowler-Washington,Manufacturing,1-50,0.341,leadership_change,99,False,1.0,0.4821,0,0
ACC-004252,"Garza, Willis and Wall",Healthcare,1001-5000,0.778,leadership_change,15,False,0.0,0.4458,0,1
ACC-004253,Vargas and Sons,Government,51-200,0.767,none,8,False,1.0,0.4943,1,1
ACC-004254,Bowman-Meyers,Real Estate,51-200,0.76,none,0,False,0.0,0.1708,0,1
ACC-004255,Ward Ltd,Technology,1-50,0.564,leadership_change,56,False,1.0,0.8534,1,0
ACC-004256,Ashley LLC,Insurance,1-50,0.843,funding_round,30,True,1.0,0.9108,1,1
ACC-004257,"Mahoney, Lee and Bennett",Retail,5000+,0.527,none,36,False,1.0,0.6323,1,0
ACC-004258,Lowe and Sons,Legal,5000+,0.807,none,0,False,1.0,0.8933,1,1
ACC-004259,Murray-Barron,Legal,1001-5000,0.796,leadership_change,20,False,1.0,0.6578,1,1
ACC-004260,Pierce-Smith,Legal,5000+,1.0,leadership_change,4,True,1.0,0.9104,1,1
ACC-004261,Beasley Inc,Manufacturing,51-200,0.511,leadership_change,74,False,1.0,0.6155,1,0
ACC-004262,"Phillips, Bailey and Benton",Manufacturing,1-50,0.304,tech_refresh,83,False,1.0,0.5989,0,0
ACC-004263,Byrd PLC,Healthcare,201-1000,0.705,none,20,False,1.0,0.4595,1,1
ACC-004264,Mckenzie Inc,Manufacturing,51-200,0.447,funding_round,13,False,1.0,0.5178,0,0
ACC-004265,Brown LLC,Financial Services,51-200,0.933,funding_round,38,False,1.0,0.771,1,1
ACC-004266,Chan-Garcia,Technology,1-50,0.528,funding_round,8,False,1.0,0.6968,1,0
ACC-004267,Roberts-Hess,Technology,201-1000,0.826,none,35,False,0.0,0.5838,0,1
ACC-004268,"Ingram, Acosta and Miller",Insurance,1-50,0.693,none,11,False,1.0,0.6004,1,1
ACC-004269,Peters-Lucas,Legal,201-1000,0.936,none,76,False,1.0,0.6274,1,1
ACC-004270,"Vance, Harvey and White",Government,1-50,0.535,compliance_mandate,18,False,1.0,0.7932,1,0
ACC-004271,Rogers-Nelson,Legal,51-200,0.855,none,40,False,1.0,0.6195,1,1
ACC-004272,Skinner Ltd,Real Estate,51-200,0.76,none,8,False,1.0,0.7653,1,1
ACC-004273,Gross Ltd,Healthcare,1-50,0.73,none,35,False,1.0,0.7061,1,1
ACC-004274,Pollard-Solis,Government,51-200,0.533,none,79,False,1.0,0.8671,1,0
ACC-004275,Kelley Inc,Insurance,51-200,0.785,none,33,False,1.0,0.6405,1,1
ACC-004276,Green-Jackson,Healthcare,51-200,0.774,tech_refresh,9,False,1.0,0.8294,1,1
ACC-004277,Kane Group,Financial Services,51-200,0.977,compliance_mandate,22,True,0.0,0.5227,0,1
ACC-004278,Pitts LLC,Retail,1001-5000,0.448,none,4,False,1.0,0.3085,0,0
ACC-004279,Davis-Adams,Legal,1-50,1.0,none,17,False,1.0,0.7629,1,1
ACC-004280,Arias Inc,Technology,1-50,0.455,none,6,True,1.0,0.6987,0,0
ACC-004281,Harris-Scott,Insurance,1-50,0.738,funding_round,4,False,1.0,0.8235,1,1
ACC-004282,Ramos-Martin,Insurance,1-50,0.867,tech_refresh,30,False,1.0,0.8837,1,1
ACC-004283,"Beard, Brown and Ryan",Retail,51-200,0.632,none,1,False,1.0,0.6309,1,0
ACC-004284,"Newman, Sanders and Conway",Healthcare,51-200,0.652,none,28,False,1.0,0.6624,1,1
ACC-004285,Rodriguez-Clark,Financial Services,51-200,0.914,none,17,True,1.0,0.6399,1,1
ACC-004286,Casey LLC,Real Estate,51-200,0.917,none,12,False,0.0,0.4207,0,1
ACC-004287,"Hall, Barton and Mcdonald",Manufacturing,1-50,0.274,none,77,True,1.0,0.5907,0,0
ACC-004288,"Weaver, Guzman and Stewart",Real Estate,51-200,0.734,leadership_change,60,False,1.0,0.8292,1,1
ACC-004289,"Mcintosh, Smith and Osborn",Real Estate,201-1000,0.632,none,7,True,0.0,0.7334,0,0
ACC-004290,Barnes PLC,Technology,51-200,0.561,none,36,True,1.0,0.888,1,0
ACC-004291,Roberts-Bass,Insurance,1-50,0.805,none,4,False,1.0,0.5493,1,1
ACC-004292,Lopez Ltd,Financial Services,51-200,0.818,funding_round,0,False,1.0,0.7104,1,1
ACC-004293,Deleon Inc,Technology,51-200,0.573,compliance_mandate,3,False,0.0,0.7204,0,0
ACC-004294,Wall-Jones,Retail,1-50,0.518,none,0,False,1.0,0.5038,1,0
ACC-004295,Chavez and Sons,Legal,51-200,0.791,none,23,False,0.0,,0,1
ACC-004296,Stewart PLC,Technology,201-1000,0.392,none,22,False,0.0,0.5119,0,0
ACC-004297,Perez-Reyes,Technology,201-1000,0.622,leadership_change,15,True,0.0,0.2949,0,0
ACC-004298,Ryan Ltd,Real Estate,51-200,0.761,leadership_change,60,False,1.0,0.3472,1,1
ACC-004299,Vazquez PLC,Legal,1001-5000,1.0,compliance_mandate,21,False,1.0,0.4295,1,1
ACC-004300,Cook and Sons,Manufacturing,1-50,0.462,none,31,False,1.0,0.4793,0,0
ACC-004301,Stevens and Sons,Real Estate,201-1000,0.962,leadership_change,19,False,1.0,0.8967,1,1
ACC-004302,"Smith, Summers and Shah",Healthcare,51-200,0.703,funding_round,34,False,1.0,0.8419,1,1
ACC-004303,Grimes LLC,Healthcare,1001-5000,0.556,none,3,True,1.0,0.6952,1,0
ACC-004304,Stevenson and Sons,Healthcare,1001-5000,0.588,none,39,False,0.0,0.6616,0,0
ACC-004305,Luna PLC,Healthcare,51-200,0.522,tech_refresh,53,False,1.0,0.7247,1,0
ACC-004306,Quinn Ltd,Technology,1-50,0.653,none,74,False,1.0,0.746,1,1
ACC-004307,Mays LLC,Real Estate,51-200,0.944,compliance_mandate,14,False,1.0,0.511,1,1
ACC-004308,Rodriguez-Simmons,Insurance,51-200,0.769,tech_refresh,65,False,0.0,0.6923,0,1
ACC-004309,"Pitts, Robinson and King",Real Estate,1001-5000,0.774,funding_round,61,False,0.0,0.4328,0,1
ACC-004310,Wiley-Li,Financial Services,201-1000,0.802,leadership_change,4,False,0.0,0.4533,0,1
ACC-004311,"Gross, Kim and Arnold",Technology,1001-5000,0.524,none,12,True,0.0,0.7124,0,0
ACC-004312,"Neal, Brock and Gomez",Healthcare,201-1000,0.672,funding_round,2,True,1.0,0.9223,1,1
ACC-004313,Hess-Banks,Healthcare,51-200,0.788,none,16,False,1.0,0.7304,1,1
ACC-004314,Martin LLC,Real Estate,201-1000,0.775,none,12,False,1.0,0.7692,1,1
ACC-004315,Anderson-Watts,Manufacturing,1001-5000,0.302,leadership_change,20,False,0.0,0.3518,0,0
ACC-004316,"Sosa, Howell and Fischer",Healthcare,1-50,0.573,none,14,False,0.0,0.4557,0,0
ACC-004317,Brown-Johns,Manufacturing,1001-5000,0.593,compliance_mandate,2,True,1.0,0.9033,1,0
ACC-004318,"Schmitt, Perez and Johnson",Real Estate,1-50,0.657,none,24,False,1.0,0.8036,1,1
ACC-004319,Frederick PLC,Government,51-200,0.536,none,10,False,1.0,0.5301,1,0
ACC-004320,"Lee, Rhodes and Rivera",Real Estate,201-1000,0.619,funding_round,86,True,1.0,0.6788,1,0
ACC-004321,Reyes-Church,Retail,51-200,0.44,none,61,False,1.0,0.7449,0,0
ACC-004322,Jones LLC,Legal,1-50,0.948,none,16,True,1.0,0.7599,1,1
ACC-004323,Winters Group,Technology,1001-5000,0.519,compliance_mandate,13,False,0.0,0.4012,0,0
ACC-004324,Pace-Mitchell,Government,201-1000,0.754,compliance_mandate,3,False,1.0,0.8059,1,1
ACC-004325,Hughes and Sons,Healthcare,1-50,0.548,none,23,False,1.0,0.6263,1,0
ACC-004326,"Thompson, Estes and Santos",Healthcare,51-200,0.746,funding_round,4,False,1.0,0.8184,1,1
ACC-004327,"Phillips, Kelly and Brown",Real Estate,51-200,0.888,leadership_change,19,False,1.0,0.8124,1,1
ACC-004328,White-Atkinson,Real Estate,1-50,0.86,compliance_mandate,12,False,0.0,0.5036,0,1
ACC-004329,"Atkins, Nguyen and Flores",Healthcare,51-200,0.625,none,56,True,1.0,0.8517,1,0
ACC-004330,"Harmon, Jones and Price",Manufacturing,1-50,0.558,none,4,False,1.0,0.5601,1,0
ACC-004331,"Rodriguez, Robinson and Smith",Insurance,51-200,0.595,tech_refresh,21,True,1.0,0.7813,1,0
ACC-004332,Martin-Gibson,Healthcare,51-200,0.746,none,68,False,1.0,0.52,1,1
ACC-004333,Gilbert Inc,Financial Services,1-50,0.7,leadership_change,57,False,0.0,0.0822,0,1
ACC-004334,Dixon-Sanchez,Manufacturing,201-1000,0.678,none,16,False,1.0,0.8157,1,1
ACC-004335,Henson LLC,Financial Services,1-50,0.861,leadership_change,15,False,1.0,0.7234,1,1
ACC-004336,Patrick-Taylor,Insurance,51-200,0.712,none,2,False,0.0,,0,1
ACC-004337,"Allen, Fowler and Smith",Technology,201-1000,0.451,leadership_change,14,True,1.0,0.6349,0,0
ACC-004338,"Garcia, Solis and Rios",Government,1001-5000,0.796,none,16,False,1.0,0.8037,1,1
ACC-004339,Frank LLC,Legal,1001-5000,0.867,leadership_change,55,False,0.0,,0,1
ACC-004340,Garcia and Sons,Technology,51-200,0.489,leadership_change,22,False,1.0,0.7365,0,0
ACC-004341,"Leach, Walker and Williams",Legal,51-200,0.832,none,3,True,1.0,0.8344,1,1
ACC-004342,Roach-Carlson,Retail,1-50,0.482,leadership_change,1,False,0.0,0.2518,0,0
ACC-004343,"Mathews, Hunt and Johnson",Government,51-200,0.483,none,8,False,1.0,0.5032,0,0
ACC-004344,Lee-Martin,Insurance,1001-5000,0.731,none,4,False,0.0,0.6092,0,1
ACC-004345,Brock-Ellis,Insurance,1-50,0.756,none,95,True,0.0,0.0697,0,1
ACC-004346,Keith PLC,Legal,51-200,0.836,leadership_change,18,False,1.0,0.4801,1,1
ACC-004347,Castillo-Jones,Government,201-1000,0.809,compliance_mandate,8,False,0.0,0.2815,0,1
ACC-004348,Davis Inc,Real Estate,51-200,0.733,none,18,False,0.0,0.7031,0,1
ACC-004349,James-Franco,Retail,1-50,0.159,compliance_mandate,14,True,1.0,0.7549,0,0
ACC-004350,Adams Inc,Real Estate,1-50,0.575,leadership_change,12,False,0.0,0.7976,0,0
ACC-004351,Porter-Wilson,Retail,1-50,0.542,funding_round,23,False,1.0,0.658,1,0
ACC-004352,Benitez-Pratt,Government,1-50,0.639,none,6,False,1.0,0.6351,1,0
ACC-004353,Ramirez-Graves,Retail,1-50,0.371,none,11,False,1.0,0.6032,0,0
ACC-004354,Thompson Group,Real Estate,201-1000,0.906,funding_round,14,False,0.0,0.1912,0,1
ACC-004355,Mcfarland-Jones,Insurance,1-50,0.481,tech_refresh,79,False,1.0,0.693,0,0
ACC-004356,Palmer Ltd,Insurance,201-1000,0.89,none,18,False,1.0,0.3871,1,1
ACC-004357,"Blankenship, Swanson and Hardy",Healthcare,201-1000,0.668,compliance_mandate,0,True,1.0,0.747,1,1
ACC-004358,"Moon, Thompson and Carson",Technology,51-200,0.579,none,95,False,1.0,0.8064,1,0
ACC-004359,"Shields, May and Torres",Insurance,201-1000,1.0,none,103,False,1.0,0.9013,1,1
ACC-004360,Hayes-Green,Retail,51-200,0.322,none,17,False,1.0,0.4157,0,0
ACC-004361,"Smith, Baird and Hall",Legal,1-50,0.915,none,13,False,0.0,0.4994,0,1
ACC-004362,Garza and Sons,Government,201-1000,0.804,none,30,True,1.0,0.6779,1,1
ACC-004363,"Taylor, Keller and Byrd",Government,201-1000,0.617,none,32,False,0.0,0.3494,0,0
ACC-004364,Burns-Mcmillan,Manufacturing,51-200,0.264,tech_refresh,40,False,0.0,0.1992,0,0
ACC-004365,"Elliott, Lopez and Kirby",Real Estate,1001-5000,0.905,none,1,False,1.0,0.5565,1,1
ACC-004366,Jones and Sons,Healthcare,51-200,0.728,funding_round,13,False,1.0,0.4455,1,1
ACC-004367,"Jacobson, Johnson and Rivas",Manufacturing,201-1000,0.445,none,9,False,0.0,0.1393,0,0
ACC-004368,Warren-Chung,Manufacturing,1001-5000,0.231,none,9,False,0.0,0.3501,0,0
ACC-004369,Moore Group,Legal,201-1000,0.858,tech_refresh,5,False,1.0,0.6271,1,1
ACC-004370,Smith PLC,Retail,51-200,0.246,tech_refresh,4,True,1.0,0.598,0,0
ACC-004371,Townsend PLC,Manufacturing,51-200,0.46,leadership_change,14,False,1.0,0.6717,0,0
ACC-004372,Dunn-Gray,Government,1-50,0.744,none,70,True,1.0,0.8283,1,1
ACC-004373,Solomon-Moore,Insurance,1-50,0.713,none,30,False,1.0,0.7158,1,1
ACC-004374,Orr LLC,Legal,51-200,0.811,none,7,False,1.0,0.6634,1,1
ACC-004375,"Davidson, Scott and Cochran",Healthcare,51-200,0.643,compliance_mandate,9,False,0.0,,0,0
ACC-004376,"York, Palmer and Wood",Legal,1-50,1.0,none,5,False,1.0,0.8156,1,1
ACC-004377,Hernandez-Frank,Retail,1-50,0.431,compliance_mandate,72,False,1.0,0.3304,0,0
ACC-004378,Hamilton PLC,Insurance,51-200,0.761,funding_round,128,False,1.0,0.6513,1,1
ACC-004379,"Jefferson, Blankenship and Chapman",Insurance,1-50,0.619,none,10,False,1.0,0.5631,1,0
ACC-004380,Jackson LLC,Healthcare,1-50,0.594,leadership_change,13,False,0.0,0.5471,0,0
ACC-004381,"Farrell, Higgins and Adams",Retail,51-200,0.633,none,59,False,1.0,0.5987,1,0
ACC-004382,"Simmons, Dunn and Moore",Real Estate,201-1000,0.759,none,17,False,1.0,0.779,1,1
ACC-004383,Kemp-Guzman,Healthcare,51-200,0.755,none,81,False,1.0,0.7466,1,1
ACC-004384,Smith PLC,Retail,51-200,0.681,compliance_mandate,7,False,0.0,0.2886,0,1
ACC-004385,Edwards-Goodwin,Healthcare,201-1000,0.679,funding_round,3,False,1.0,0.5066,1,1
ACC-004386,Cook-Miller,Financial Services,5000+,0.723,tech_refresh,5,False,1.0,0.6398,1,1
ACC-004387,"Hicks, Marsh and Dunn",Healthcare,1001-5000,0.624,none,34,True,0.0,0.5553,0,0
ACC-004388,Thomas Group,Insurance,201-1000,0.815,funding_round,1,False,0.0,0.375,0,1
ACC-004389,Singh PLC,Healthcare,51-200,0.649,compliance_mandate,0,True,1.0,0.6922,1,0
ACC-004390,King Inc,Financial Services,1-50,0.898,none,6,False,0.0,,0,1
ACC-004391,Smith Group,Retail,51-200,0.509,none,15,False,0.0,0.3493,0,0
ACC-004392,Lopez-Hodge,Real Estate,1-50,0.83,none,4,False,1.0,0.7843,1,1
ACC-004393,Williams-Russell,Financial Services,51-200,0.914,none,0,False,1.0,0.8019,1,1
ACC-004394,Roberts-Howard,Financial Services,5000+,0.831,none,34,False,1.0,0.3682,1,1
ACC-004395,"White, Brown and Braun",Retail,1-50,0.324,none,142,False,1.0,0.2601,0,0
ACC-004396,Pearson-Hudson,Financial Services,51-200,0.86,funding_round,95,False,1.0,0.9085,1,1
ACC-004397,Gonzales-Chapman,Manufacturing,5000+,0.381,funding_round,34,False,0.0,0.3244,0,0
ACC-004398,"Edwards, Perez and Alexander",Manufacturing,51-200,0.616,none,43,True,0.0,,0,0
ACC-004399,Fitzgerald Inc,Insurance,51-200,0.682,compliance_mandate,25,True,0.0,0.3502,0,1
ACC-004400,"Schmidt, Beasley and Butler",Retail,1-50,0.536,tech_refresh,9,True,1.0,0.3832,1,0
ACC-004401,Martinez Inc,Real Estate,201-1000,0.714,none,21,True,0.0,0.7339,0,1
ACC-004402,"Bell, Rowe and Thompson",Healthcare,201-1000,0.874,compliance_mandate,65,False,1.0,0.9209,1,1
ACC-004403,Patrick-Harris,Technology,5000+,0.619,compliance_mandate,18,True,1.0,0.7627,1,0
ACC-004404,Carter LLC,Insurance,1001-5000,0.627,funding_round,62,False,1.0,0.5081,1,0
ACC-004405,Owens-Holmes,Retail,201-1000,0.316,none,5,True,1.0,0.4887,0,0
ACC-004406,Vaughn-Walters,Healthcare,1-50,0.698,none,65,True,1.0,0.5268,1,1
ACC-004407,Woods-Hardy,Technology,1001-5000,0.716,funding_round,37,False,1.0,0.703,1,1
ACC-004408,"Duncan, Soto and Austin",Manufacturing,201-1000,0.523,none,123,False,1.0,0.6847,1,0
ACC-004409,"Johnson, Brown and Mendoza",Manufacturing,1-50,0.354,none,5,False,0.0,0.518,0,0
ACC-004410,Eaton-Williams,Government,5000+,0.713,funding_round,12,False,1.0,0.5593,1,1
ACC-004411,Stephenson-Alvarez,Manufacturing,51-200,0.537,leadership_change,38,True,1.0,0.871,1,0
ACC-004412,Yu-Marshall,Financial Services,1-50,0.956,none,62,False,1.0,0.8556,1,1
ACC-004413,"Rodriguez, Burton and Carter",Real Estate,51-200,0.788,leadership_change,6,False,1.0,0.6777,1,1
ACC-004414,Davis LLC,Healthcare,201-1000,0.544,compliance_mandate,13,False,1.0,0.7339,1,0
ACC-004415,"Castillo, Johnson and Baker",Technology,51-200,0.667,funding_round,14,False,1.0,0.7055,1,1
ACC-004416,"Kemp, Yoder and Burgess",Healthcare,51-200,0.771,tech_refresh,36,False,1.0,0.6997,1,1
ACC-004417,Combs Ltd,Healthcare,1-50,0.674,none,84,False,1.0,0.4952,1,1
ACC-004418,Thompson-Hoffman,Financial Services,51-200,0.912,funding_round,6,False,1.0,0.8637,1,1
ACC-004419,Curry Ltd,Real Estate,51-200,0.686,leadership_change,20,False,1.0,0.566,1,1
ACC-004420,Brock Group,Healthcare,51-200,0.782,leadership_change,18,False,1.0,0.8643,1,1
ACC-004421,"Graham, Gaines and Case",Real Estate,201-1000,0.752,none,6,False,1.0,0.6996,1,1
ACC-004422,"Munoz, Williams and Martin",Insurance,5000+,0.518,none,6,False,1.0,0.2551,1,0
ACC-004423,Dawson-Frye,Healthcare,1-50,0.602,none,15,False,1.0,0.4977,1,0
ACC-004424,Sexton-Harris,Financial Services,1-50,0.966,funding_round,16,False,1.0,0.7844,1,1
ACC-004425,"Smith, Gilbert and Sparks",Manufacturing,201-1000,0.461,tech_refresh,11,False,1.0,0.6261,0,0
ACC-004426,Adams-Richardson,Technology,51-200,0.484,none,56,False,1.0,0.795,0,0
ACC-004427,Nelson PLC,Financial Services,1-50,0.73,leadership_change,14,False,0.0,0.5607,0,1
ACC-004428,"Gonzalez, Caldwell and Christian",Healthcare,1-50,0.637,none,41,True,1.0,0.5279,1,0
ACC-004429,Williams-Ross,Legal,51-200,0.858,leadership_change,31,False,0.0,0.6256,0,1
ACC-004430,Smith-Flores,Technology,51-200,0.51,none,7,False,1.0,0.5892,1,0
ACC-004431,Schultz LLC,Retail,51-200,0.523,none,76,False,0.0,0.5943,0,0
ACC-004432,"Berry, Rice and Rivera",Manufacturing,1-50,0.426,leadership_change,5,False,1.0,0.6265,0,0
ACC-004433,Shields-Rodriguez,Real Estate,5000+,1.0,funding_round,76,True,0.0,,0,1
ACC-004434,Valdez Group,Manufacturing,51-200,0.506,none,14,True,1.0,0.7393,1,0
ACC-004435,Jones Ltd,Real Estate,1-50,0.68,none,73,True,1.0,0.8693,1,1
ACC-004436,"Lee, Thomas and Clark",Financial Services,1001-5000,0.8,compliance_mandate,24,True,1.0,0.8093,1,1
ACC-004437,Ponce-Garza,Retail,51-200,0.499,compliance_mandate,22,False,1.0,0.7498,0,0
ACC-004438,Phillips-Hernandez,Real Estate,1-50,0.78,none,57,True,1.0,0.5881,1,1
ACC-004439,"Aguilar, Evans and Daniel",Government,201-1000,0.515,tech_refresh,2,False,1.0,0.7726,1,0
ACC-004440,"Butler, Rogers and Miles",Technology,201-1000,0.545,leadership_change,16,True,1.0,0.5525,1,0
ACC-004441,Berg and Sons,Government,51-200,0.525,none,1,False,1.0,0.4745,1,0
ACC-004442,"Ruiz, Mills and Woods",Manufacturing,51-200,0.578,none,6,False,1.0,0.7844,1,0
ACC-004443,"Buchanan, Wong and Pruitt",Financial Services,1001-5000,1.0,tech_refresh,4,True,1.0,0.6869,1,1
ACC-004444,Eaton LLC,Technology,201-1000,0.506,tech_refresh,36,False,1.0,0.6789,1,0
ACC-004445,"Rice, Underwood and Harris",Financial Services,51-200,0.973,none,34,False,1.0,0.7854,1,1
ACC-004446,Cherry Group,Technology,1001-5000,0.362,leadership_change,13,True,1.0,0.3959,0,0
ACC-004447,Montoya-White,Legal,1-50,0.872,none,0,False,0.0,0.4907,0,1
ACC-004448,"Sanchez, Gonzalez and Morris",Real Estate,51-200,0.62,compliance_mandate,9,True,1.0,0.7531,1,0
ACC-004449,"Vargas, Schwartz and Mitchell",Legal,1-50,1.0,none,10,False,1.0,0.4868,1,1
ACC-004450,"Young, Murphy and Hawkins",Retail,51-200,0.216,leadership_change,41,False,1.0,0.289,0,0
ACC-004451,"Henson, Ortiz and Murphy",Insurance,51-200,0.716,none,42,True,1.0,0.6516,1,1
ACC-004452,Scott LLC,Healthcare,51-200,0.656,none,23,False,0.0,0.3995,0,1
ACC-004453,"Brady, Wright and Zamora",Legal,51-200,0.898,compliance_mandate,71,True,1.0,0.7026,1,1
ACC-004454,Gay-Ho,Insurance,51-200,0.706,leadership_change,0,False,1.0,0.8176,1,1
ACC-004455,Pierce-Murphy,Manufacturing,1-50,0.514,none,104,False,0.0,0.537,0,0
ACC-004456,Kelly-Mckee,Financial Services,201-1000,0.803,funding_round,13,True,1.0,0.9183,1,1
ACC-004457,Ferguson Inc,Healthcare,1-50,0.779,leadership_change,54,True,1.0,0.7868,1,1
ACC-004458,"Simon, Bradley and Clark",Manufacturing,1001-5000,0.536,none,27,True,1.0,0.8044,1,0
ACC-004459,"Thomas, Davis and Hatfield",Financial Services,5000+,0.837,compliance_mandate,19,True,1.0,0.5309,1,1
ACC-004460,Johnson-Evans,Healthcare,5000+,0.614,none,166,True,1.0,0.7518,1,0
ACC-004461,"Williams, Grimes and Long",Real Estate,1-50,0.744,compliance_mandate,8,True,1.0,0.6509,1,1
ACC-004462,"Bailey, Duran and Hogan",Healthcare,201-1000,0.62,funding_round,5,False,1.0,0.8223,1,0
ACC-004463,Peterson Group,Insurance,51-200,0.421,leadership_change,3,True,1.0,0.8748,0,0
ACC-004464,Berry and Sons,Financial Services,201-1000,0.871,leadership_change,23,False,1.0,0.7504,1,1
ACC-004465,Smith-Keith,Real Estate,5000+,0.804,none,23,True,1.0,0.7903,1,1
ACC-004466,Garner-Gray,Insurance,51-200,0.882,leadership_change,22,True,0.0,0.6331,0,1
ACC-004467,Patterson-Larson,Financial Services,1001-5000,0.765,none,19,True,1.0,0.5166,1,1
ACC-004468,Chavez Ltd,Insurance,1-50,0.661,none,4,True,1.0,0.6165,1,1
ACC-004469,Taylor LLC,Insurance,51-200,0.938,none,94,False,1.0,0.8912,1,1
ACC-004470,"Carey, James and Miller",Healthcare,1-50,0.573,none,11,False,1.0,0.6178,1,0
ACC-004471,"Torres, Coleman and Ayala",Retail,1-50,0.289,none,2,False,1.0,0.3345,0,0
ACC-004472,Hernandez PLC,Healthcare,1-50,0.674,none,76,False,1.0,0.7788,1,1
ACC-004473,"Young, Mcmillan and Miller",Healthcare,1-50,0.52,none,29,False,0.0,0.1482,0,0
ACC-004474,Bradley and Sons,Government,51-200,0.515,none,17,True,1.0,0.5592,1,0
ACC-004475,Clements-Thomas,Retail,1001-5000,0.068,none,19,False,0.0,0.3532,0,0
ACC-004476,"Roth, Peters and Mills",Insurance,201-1000,0.76,funding_round,24,False,1.0,0.3065,1,1
ACC-004477,"Kim, Lambert and Kennedy",Government,1-50,0.708,leadership_change,6,False,1.0,0.765,1,1
ACC-004478,Pace Group,Government,1-50,0.743,none,23,False,0.0,0.5728,0,1
ACC-004479,Martin Group,Legal,201-1000,1.0,tech_refresh,5,False,1.0,0.8618,1,1
ACC-004480,Harris-Davis,Legal,1-50,0.897,tech_refresh,16,False,0.0,0.1642,0,1
ACC-004481,Boyd-Stanton,Insurance,1001-5000,0.717,leadership_change,69,False,1.0,0.4273,1,1
ACC-004482,"Ellis, Johnson and Black",Retail,1-50,0.589,leadership_change,88,False,1.0,0.8243,1,0
ACC-004483,Martinez-Hopkins,Financial Services,201-1000,0.893,tech_refresh,17,False,1.0,0.8463,1,1
ACC-004484,Day-Ibarra,Technology,1-50,0.631,compliance_mandate,4,False,1.0,0.7467,1,0
ACC-004485,"Smith, Greene and Long",Legal,1-50,0.913,none,4,False,1.0,0.7495,1,1
ACC-004486,Long-Miller,Real Estate,51-200,0.945,none,12,False,1.0,0.6513,1,1
ACC-004487,"Sims, Abbott and Huber",Real Estate,1-50,0.66,none,0,True,1.0,0.5876,1,1
ACC-004488,"Davis, Snyder and Lynch",Government,1-50,0.874,leadership_change,0,False,0.0,0.8253,0,1
ACC-004489,"Ewing, Sanchez and Horton",Manufacturing,1-50,0.593,tech_refresh,18,True,1.0,0.6592,1,0
ACC-004490,"Mcgee, Robinson and Mckenzie",Manufacturing,1001-5000,0.531,leadership_change,11,False,0.0,,0,0
ACC-004491,Rose PLC,Government,51-200,0.499,none,4,True,1.0,0.7862,0,0
ACC-004492,Simon-Smith,Legal,1-50,0.78,none,46,True,0.0,0.7596,0,1
ACC-004493,Orozco and Sons,Real Estate,1-50,0.677,none,65,False,1.0,0.8583,1,1
ACC-004494,Anderson LLC,Retail,1-50,0.448,funding_round,0,True,1.0,0.8473,0,0
ACC-004495,Harrington-Rivera,Manufacturing,51-200,0.537,none,6,False,0.0,,0,0
ACC-004496,Jenkins-Crawford,Government,1001-5000,0.732,none,73,False,0.0,,0,1
ACC-004497,Waller Group,Financial Services,1001-5000,0.84,none,25,False,1.0,0.7364,1,1
ACC-004498,Frank LLC,Government,201-1000,0.52,none,57,False,1.0,0.4905,1,0
ACC-004499,"Lee, Patterson and Brown",Healthcare,51-200,0.849,none,11,False,1.0,0.6266,1,1
ACC-004500,Howe Ltd,Technology,1-50,0.397,leadership_change,20,True,1.0,0.4563,0,0
ACC-004501,Harris and Sons,Healthcare,1-50,0.665,none,24,True,1.0,0.6237,1,1
ACC-004502,Ramirez-Fitzgerald,Legal,5000+,0.828,none,9,True,1.0,0.9216,1,1
ACC-004503,Brewer-Campbell,Manufacturing,1001-5000,0.328,funding_round,13,True,1.0,0.5959,0,0
ACC-004504,"Huynh, Wise and Wilkerson",Real Estate,1-50,0.709,funding_round,46,True,0.0,0.7747,0,1
ACC-004505,"Smith, Jones and Mitchell",Government,1-50,0.638,tech_refresh,14,False,1.0,0.4783,1,0
ACC-004506,Jones-Brown,Manufacturing,201-1000,0.367,compliance_mandate,29,False,1.0,0.4969,0,0
ACC-004507,Miller-Burke,Legal,1-50,0.976,none,58,False,1.0,0.7338,1,1
ACC-004508,"Mccarty, Miller and Martin",Financial Services,201-1000,1.0,compliance_mandate,6,True,1.0,0.6476,1,1
ACC-004509,"Lopez, Sullivan and Wilson",Financial Services,1-50,0.811,funding_round,17,True,1.0,0.8497,1,1
ACC-004510,Coleman Group,Insurance,1-50,0.857,compliance_mandate,12,False,1.0,0.7527,1,1
ACC-004511,"Vazquez, Flores and Mitchell",Insurance,5000+,0.749,none,0,False,1.0,0.7452,1,1
ACC-004512,Hayden LLC,Healthcare,1001-5000,0.699,none,33,False,0.0,0.5085,0,1
ACC-004513,Cabrera-Williams,Legal,1-50,0.929,leadership_change,17,False,1.0,0.7698,1,1
ACC-004514,Ortiz-Williams,Manufacturing,5000+,0.346,none,18,True,1.0,0.7237,0,0
ACC-004515,"Nelson, Garner and Gallagher",Healthcare,51-200,0.815,funding_round,15,True,1.0,0.8125,1,1
ACC-004516,Williams-Gomez,Real Estate,51-200,0.916,none,32,False,1.0,0.8562,1,1
ACC-004517,"Curtis, Dougherty and Phillips",Government,201-1000,0.632,none,14,False,0.0,0.7522,0,0
ACC-004518,Williams LLC,Real Estate,51-200,0.806,none,3,False,1.0,0.5469,1,1
ACC-004519,Arroyo-Davis,Legal,201-1000,1.0,none,5,False,1.0,0.7965,1,1
ACC-004520,"Bruce, Mcbride and West",Technology,51-200,0.41,none,29,False,1.0,0.7839,0,0
ACC-004521,Baker-Berry,Technology,1001-5000,0.631,none,35,False,1.0,0.3764,1,0
ACC-004522,Neal-Zavala,Real Estate,51-200,0.643,none,17,False,1.0,0.6697,1,0
ACC-004523,Coleman Ltd,Legal,51-200,0.943,none,15,False,1.0,0.6576,1,1
ACC-004524,Burns Ltd,Insurance,1001-5000,0.887,none,4,False,1.0,0.5472,1,1
ACC-004525,Howard-Proctor,Government,51-200,0.771,none,50,False,1.0,0.5835,1,1
ACC-004526,Bryan-Donovan,Technology,1001-5000,0.535,leadership_change,49,False,1.0,0.7851,1,0
ACC-004527,"Wilson, Mosley and Larsen",Manufacturing,1001-5000,0.466,none,62,False,0.0,,0,0
ACC-004528,"Scott, Davis and Edwards",Real Estate,51-200,0.686,none,46,False,1.0,0.6947,1,1
ACC-004529,Clark-Robinson,Manufacturing,1-50,0.472,none,17,False,1.0,0.7668,0,0
ACC-004530,"Crosby, Pitts and Schneider",Healthcare,1-50,0.501,none,85,False,1.0,0.6767,1,0
ACC-004531,"Gallagher, Kelley and Wagner",Healthcare,201-1000,0.539,none,29,False,0.0,,0,0
ACC-004532,Matthews-Moore,Retail,201-1000,0.318,none,2,False,1.0,0.6172,0,0
ACC-004533,"Harmon, Hall and Mendez",Retail,51-200,0.275,none,35,False,1.0,0.6535,0,0
ACC-004534,Nelson-Morris,Manufacturing,51-200,0.478,none,37,True,0.0,0.6909,0,0
ACC-004535,Christian-Williams,Financial Services,1-50,0.691,compliance_mandate,9,False,0.0,0.2755,0,1
ACC-004536,Norman Ltd,Retail,1-50,0.407,none,0,False,0.0,0.6558,0,0
ACC-004537,Oconnor PLC,Insurance,1001-5000,0.699,none,73,True,1.0,0.3548,1,1
ACC-004538,"Lin, Stephens and Hebert",Retail,1-50,0.18,leadership_change,21,False,0.0,,0,0
ACC-004539,Walker-Finley,Healthcare,1-50,0.66,compliance_mandate,9,False,1.0,0.5716,1,1
ACC-004540,"Thompson, Hawkins and Fuentes",Financial Services,5000+,0.796,none,1,True,0.0,0.3115,0,1
ACC-004541,Ellis PLC,Healthcare,201-1000,0.399,none,9,False,0.0,0.5145,0,0
ACC-004542,Boyd Inc,Insurance,51-200,0.973,compliance_mandate,53,False,1.0,0.9051,1,1
ACC-004543,"Stephens, Webb and Lester",Real Estate,201-1000,1.0,none,209,False,1.0,0.8894,1,1
ACC-004544,Santana Ltd,Government,1-50,0.584,leadership_change,2,False,0.0,0.4328,0,0
ACC-004545,Harrison-Harrell,Technology,5000+,0.677,funding_round,6,False,0.0,0.2209,0,1
ACC-004546,Vega-Mitchell,Financial Services,1001-5000,0.904,tech_refresh,5,False,1.0,0.853,1,1
ACC-004547,"Farmer, Miles and Smith",Healthcare,5000+,0.696,compliance_mandate,34,False,1.0,0.7718,1,1
ACC-004548,Moore and Sons,Financial Services,1-50,0.868,leadership_change,1,True,1.0,0.8956,1,1
ACC-004549,Payne Ltd,Healthcare,1-50,0.731,tech_refresh,15,False,1.0,0.4991,1,1
ACC-004550,Taylor Inc,Real Estate,201-1000,0.565,funding_round,37,False,1.0,0.5201,1,0
ACC-004551,Thomas Group,Insurance,201-1000,0.796,none,12,False,1.0,0.4122,1,1
ACC-004552,Chang PLC,Government,5000+,0.809,none,4,True,1.0,0.5809,1,1
ACC-004553,"Mcdaniel, Henry and Allen",Government,51-200,0.77,leadership_change,32,True,1.0,0.7334,1,1
ACC-004554,Anderson Inc,Technology,201-1000,0.486,none,84,False,1.0,0.7315,0,0
ACC-004555,Porter-Nelson,Government,51-200,0.681,none,6,False,1.0,0.8832,1,1
ACC-004556,Harris-Obrien,Real Estate,51-200,0.701,none,4,False,0.0,,0,1
ACC-004557,Torres-Cox,Manufacturing,201-1000,0.622,leadership_change,62,False,1.0,0.7952,1,0
ACC-004558,Martin Ltd,Technology,51-200,0.515,funding_round,4,True,1.0,0.7003,1,0
ACC-004559,Rice and Sons,Manufacturing,1-50,0.48,none,105,False,0.0,0.6364,0,0
ACC-004560,Smith-Stone,Retail,1-50,0.651,funding_round,12,False,1.0,0.7996,1,1
ACC-004561,Brown LLC,Retail,1-50,0.351,tech_refresh,54,False,0.0,0.6293,0,0
ACC-004562,"Donovan, White and Jackson",Legal,1001-5000,0.873,none,89,False,1.0,0.759,1,1
ACC-004563,Thompson Group,Real Estate,51-200,0.747,none,1,False,1.0,0.8941,1,1
ACC-004564,Evans Ltd,Government,1-50,0.545,tech_refresh,33,False,0.0,0.3587,0,0
ACC-004565,Reilly-Lawson,Technology,1-50,0.708,leadership_change,20,False,1.0,0.7237,1,1
ACC-004566,Reynolds-Nichols,Retail,51-200,0.185,funding_round,1,False,1.0,0.4191,0,0
ACC-004567,Patterson-Kane,Insurance,51-200,0.847,none,24,False,1.0,0.8951,1,1
ACC-004568,Wall Inc,Real Estate,201-1000,0.793,tech_refresh,35,True,1.0,0.9124,1,1
ACC-004569,Lowe-Higgins,Insurance,1-50,0.978,none,26,False,1.0,0.7477,1,1
ACC-004570,"Cruz, Rodriguez and Parks",Healthcare,51-200,0.798,tech_refresh,42,True,0.0,0.6355,0,1
ACC-004571,Lopez-Griffith,Insurance,1-50,0.674,none,15,False,1.0,0.8036,1,1
ACC-004572,Meyer-Tran,Healthcare,1001-5000,0.405,leadership_change,4,False,1.0,0.4215,0,0
ACC-004573,Zamora-Hall,Retail,51-200,0.471,none,10,False,1.0,0.5603,0,0
ACC-004574,Singh Group,Financial Services,51-200,0.8,none,50,False,1.0,0.6239,1,1
ACC-004575,Welch PLC,Manufacturing,51-200,0.548,tech_refresh,28,False,1.0,0.6708,1,0
ACC-004576,"Lee, Thompson and Shea",Manufacturing,1001-5000,0.452,leadership_change,39,False,0.0,0.0989,0,0
ACC-004577,Banks-Murray,Real Estate,51-200,0.862,none,13,False,1.0,0.4057,1,1
ACC-004578,"Miller, Smith and Cline",Government,51-200,0.637,none,20,False,0.0,0.3106,0,0
ACC-004579,"Williams, Nelson and Palmer",Retail,51-200,0.51,none,23,False,0.0,0.3375,0,0
ACC-004580,Reynolds-Wilson,Government,201-1000,0.807,tech_refresh,4,False,1.0,0.5436,1,1
ACC-004581,Kelly Inc,Legal,1-50,0.691,none,1,False,1.0,0.6641,1,1
ACC-004582,Butler-Harris,Healthcare,51-200,0.644,compliance_mandate,26,False,1.0,0.5508,1,0
ACC-004583,Diaz-Shea,Real Estate,51-200,0.924,none,15,False,0.0,,0,1
ACC-004584,Yates-Smith,Technology,201-1000,0.651,none,92,False,1.0,0.6647,1,1
ACC-004585,"Arnold, Barnett and Saunders",Financial Services,1-50,0.967,none,75,True,0.0,0.687,0,1
ACC-004586,"Macias, Howe and Reese",Legal,5000+,0.994,none,93,False,1.0,0.7685,1,1
ACC-004587,Cooke-Peters,Legal,51-200,0.922,none,35,True,1.0,0.8389,1,1
ACC-004588,"Taylor, Lopez and Zuniga",Financial Services,1-50,0.576,none,12,True,1.0,0.8478,1,0
ACC-004589,Mccormick Group,Legal,1-50,0.839,none,4,False,1.0,0.5653,1,1
ACC-004590,Newman Group,Real Estate,51-200,0.93,leadership_change,55,False,1.0,0.7566,1,1
ACC-004591,Ramos PLC,Financial Services,1-50,0.85,none,2,False,1.0,0.7685,1,1
ACC-004592,Oliver-Bright,Healthcare,201-1000,0.421,compliance_mandate,17,False,1.0,0.4175,0,0
ACC-004593,Morgan and Sons,Manufacturing,51-200,0.622,none,60,False,1.0,0.5254,1,0
ACC-004594,"Haynes, Jackson and House",Real Estate,1001-5000,0.642,leadership_change,27,True,1.0,0.7933,1,0
ACC-004595,"Perry, Duke and Lopez",Real Estate,51-200,0.8,tech_refresh,9,True,0.0,,0,1
ACC-004596,"Nunez, Jordan and Cummings",Technology,201-1000,0.499,funding_round,2,True,1.0,0.4825,0,0
ACC-004597,"Rodriguez, Burton and Nelson",Financial Services,1001-5000,0.734,none,8,False,0.0,0.5485,0,1
ACC-004598,"Hopkins, Lopez and Ramos",Technology,1-50,0.492,none,29,False,1.0,0.4227,0,0
ACC-004599,"Morrison, Savage and Myers",Financial Services,51-200,0.939,compliance_mandate,16,False,1.0,0.5858,1,1
ACC-004600,Garner-Roberts,Insurance,1-50,0.565,leadership_change,8,False,1.0,0.8466,1,0
ACC-004601,"Green, Smith and Brown",Legal,1-50,0.956,none,2,False,0.0,,0,1
ACC-004602,"Evans, Reynolds and Booth",Legal,51-200,0.996,leadership_change,78,True,1.0,0.8882,1,1
ACC-004603,"Griffith, Simon and Mullen",Financial Services,1-50,0.848,none,26,False,1.0,0.9317,1,1
ACC-004604,Elliott Ltd,Financial Services,51-200,0.859,none,19,False,0.0,0.52,0,1
ACC-004605,Bennett-Hunter,Real Estate,201-1000,0.803,none,27,False,1.0,0.7145,1,1
ACC-004606,Clark Ltd,Healthcare,201-1000,0.621,tech_refresh,136,False,1.0,0.6317,1,0
ACC-004607,"Allen, Tapia and Patterson",Healthcare,1-50,0.864,none,15,False,1.0,0.6056,1,1
ACC-004608,Solis Ltd,Manufacturing,1001-5000,0.496,none,35,False,0.0,0.5233,0,0
ACC-004609,Figueroa Inc,Financial Services,51-200,0.754,none,9,False,0.0,0.4485,0,1
ACC-004610,"Mcmahon, Jackson and Reynolds",Manufacturing,1001-5000,0.3,none,15,False,1.0,0.0751,0,0
ACC-004611,Mueller-Cisneros,Retail,51-200,0.457,leadership_change,63,False,1.0,0.7783,0,0
ACC-004612,Hernandez Ltd,Healthcare,201-1000,0.688,compliance_mandate,31,False,1.0,0.5613,1,1
ACC-004613,"Nicholson, Stanley and Parker",Technology,5000+,0.678,tech_refresh,29,False,1.0,0.7009,1,1
ACC-004614,Meza-Bender,Healthcare,201-1000,0.427,none,14,True,1.0,0.7158,0,0
ACC-004615,Guzman Group,Financial Services,51-200,0.757,none,42,True,1.0,0.6884,1,1
ACC-004616,Murray PLC,Retail,51-200,0.304,leadership_change,106,False,0.0,0.567,0,0
ACC-004617,"Howard, Edwards and Davis",Government,51-200,0.646,none,120,False,1.0,0.7157,1,0
ACC-004618,"Orr, Wagner and Cantu",Real Estate,51-200,0.57,funding_round,30,False,1.0,0.8426,1,0
ACC-004619,"Boyle, Wilson and Miller",Healthcare,51-200,0.672,leadership_change,26,False,0.0,0.5106,0,1
ACC-004620,"Ramirez, Woods and Rice",Technology,201-1000,0.584,none,21,False,0.0,0.4049,0,0
ACC-004621,Spencer-Fitzpatrick,Legal,201-1000,0.934,leadership_change,17,False,1.0,0.6886,1,1
ACC-004622,Marshall-Campos,Healthcare,51-200,0.513,leadership_change,21,False,1.0,0.7028,1,0
ACC-004623,Jones Group,Insurance,1-50,0.921,none,29,False,1.0,0.7388,1,1
ACC-004624,"Smith, Wang and Levy",Manufacturing,5000+,0.397,funding_round,7,False,0.0,0.1018,0,0
ACC-004625,Rivera-Washington,Technology,1-50,0.377,none,3,False,0.0,0.7361,0,0
ACC-004626,Mcdonald-Cooper,Legal,1001-5000,0.846,tech_refresh,11,False,1.0,0.3326,1,1
ACC-004627,"Goodman, Miller and Savage",Insurance,51-200,0.542,none,26,False,1.0,0.6169,1,0
ACC-004628,Reid PLC,Retail,201-1000,0.498,none,63,False,1.0,0.7476,0,0
ACC-004629,Gay and Sons,Retail,1-50,0.571,none,3,False,1.0,0.5856,1,0
ACC-004630,Hanson-Mcdowell,Retail,5000+,0.167,none,51,False,0.0,0.5636,0,0
ACC-004631,Mitchell-Taylor,Government,1-50,0.442,funding_round,1,False,0.0,0.526,0,0
ACC-004632,"Gibbs, Ramos and Reeves",Real Estate,1001-5000,0.75,funding_round,60,True,1.0,0.8899,1,1
ACC-004633,Thomas-Cook,Legal,1-50,0.865,leadership_change,51,False,0.0,0.2685,0,1
ACC-004634,"Lopez, Mcdaniel and Clarke",Financial Services,1-50,1.0,none,153,False,0.0,,0,1
ACC-004635,Conner and Sons,Government,51-200,0.716,none,5,True,1.0,0.8185,1,1
ACC-004636,Holt Ltd,Financial Services,51-200,0.81,leadership_change,22,False,0.0,0.4218,0,1
ACC-004637,Nguyen and Sons,Healthcare,1-50,0.644,none,4,False,0.0,0.7042,0,0
ACC-004638,Velasquez-Armstrong,Real Estate,201-1000,0.678,none,14,True,1.0,0.6886,1,1
ACC-004639,Smith-Bishop,Real Estate,5000+,0.822,none,17,False,1.0,0.9344,1,1
ACC-004640,Clay-Lang,Technology,1-50,0.439,none,73,False,1.0,0.7041,0,0
ACC-004641,Clark and Sons,Government,201-1000,0.497,none,2,False,1.0,0.6367,0,0
ACC-004642,"Brandt, Bush and Harrison",Manufacturing,1001-5000,0.469,compliance_mandate,54,False,1.0,0.8318,0,0
ACC-004643,Rodriguez LLC,Retail,1-50,0.464,tech_refresh,25,False,1.0,0.8013,0,0
ACC-004644,Anderson-Andrade,Retail,1-50,0.389,funding_round,71,False,1.0,0.7957,0,0
ACC-004645,Taylor Group,Insurance,51-200,0.651,tech_refresh,56,False,1.0,0.8078,1,1
ACC-004646,Sanders Group,Technology,51-200,0.934,tech_refresh,34,False,1.0,0.8255,1,1
ACC-004647,Walters-Grant,Insurance,1001-5000,0.815,none,53,False,1.0,0.7006,1,1
ACC-004648,"Baker, Walton and Jones",Legal,51-200,0.923,none,23,False,1.0,0.7349,1,1
ACC-004649,Acosta Inc,Manufacturing,51-200,0.389,none,67,True,1.0,0.4188,0,0
ACC-004650,"Lee, Maldonado and Lane",Healthcare,201-1000,0.578,funding_round,2,True,0.0,,0,0
ACC-004651,Ross-Rivera,Manufacturing,1-50,0.326,tech_refresh,143,False,1.0,0.8756,0,0
ACC-004652,Salazar-Smith,Manufacturing,1-50,0.459,funding_round,90,False,0.0,0.3484,0,0
ACC-004653,Welch and Sons,Retail,51-200,0.303,none,32,False,1.0,0.2661,0,0
ACC-004654,Johnson Inc,Healthcare,51-200,0.569,none,14,False,0.0,0.1213,0,0
ACC-004655,Collier-Mckinney,Government,5000+,0.66,none,21,False,1.0,0.638,1,1
ACC-004656,Duncan-Davis,Retail,51-200,0.432,none,2,False,1.0,0.6028,0,0
ACC-004657,May Ltd,Government,201-1000,0.581,leadership_change,96,False,1.0,0.6236,1,0
ACC-004658,"Perez, Glass and Sanchez",Real Estate,1001-5000,0.749,compliance_mandate,31,False,1.0,0.7276,1,1
ACC-004659,"Chase, Stewart and Gonzalez",Real Estate,5000+,0.945,none,42,False,1.0,0.8569,1,1
ACC-004660,King Group,Real Estate,5000+,1.0,funding_round,31,False,1.0,0.8928,1,1
ACC-004661,"Ward, Kelley and Warren",Legal,51-200,0.852,compliance_mandate,76,False,1.0,0.8614,1,1
ACC-004662,Baker LLC,Healthcare,51-200,0.513,compliance_mandate,62,False,0.0,0.4384,0,0
ACC-004663,Garcia-Kirk,Real Estate,5000+,0.902,leadership_change,53,False,1.0,0.6092,1,1
ACC-004664,Thomas-Huang,Retail,1-50,0.467,funding_round,8,False,1.0,0.7849,0,0
ACC-004665,"Murray, Yu and Martin",Insurance,51-200,0.573,funding_round,15,False,0.0,0.5878,0,0
ACC-004666,Weber Group,Financial Services,5000+,0.89,none,3,False,1.0,0.9102,1,1
ACC-004667,Daugherty and Sons,Healthcare,1-50,0.6,funding_round,7,False,1.0,0.8297,1,0
ACC-004668,Clark Inc,Insurance,51-200,0.669,leadership_change,39,False,1.0,0.778,1,1
ACC-004669,Reynolds-Stanton,Legal,1-50,0.953,none,8,False,1.0,0.7881,1,1
ACC-004670,"Williams, Ruiz and Perkins",Technology,1-50,0.447,none,83,False,0.0,0.5887,0,0
ACC-004671,"Gamble, Thomas and Mullins",Financial Services,51-200,0.748,compliance_mandate,5,False,1.0,0.7552,1,1
ACC-004672,"Cowan, Garcia and Acosta",Retail,51-200,0.666,leadership_change,13,False,0.0,0.7378,0,1
ACC-004673,"Miller, Steele and Gates",Manufacturing,51-200,0.499,none,24,False,1.0,0.6292,0,0
ACC-004674,Nguyen LLC,Manufacturing,51-200,0.537,tech_refresh,59,False,1.0,0.7268,1,0
ACC-004675,Thomas-Anderson,Retail,1-50,0.455,none,25,False,1.0,0.6864,0,0
ACC-004676,Potter and Sons,Real Estate,201-1000,0.633,compliance_mandate,45,False,1.0,0.6229,1,0
ACC-004677,Fox Ltd,Healthcare,5000+,0.63,none,4,False,0.0,0.4188,0,0
ACC-004678,Wilson and Sons,Retail,51-200,0.259,none,39,False,1.0,0.7084,0,0
ACC-004679,Rosario Group,Financial Services,201-1000,0.664,compliance_mandate,7,False,0.0,0.0219,0,1
ACC-004680,"Brown, Watson and Burns",Real Estate,51-200,0.725,none,5,False,0.0,0.4995,0,1
ACC-004681,Terrell-Wilkins,Insurance,201-1000,0.818,compliance_mandate,17,True,1.0,0.9031,1,1
ACC-004682,Nichols Ltd,Healthcare,1-50,0.416,none,26,False,0.0,0.5218,0,0
ACC-004683,"Moore, Evans and Bright",Retail,1-50,0.396,funding_round,1,False,1.0,0.6959,0,0
ACC-004684,Mcintyre Ltd,Manufacturing,51-200,0.537,leadership_change,1,False,0.0,0.4316,0,0
ACC-004685,"Richardson, Hamilton and Robinson",Healthcare,5000+,0.814,funding_round,5,False,1.0,0.8532,1,1
ACC-004686,"Mckinney, Brown and Ayala",Financial Services,1-50,0.953,none,0,False,0.0,,0,1
ACC-004687,Black-Sparks,Technology,1-50,0.646,none,7,False,0.0,0.3667,0,0
ACC-004688,Dickerson-Mcpherson,Real Estate,51-200,0.883,leadership_change,56,False,1.0,0.5225,1,1
ACC-004689,"Harris, Copeland and Humphrey",Financial Services,1-50,0.771,none,10,False,1.0,0.732,1,1
ACC-004690,Reyes Inc,Retail,1-50,0.567,tech_refresh,21,False,1.0,0.4923,1,0
ACC-004691,Burns-Roberson,Healthcare,1-50,0.559,funding_round,48,False,1.0,0.624,1,0
ACC-004692,Sullivan LLC,Retail,201-1000,0.504,none,2,False,1.0,0.7157,1,0
ACC-004693,Ewing-Mitchell,Real Estate,1-50,0.742,none,21,False,1.0,0.7812,1,1
ACC-004694,Andrews-Walsh,Technology,51-200,0.726,none,10,False,0.0,0.6745,0,1
ACC-004695,Sullivan and Sons,Technology,1-50,0.716,compliance_mandate,10,True,1.0,0.7429,1,1
ACC-004696,Taylor-Gonzalez,Government,1001-5000,0.504,none,34,False,1.0,0.4369,1,0
ACC-004697,King-Williams,Manufacturing,1-50,0.272,funding_round,26,False,1.0,0.7092,0,0
ACC-004698,Gross-Hunter,Healthcare,1-50,0.661,none,23,False,1.0,0.7947,1,1
ACC-004699,Farrell-Perez,Insurance,1-50,0.621,compliance_mandate,2,False,1.0,0.7656,1,0
ACC-004700,"Henderson, Douglas and Hale",Legal,1001-5000,0.958,funding_round,5,True,1.0,0.668,1,1
ACC-004701,Moore PLC,Manufacturing,1001-5000,0.507,none,10,False,0.0,0.2359,0,0
ACC-004702,Thomas-Carrillo,Healthcare,1-50,0.803,none,68,False,1.0,0.8451,1,1
ACC-004703,"Carlson, Sanchez and Martin",Real Estate,5000+,0.797,none,4,False,1.0,0.8714,1,1
ACC-004704,Valencia LLC,Technology,201-1000,0.785,compliance_mandate,24,False,0.0,0.7178,0,1
ACC-004705,Gates-Wise,Legal,51-200,0.985,none,51,False,1.0,0.7613,1,1
ACC-004706,Reyes-Smith,Retail,51-200,0.515,tech_refresh,25,False,0.0,,0,0
ACC-004707,Stein Inc,Financial Services,51-200,0.859,none,19,False,0.0,0.1866,0,1
ACC-004708,Patterson PLC,Healthcare,1-50,0.648,none,15,True,1.0,0.2943,1,0
ACC-004709,Rice and Sons,Government,51-200,0.847,none,15,False,0.0,0.8269,0,1
ACC-004710,"Rodgers, Hill and Farley",Financial Services,1-50,0.798,leadership_change,36,False,1.0,0.6597,1,1
ACC-004711,"Herman, Smith and Duke",Healthcare,51-200,0.724,none,14,False,1.0,0.8335,1,1
ACC-004712,"Gonzalez, Santana and Mcgrath",Legal,1-50,0.912,leadership_change,61,False,0.0,0.1364,0,1
ACC-004713,"Martinez, Flores and Brock",Technology,51-200,0.761,leadership_change,28,False,1.0,0.8359,1,1
ACC-004714,Green-Baxter,Retail,201-1000,0.511,none,21,False,1.0,0.5619,1,0
ACC-004715,"Barber, Hunter and Landry",Insurance,201-1000,0.601,none,11,False,1.0,0.5633,1,0
ACC-004716,"Moss, Shea and Berry",Government,1-50,0.604,funding_round,1,False,1.0,0.5329,1,0
ACC-004717,Johnston-Osborn,Legal,1001-5000,1.0,compliance_mandate,26,True,0.0,0.693,0,1
ACC-004718,"Roberson, Cummings and Carter",Healthcare,51-200,0.515,none,79,False,0.0,0.568,0,0
ACC-004719,Baldwin-Hancock,Retail,1001-5000,0.294,funding_round,10,False,0.0,0.3199,0,0
ACC-004720,Rodriguez-Aguilar,Retail,51-200,0.347,none,86,False,1.0,0.3951,0,0
ACC-004721,"Rodgers, Mejia and Barr",Legal,1-50,0.847,none,40,False,0.0,0.5465,0,1
ACC-004722,Martinez-Allen,Technology,1001-5000,0.62,tech_refresh,29,True,1.0,0.7772,1,0
ACC-004723,Howell Group,Real Estate,51-200,0.701,leadership_change,5,False,0.0,,0,1
ACC-004724,Hudson-Anderson,Insurance,1-50,0.574,none,0,False,1.0,0.838,1,0
ACC-004725,Brady-Graham,Healthcare,1-50,0.586,none,22,False,1.0,0.5315,1,0
ACC-004726,Rodriguez-Hardy,Legal,51-200,0.812,leadership_change,32,False,1.0,0.8508,1,1
ACC-004727,Welch Ltd,Manufacturing,51-200,0.374,none,3,True,0.0,0.368,0,0
ACC-004728,"Johnson, Alexander and Wang",Technology,1-50,0.671,none,22,False,0.0,0.6163,0,1
ACC-004729,Sloan Group,Real Estate,201-1000,0.773,tech_refresh,44,False,0.0,,0,1
ACC-004730,"Kennedy, Montgomery and Conner",Manufacturing,51-200,0.534,none,18,False,1.0,0.694,1,0
ACC-004731,"Butler, Richardson and Sanchez",Manufacturing,1-50,0.421,none,17,False,1.0,0.6786,0,0
ACC-004732,Lowe-Moore,Healthcare,1001-5000,0.625,none,37,True,0.0,0.6652,0,0
ACC-004733,Garcia-Harris,Government,1001-5000,0.582,compliance_mandate,69,True,0.0,0.8596,0,0
ACC-004734,Johnson and Sons,Technology,51-200,0.709,compliance_mandate,9,False,1.0,0.7599,1,1
ACC-004735,Martin-Collins,Healthcare,1-50,0.644,none,78,False,0.0,0.2062,0,0
ACC-004736,"Edwards, Castaneda and Cruz",Financial Services,51-200,1.0,none,22,True,1.0,0.7045,1,1
ACC-004737,Cooper-Fischer,Insurance,1-50,0.906,none,47,False,0.0,0.3098,0,1
ACC-004738,Pratt Ltd,Insurance,51-200,0.716,none,8,False,1.0,0.5776,1,1
ACC-004739,Ruiz PLC,Retail,1-50,0.728,leadership_change,49,False,1.0,0.635,1,1
ACC-004740,Morris Inc,Technology,1-50,0.709,none,3,True,1.0,0.7951,1,1
ACC-004741,Nash-Combs,Financial Services,201-1000,0.925,none,18,False,0.0,0.2036,0,1
ACC-004742,"Terry, Williams and Jones",Retail,5000+,0.555,none,71,False,0.0,0.5459,0,0
ACC-004743,Rodriguez PLC,Technology,51-200,0.587,none,29,False,0.0,,0,0
ACC-004744,Perez and Sons,Technology,1001-5000,0.461,funding_round,97,False,1.0,0.3925,0,0
ACC-004745,Wilson-Hartman,Government,51-200,0.677,none,3,True,1.0,0.8006,1,1
ACC-004746,Pitts Ltd,Financial Services,1-50,0.681,none,49,False,0.0,,0,1
ACC-004747,Cook-Cook,Legal,51-200,1.0,compliance_mandate,2,False,1.0,0.8,1,1
ACC-004748,Wu LLC,Retail,51-200,0.571,none,16,False,0.0,0.695,0,0
ACC-004749,Miller and Sons,Legal,1-50,0.888,none,0,False,1.0,0.8035,1,1
ACC-004750,Diaz PLC,Real Estate,201-1000,0.912,none,32,False,0.0,0.3298,0,1
ACC-004751,"Lopez, Gomez and Nelson",Insurance,5000+,0.954,none,30,False,1.0,0.7699,1,1
ACC-004752,Nelson-Carter,Government,1001-5000,0.757,tech_refresh,31,False,1.0,0.8235,1,1
ACC-004753,"Butler, Armstrong and Montoya",Manufacturing,1001-5000,0.635,tech_refresh,43,False,1.0,0.8028,1,0
ACC-004754,Gomez-Bush,Healthcare,201-1000,0.624,leadership_change,56,False,1.0,0.5083,1,0
ACC-004755,"Howard, Crane and Lopez",Technology,51-200,0.772,leadership_change,23,False,1.0,0.6087,1,1
ACC-004756,"Diaz, Blevins and Cole",Retail,201-1000,0.318,none,16,False,1.0,0.3948,0,0
ACC-004757,"Cruz, Gibson and Page",Retail,51-200,0.321,none,11,False,1.0,0.6574,0,0
ACC-004758,Duran Inc,Retail,1-50,0.181,none,6,False,1.0,0.8054,0,0
ACC-004759,Lopez-Campbell,Financial Services,51-200,0.862,none,17,False,1.0,0.6425,1,1
ACC-004760,Davidson LLC,Insurance,5000+,0.713,compliance_mandate,51,True,1.0,0.7755,1,1
ACC-004761,Kim Inc,Manufacturing,201-1000,0.49,none,11,False,0.0,0.688,0,0
ACC-004762,Long Ltd,Government,1-50,0.33,none,61,False,1.0,0.489,0,0
ACC-004763,"Reese, Johnson and Collins",Government,51-200,0.447,none,33,False,1.0,0.7758,0,0
ACC-004764,"Reynolds, Johnson and Cruz",Healthcare,51-200,0.79,compliance_mandate,13,False,1.0,0.8556,1,1
ACC-004765,Morris and Sons,Financial Services,201-1000,0.809,none,10,False,1.0,0.6749,1,1
ACC-004766,Ross-Garcia,Government,1001-5000,0.622,none,0,False,0.0,0.1426,0,0
ACC-004767,Farley and Sons,Manufacturing,1-50,0.654,none,6,False,0.0,0.5551,0,1
ACC-004768,"Werner, Martinez and Wood",Technology,201-1000,0.586,leadership_change,27,False,1.0,0.6785,1,0
ACC-004769,Taylor and Sons,Technology,51-200,0.688,none,19,True,0.0,0.7921,0,1
ACC-004770,Maldonado-Jones,Retail,201-1000,0.33,none,1,False,1.0,0.7955,0,0
ACC-004771,"Reed, Stark and Shepherd",Retail,1-50,0.448,tech_refresh,20,False,1.0,0.7715,0,0
ACC-004772,"Wright, Thomas and Franklin",Technology,201-1000,0.639,compliance_mandate,6,False,1.0,0.6007,1,0
ACC-004773,"Hernandez, Smith and Garcia",Insurance,1-50,0.719,compliance_mandate,27,False,1.0,0.81,1,1
ACC-004774,Graham Ltd,Real Estate,1001-5000,0.78,none,9,False,1.0,0.67,1,1
ACC-004775,"Williamson, Bautista and White",Manufacturing,1001-5000,0.412,compliance_mandate,20,False,1.0,0.2765,0,0
ACC-004776,Reynolds Ltd,Technology,201-1000,0.706,leadership_change,104,True,1.0,0.7415,1,1
ACC-004777,Bradley Inc,Technology,1-50,0.4,leadership_change,28,False,1.0,0.3571,0,0
ACC-004778,"Barnes, Henderson and Franklin",Insurance,51-200,0.504,none,98,True,1.0,0.8223,1,0
ACC-004779,Peters PLC,Government,1001-5000,0.529,funding_round,12,False,1.0,0.3973,1,0
ACC-004780,Perez LLC,Insurance,51-200,0.792,none,21,False,1.0,0.8322,1,1
ACC-004781,Butler-Norris,Government,201-1000,0.388,compliance_mandate,1,False,0.0,0.2657,0,0
ACC-004782,"Adams, Obrien and Potter",Government,51-200,0.709,none,33,False,1.0,0.6533,1,1
ACC-004783,"Smith, Bruce and Coleman",Insurance,1001-5000,0.507,tech_refresh,12,False,1.0,0.7406,1,0
ACC-004784,Shaw-Henderson,Manufacturing,201-1000,0.408,none,14,False,0.0,0.2239,0,0
ACC-004785,Wright Inc,Legal,51-200,0.95,none,10,False,1.0,0.8545,1,1
ACC-004786,Carson Inc,Technology,51-200,0.386,leadership_change,36,False,1.0,0.6369,0,0
ACC-004787,"Price, Carney and Brock",Government,51-200,0.823,none,15,False,1.0,0.8849,1,1
ACC-004788,Le-Oconnor,Government,1-50,0.609,compliance_mandate,35,True,0.0,0.7031,0,0
ACC-004789,"Butler, Jones and Douglas",Manufacturing,1001-5000,0.401,none,3,False,0.0,0.3535,0,0
ACC-004790,Salinas Ltd,Legal,5000+,0.853,funding_round,44,False,0.0,0.721,0,1
ACC-004791,Nguyen Inc,Real Estate,1-50,0.866,leadership_change,9,False,1.0,0.165,1,1
ACC-004792,Simon-Woods,Manufacturing,51-200,0.272,leadership_change,0,False,0.0,0.7957,0,0
ACC-004793,Dougherty Group,Technology,1-50,0.567,tech_refresh,23,False,1.0,0.5497,1,0
ACC-004794,"Shaw, Cook and Montes",Retail,5000+,0.413,compliance_mandate,13,True,1.0,0.6242,0,0
ACC-004795,Williams-Haney,Real Estate,1-50,0.817,none,30,True,1.0,0.6452,1,1
ACC-004796,Reilly-Stewart,Legal,1001-5000,0.755,none,8,False,1.0,0.8646,1,1
ACC-004797,"Luna, King and Lester",Legal,5000+,0.947,none,102,False,1.0,0.8145,1,1
ACC-004798,"Hughes, Wells and Jones",Financial Services,51-200,0.621,leadership_change,21,False,1.0,0.826,1,0
ACC-004799,Sawyer and Sons,Healthcare,201-1000,0.679,none,18,False,0.0,,0,1
ACC-004800,"Ramos, Mcintyre and Maynard",Technology,1001-5000,0.507,compliance_mandate,34,False,1.0,0.6881,1,0
ACC-004801,Johnson-Choi,Healthcare,1001-5000,0.705,none,1,False,1.0,0.8045,1,1
ACC-004802,Miller Ltd,Government,51-200,0.475,leadership_change,10,False,1.0,0.6741,0,0
ACC-004803,"Bailey, Reynolds and Bruce",Real Estate,51-200,0.767,compliance_mandate,11,False,1.0,0.7496,1,1
ACC-004804,"Guzman, Green and Cobb",Retail,1-50,0.468,none,103,False,1.0,0.7273,0,0
ACC-004805,Meyer-Dillon,Legal,1-50,0.923,none,11,False,1.0,0.6911,1,1
ACC-004806,"Fisher, Mcdowell and Baker",Government,5000+,0.731,leadership_change,11,False,1.0,0.6024,1,1
ACC-004807,Buck-West,Manufacturing,201-1000,0.428,leadership_change,38,True,1.0,0.7647,0,0
ACC-004808,"White, White and King",Legal,1-50,1.0,none,3,False,0.0,0.5429,0,1
ACC-004809,"Jones, Nelson and Davis",Technology,51-200,0.636,tech_refresh,23,False,1.0,0.5558,1,0
ACC-004810,"James, Ross and Day",Real Estate,201-1000,0.595,compliance_mandate,48,False,1.0,0.4874,1,0
ACC-004811,Russell-Jones,Insurance,51-200,0.904,compliance_mandate,0,False,1.0,0.8232,1,1
ACC-004812,Morris Group,Retail,5000+,0.354,none,20,False,1.0,0.7585,0,0
ACC-004813,Alvarez-Robinson,Government,51-200,0.357,none,10,False,1.0,0.721,0,0
ACC-004814,"Thomas, Mccarty and Brennan",Healthcare,1-50,0.396,leadership_change,15,False,0.0,0.547,0,0
ACC-004815,"Allen, Edwards and Everett",Retail,1001-5000,0.698,none,20,False,1.0,0.8152,1,1
ACC-004816,Richardson-Gonzales,Retail,51-200,0.434,none,22,False,1.0,0.6449,0,0
ACC-004817,Conrad-Glenn,Financial Services,1-50,0.857,compliance_mandate,73,False,1.0,0.8457,1,1
ACC-004818,Padilla Ltd,Legal,1-50,0.975,none,93,False,1.0,0.88,1,1
ACC-004819,Paul-Rios,Real Estate,1-50,0.822,tech_refresh,29,False,0.0,,0,1
ACC-004820,Scott-Pena,Manufacturing,201-1000,0.532,funding_round,19,False,1.0,0.6207,1,0
ACC-004821,"Banks, Young and Lane",Healthcare,51-200,0.713,none,7,False,1.0,0.6719,1,1
ACC-004822,"Turner, Cox and Johnson",Real Estate,51-200,0.9,none,0,False,1.0,0.8536,1,1
ACC-004823,Nguyen-Petersen,Legal,51-200,0.961,leadership_change,8,False,1.0,0.7849,1,1
ACC-004824,Dickerson PLC,Retail,51-200,0.291,none,49,False,0.0,0.2945,0,0
ACC-004825,Johns Inc,Financial Services,51-200,0.859,none,26,True,1.0,0.7357,1,1
ACC-004826,"Smith, Hall and Hunt",Insurance,1-50,0.486,tech_refresh,9,True,1.0,0.507,0,0
ACC-004827,Anderson-Carter,Financial Services,201-1000,0.932,none,2,False,0.0,0.8204,0,1
ACC-004828,Harrison Group,Retail,201-1000,0.482,funding_round,0,True,1.0,0.7589,0,0
ACC-004829,Riley-Wilson,Real Estate,1001-5000,0.846,none,1,False,0.0,0.804,0,1
ACC-004830,"Horton, Williams and Wallace",Legal,1-50,0.946,none,5,False,1.0,0.8067,1,1
ACC-004831,"Nguyen, Wright and Burton",Technology,1-50,0.667,tech_refresh,3,False,1.0,0.9287,1,1
ACC-004832,"Moore, Phillips and Douglas",Manufacturing,201-1000,0.401,none,50,True,1.0,0.672,0,0
ACC-004833,Martinez Group,Manufacturing,51-200,0.697,none,12,False,1.0,0.7975,1,1
ACC-004834,Williams-Williams,Healthcare,201-1000,0.755,none,39,True,1.0,0.4462,1,1
ACC-004835,"Moore, Baxter and Lewis",Real Estate,5000+,0.761,none,58,True,1.0,0.5954,1,1
ACC-004836,Anderson-Fernandez,Retail,5000+,0.212,none,1,False,1.0,0.682,0,0
ACC-004837,White-Mcguire,Legal,5000+,0.824,tech_refresh,48,False,1.0,0.8162,1,1
ACC-004838,"Hernandez, Garza and Underwood",Government,51-200,0.667,leadership_change,37,False,1.0,0.4421,1,1
ACC-004839,Washington-Peterson,Manufacturing,201-1000,0.389,funding_round,37,False,1.0,0.7804,0,0
ACC-004840,Faulkner-Carroll,Technology,201-1000,0.563,none,7,True,1.0,0.6995,1,0
ACC-004841,Sullivan-Curry,Technology,1-50,0.577,leadership_change,13,False,1.0,0.8012,1,0
ACC-004842,Watkins-Lamb,Manufacturing,51-200,0.397,none,73,False,1.0,0.8025,0,0
ACC-004843,Morgan PLC,Government,1-50,0.604,leadership_change,30,False,1.0,0.8377,1,0
ACC-004844,Cervantes Inc,Legal,1-50,0.888,compliance_mandate,20,False,0.0,,0,1
ACC-004845,Thornton Group,Retail,1-50,0.459,none,77,False,1.0,0.8439,0,0
ACC-004846,Martinez-Lopez,Healthcare,5000+,0.874,funding_round,119,False,1.0,0.6393,1,1
ACC-004847,"Howard, Watson and Hall",Financial Services,1-50,0.96,none,3,False,1.0,0.7309,1,1
ACC-004848,"Allen, Morales and Hill",Retail,5000+,0.56,funding_round,7,False,1.0,0.8014,1,0
ACC-004849,Martin PLC,Retail,1-50,0.502,funding_round,0,False,1.0,0.8446,1,0
ACC-004850,"Simpson, Horn and Martinez",Legal,51-200,1.0,compliance_mandate,2,True,1.0,0.7843,1,1
ACC-004851,Hunter-Kennedy,Insurance,201-1000,0.672,leadership_change,16,False,0.0,0.1419,0,1
ACC-004852,Walsh LLC,Real Estate,1-50,0.599,none,14,False,1.0,0.804,1,0
ACC-004853,Black-Vaughan,Healthcare,51-200,0.743,none,4,False,1.0,0.8281,1,1
ACC-004854,Nelson LLC,Government,201-1000,0.678,none,111,False,1.0,0.7551,1,1
ACC-004855,"Brown, Carson and Lozano",Legal,51-200,0.697,compliance_mandate,19,False,1.0,0.942,1,1
ACC-004856,Garcia-Kane,Legal,201-1000,0.946,none,6,True,1.0,0.9134,1,1
ACC-004857,Perry-Santos,Real Estate,1-50,0.711,compliance_mandate,42,False,1.0,0.6906,1,1
ACC-004858,"Trevino, Patterson and Williams",Financial Services,1-50,0.95,compliance_mandate,52,False,1.0,0.7627,1,1
ACC-004859,Case-Sanders,Retail,201-1000,0.458,none,3,False,1.0,0.5433,0,0
ACC-004860,Taylor Group,Legal,1-50,0.975,leadership_change,75,False,1.0,0.6493,1,1
ACC-004861,Porter PLC,Insurance,51-200,0.633,funding_round,88,True,0.0,0.534,0,0
ACC-004862,"Browning, Williams and West",Government,201-1000,0.334,none,21,False,1.0,0.7555,0,0
ACC-004863,Miranda-Miller,Insurance,51-200,0.778,none,12,True,1.0,0.5144,1,1
ACC-004864,Bartlett Inc,Retail,51-200,0.499,leadership_change,58,True,1.0,0.6111,0,0
ACC-004865,Woods Ltd,Legal,51-200,0.962,leadership_change,7,False,1.0,0.698,1,1
ACC-004866,Bridges-Thompson,Real Estate,1001-5000,0.721,none,8,False,1.0,0.6404,1,1
ACC-004867,"Williams, Clarke and Ortega",Government,1001-5000,0.641,tech_refresh,25,False,1.0,0.9084,1,0
ACC-004868,Lee Ltd,Legal,201-1000,0.941,none,57,False,1.0,0.7503,1,1
ACC-004869,Lee-Cervantes,Technology,51-200,0.542,leadership_change,45,False,1.0,0.7648,1,0
ACC-004870,"Soto, Trujillo and Jordan",Insurance,5000+,0.603,none,29,False,0.0,0.5262,0,0
ACC-004871,"French, Davis and Gomez",Manufacturing,51-200,0.53,leadership_change,39,False,0.0,0.304,0,0
ACC-004872,Doyle-Henderson,Legal,1001-5000,1.0,none,0,True,0.0,0.8543,0,1
ACC-004873,Nunez-Clark,Healthcare,201-1000,0.577,leadership_change,13,False,1.0,0.5357,1,0
ACC-004874,Gonzalez Inc,Legal,1001-5000,1.0,leadership_change,38,False,1.0,0.8819,1,1
ACC-004875,"Calhoun, Thomas and James",Insurance,1-50,0.805,tech_refresh,10,False,1.0,0.8604,1,1
ACC-004876,Dean-Wright,Technology,1-50,0.456,none,12,False,1.0,0.612,0,0
ACC-004877,Rivera Group,Insurance,51-200,0.857,none,2,False,1.0,0.8401,1,1
ACC-004878,Perez-Whitaker,Manufacturing,1001-5000,0.461,none,28,False,1.0,0.7126,0,0
ACC-004879,Mcgee-Garcia,Manufacturing,201-1000,0.363,none,32,False,1.0,0.3306,0,0
ACC-004880,Franklin Ltd,Government,51-200,0.533,none,7,True,1.0,0.6334,1,0
ACC-004881,Dixon LLC,Manufacturing,1001-5000,0.196,none,20,False,0.0,0.4644,0,0
ACC-004882,Estrada LLC,Technology,1001-5000,0.538,compliance_mandate,32,False,0.0,,0,0
ACC-004883,Simmons LLC,Healthcare,201-1000,0.779,none,10,False,1.0,0.6454,1,1
ACC-004884,Smith and Sons,Retail,201-1000,0.277,leadership_change,42,False,1.0,0.708,0,0
ACC-004885,Moore-Keller,Retail,1-50,0.276,leadership_change,3,False,1.0,0.6757,0,0
ACC-004886,Sullivan-Miller,Legal,1001-5000,0.894,funding_round,84,False,0.0,0.2548,0,1
ACC-004887,Winters and Sons,Legal,1-50,0.858,none,45,False,1.0,0.715,1,1
ACC-004888,Pena-Raymond,Healthcare,201-1000,0.745,tech_refresh,33,False,1.0,0.8949,1,1
ACC-004889,Stokes and Sons,Financial Services,51-200,1.0,funding_round,56,False,1.0,0.8474,1,1
ACC-004890,"Reed, Yang and Griffin",Retail,51-200,0.136,compliance_mandate,55,True,1.0,0.7392,0,0
ACC-004891,Rose-Young,Technology,1001-5000,0.457,none,25,True,1.0,0.2227,0,0
ACC-004892,Murphy Inc,Financial Services,1-50,0.985,none,38,False,1.0,0.7854,1,1
ACC-004893,Garcia PLC,Retail,51-200,0.549,none,8,True,1.0,0.4404,1,0
ACC-004894,Buck-Hernandez,Technology,51-200,0.638,none,60,False,0.0,0.3825,0,0
ACC-004895,"Dennis, Horton and Odonnell",Financial Services,1-50,0.879,leadership_change,76,True,1.0,0.8101,1,1
ACC-004896,"Mitchell, Clark and Reynolds",Manufacturing,201-1000,0.382,none,30,True,1.0,0.7113,0,0
ACC-004897,"Smith, James and Robinson",Government,201-1000,0.714,none,8,False,1.0,0.6891,1,1
ACC-004898,Thomas-Carson,Retail,51-200,0.319,none,21,False,0.0,0.256,0,0
ACC-004899,Robinson-Hill,Technology,51-200,0.384,compliance_mandate,1,True,1.0,0.6465,0,0
ACC-004900,Winters and Sons,Financial Services,201-1000,0.75,none,40,False,1.0,0.7849,1,1
ACC-004901,"Cooper, Padilla and Mccann",Real Estate,201-1000,0.6,none,19,False,1.0,0.7967,1,0
ACC-004902,Ortiz-Farrell,Real Estate,51-200,0.781,funding_round,86,False,1.0,0.4194,1,1
ACC-004903,"Smith, Smith and Powell",Retail,1-50,0.506,none,20,True,1.0,0.8201,1,0
ACC-004904,Fisher Ltd,Real Estate,1-50,0.763,tech_refresh,46,False,1.0,0.8613,1,1
ACC-004905,"Jones, Cooper and Hall",Legal,201-1000,1.0,none,14,False,1.0,0.8649,1,1
ACC-004906,"Thompson, Christensen and Bright",Healthcare,1-50,0.455,none,2,False,1.0,0.7431,0,0
ACC-004907,Rivera-Yang,Manufacturing,1-50,0.503,none,32,False,1.0,0.8621,1,0
ACC-004908,"Galloway, Willis and Rodriguez",Manufacturing,51-200,0.627,none,96,False,1.0,0.8948,1,0
ACC-004909,"Carter, Thompson and Lopez",Government,51-200,0.741,tech_refresh,23,False,1.0,0.6458,1,1
ACC-004910,"Ruiz, Bishop and Robertson",Insurance,1-50,1.0,none,5,True,0.0,,0,1
ACC-004911,Hall-Torres,Technology,5000+,0.669,none,7,False,1.0,0.5811,1,1
ACC-004912,Willis LLC,Technology,201-1000,0.696,none,6,False,1.0,0.797,1,1
ACC-004913,Logan Group,Healthcare,201-1000,0.554,leadership_change,55,True,1.0,0.8241,1,0
ACC-004914,Taylor-Cochran,Legal,51-200,0.904,none,20,True,1.0,0.862,1,1
ACC-004915,"Smith, Garcia and Singh",Legal,51-200,0.965,none,13,False,1.0,0.6392,1,1
ACC-004916,Lang LLC,Legal,201-1000,0.841,none,40,False,1.0,0.6844,1,1
ACC-004917,"Romero, Johnson and Alvarado",Manufacturing,201-1000,0.33,none,2,False,0.0,0.1184,0,0
ACC-004918,Guerra-Hess,Retail,1-50,0.503,none,49,True,1.0,0.5208,1,0
ACC-004919,"Gonzalez, Jenkins and French",Technology,1001-5000,0.63,tech_refresh,12,False,1.0,0.8171,1,0
ACC-004920,George PLC,Legal,201-1000,0.794,compliance_mandate,28,False,0.0,,0,1
ACC-004921,Vincent-Espinoza,Insurance,5000+,0.981,none,9,False,1.0,0.8174,1,1
ACC-004922,Vasquez Ltd,Technology,51-200,0.467,funding_round,65,False,1.0,0.6729,0,0
ACC-004923,"Shepard, Brown and Jones",Manufacturing,1001-5000,0.425,funding_round,40,False,1.0,0.6227,0,0
ACC-004924,Cisneros-Wright,Government,201-1000,0.832,none,27,False,1.0,0.8702,1,1
ACC-004925,"Montes, Bauer and Little",Financial Services,1001-5000,0.906,none,168,False,1.0,0.5428,1,1
ACC-004926,Gutierrez-Gray,Insurance,1-50,0.789,none,31,False,0.0,0.8115,0,1
ACC-004927,Edwards PLC,Manufacturing,201-1000,0.42,none,5,False,0.0,0.3641,0,0
ACC-004928,Collins-George,Insurance,5000+,0.334,funding_round,23,False,0.0,0.7516,0,0
ACC-004929,Gilmore-Holmes,Legal,51-200,0.776,none,2,False,1.0,0.8209,1,1
ACC-004930,"Frederick, Pacheco and Allen",Real Estate,5000+,0.692,none,10,False,1.0,0.7857,1,1
ACC-004931,"Montgomery, Hart and Yates",Retail,201-1000,0.688,compliance_mandate,42,False,1.0,0.5089,1,1
ACC-004932,Barker LLC,Manufacturing,1-50,0.545,none,136,False,1.0,0.781,1,0
ACC-004933,"Hamilton, Roberts and Palmer",Government,51-200,0.676,tech_refresh,7,True,1.0,0.8862,1,1
ACC-004934,Ball PLC,Legal,51-200,1.0,tech_refresh,49,True,1.0,0.8664,1,1
ACC-004935,"Delacruz, Macias and Wise",Government,201-1000,0.775,none,18,False,0.0,0.3663,0,1
ACC-004936,"Velasquez, Mueller and Snyder",Technology,51-200,0.618,none,2,False,1.0,0.4465,1,0
ACC-004937,Lopez-Mendoza,Financial Services,51-200,0.804,compliance_mandate,33,False,0.0,0.2304,0,1
ACC-004938,"White, Clayton and Lowe",Healthcare,1-50,0.441,none,85,False,1.0,0.6634,0,0
ACC-004939,"Padilla, Malone and Powell",Healthcare,1-50,0.693,none,8,False,1.0,0.7157,1,1
ACC-004940,Hale-Williams,Technology,51-200,0.676,none,25,False,1.0,0.7474,1,1
ACC-004941,Brown PLC,Retail,201-1000,0.521,none,35,True,1.0,0.6226,1,0
ACC-004942,Cummings Ltd,Technology,51-200,0.503,tech_refresh,3,False,1.0,0.7011,1,0
ACC-004943,"Cardenas, Lewis and Cummings",Manufacturing,51-200,0.528,none,61,False,1.0,0.4771,1,0
ACC-004944,Perez PLC,Manufacturing,51-200,0.402,leadership_change,9,False,0.0,0.1425,0,0
ACC-004945,"Novak, Orozco and Campbell",Retail,1001-5000,0.431,none,15,True,1.0,0.6125,0,0
ACC-004946,Wheeler-Jarvis,Financial Services,201-1000,0.969,none,4,True,1.0,0.7286,1,1
ACC-004947,"Rhodes, Moore and Ortiz",Healthcare,51-200,0.564,none,1,False,1.0,0.6667,1,0
ACC-004948,Logan-Smith,Real Estate,51-200,1.0,none,36,True,1.0,0.7775,1,1
ACC-004949,Hunter-Cunningham,Healthcare,51-200,0.564,leadership_change,0,True,1.0,0.6464,1,0
ACC-004950,Henderson-Clark,Financial Services,1001-5000,1.0,funding_round,17,False,0.0,0.6843,0,1
ACC-004951,"Anderson, Ayala and Morgan",Legal,1001-5000,1.0,none,16,False,1.0,0.421,1,1
ACC-004952,Sellers-Bradley,Real Estate,1-50,0.77,leadership_change,47,False,1.0,0.7011,1,1
ACC-004953,Oconnor PLC,Real Estate,1-50,0.984,compliance_mandate,35,False,1.0,0.6601,1,1
ACC-004954,Medina-Gonzalez,Manufacturing,201-1000,0.411,none,115,False,0.0,0.4248,0,0
ACC-004955,"Gilbert, Yang and Garcia",Retail,1001-5000,0.452,none,2,False,1.0,0.6516,0,0
ACC-004956,Martin-Brown,Government,5000+,0.4,none,10,True,1.0,0.8272,0,0
ACC-004957,"Davidson, Burke and Mcdonald",Manufacturing,51-200,0.204,leadership_change,21,False,1.0,0.6362,0,0
ACC-004958,"Rogers, Wells and Ramos",Financial Services,5000+,0.712,none,31,True,1.0,0.7339,1,1
ACC-004959,Hickman Ltd,Financial Services,201-1000,0.949,none,12,False,0.0,,0,1
ACC-004960,Stanley Ltd,Manufacturing,1001-5000,0.469,funding_round,9,True,1.0,0.8078,0,0
ACC-004961,"Henry, Walker and Anderson",Financial Services,5000+,0.718,none,10,False,1.0,0.2555,1,1
ACC-004962,Jackson Ltd,Healthcare,51-200,0.678,leadership_change,11,False,1.0,0.7499,1,1
ACC-004963,"Turner, Scott and Bartlett",Financial Services,1-50,0.952,leadership_change,19,False,1.0,0.9321,1,1
ACC-004964,Scott-Kim,Legal,201-1000,0.805,none,30,False,1.0,0.3925,1,1
ACC-004965,"Hurley, Johnston and Williams",Legal,1-50,0.798,none,98,False,0.0,,0,1
ACC-004966,"Smith, Abbott and Chang",Government,51-200,0.566,compliance_mandate,28,False,1.0,0.6475,1,0
ACC-004967,Hoover LLC,Legal,201-1000,0.715,tech_refresh,22,False,1.0,0.6083,1,1
ACC-004968,"Beasley, Carter and Foley",Financial Services,5000+,0.831,none,4,False,1.0,0.7589,1,1
ACC-004969,Gill-Smith,Healthcare,1-50,0.883,funding_round,4,False,1.0,0.7232,1,1
ACC-004970,Flores-Phillips,Legal,1-50,0.966,compliance_mandate,30,False,0.0,0.4388,0,1
ACC-004971,Bailey PLC,Insurance,1-50,0.628,funding_round,10,False,0.0,0.315,0,0
ACC-004972,Anderson Ltd,Manufacturing,1-50,0.46,none,1,False,1.0,0.8257,0,0
ACC-004973,Bates-Townsend,Financial Services,1-50,0.839,none,109,True,1.0,0.731,1,1
ACC-004974,Boyle-Allen,Insurance,1-50,0.814,none,12,False,1.0,0.6608,1,1
ACC-004975,"Pruitt, Peterson and Watson",Retail,201-1000,0.466,none,19,True,1.0,0.7974,0,0
ACC-004976,"Hale, Marshall and Salazar",Manufacturing,51-200,0.53,none,13,False,1.0,0.5459,1,0
ACC-004977,Stanley-Hunter,Government,5000+,0.476,tech_refresh,6,True,1.0,0.776,0,0
ACC-004978,"Lyons, Morris and Ochoa",Real Estate,5000+,0.46,leadership_change,40,False,1.0,0.7265,0,0
ACC-004979,Braun-Robinson,Technology,1001-5000,0.447,funding_round,24,False,1.0,0.6579,0,0
ACC-004980,"Collins, Lindsey and Salinas",Retail,51-200,0.412,funding_round,22,False,1.0,0.4448,0,0
ACC-004981,Simmons-Huang,Manufacturing,51-200,0.401,none,44,False,0.0,0.1993,0,0
ACC-004982,"Kerr, Jackson and Davis",Government,51-200,0.549,none,123,False,0.0,0.1479,0,0
ACC-004983,"Scott, Smith and Goodman",Government,1-50,0.561,compliance_mandate,7,False,1.0,0.7344,1,0
ACC-004984,Bowman PLC,Retail,51-200,0.304,tech_refresh,17,True,1.0,0.9094,0,0
ACC-004985,Austin-Beck,Healthcare,1-50,0.652,compliance_mandate,7,False,1.0,0.7758,1,1
ACC-004986,Taylor and Sons,Technology,201-1000,0.335,tech_refresh,35,False,0.0,0.2203,0,0
ACC-004987,Kelly Group,Retail,1001-5000,0.417,tech_refresh,44,False,1.0,0.4875,0,0
ACC-004988,Mccormick Ltd,Healthcare,51-200,0.492,compliance_mandate,10,False,1.0,0.3627,0,0
ACC-004989,"Knapp, Frazier and Christensen",Healthcare,201-1000,0.669,none,23,False,1.0,0.7933,1,1
ACC-004990,Brooks Group,Manufacturing,1-50,0.544,tech_refresh,2,False,1.0,0.3697,1,0
ACC-004991,Knox Inc,Technology,1001-5000,0.541,leadership_change,159,False,1.0,0.6874,1,0
ACC-004992,Mitchell-Harris,Retail,201-1000,0.36,funding_round,3,True,1.0,0.7236,0,0
ACC-004993,Solis and Sons,Financial Services,1001-5000,0.733,tech_refresh,15,False,0.0,,0,1
ACC-004994,Young Inc,Healthcare,1001-5000,0.834,none,11,False,0.0,0.558,0,1
ACC-004995,Carter Ltd,Financial Services,201-1000,0.979,none,60,False,0.0,0.2315,0,1
ACC-004996,"Benton, Russo and Wells",Legal,51-200,0.961,compliance_mandate,40,False,1.0,0.5992,1,1
ACC-004997,"Curtis, Hicks and Jones",Real Estate,51-200,0.796,none,23,False,1.0,0.5929,1,1
ACC-004998,Butler Inc,Real Estate,1-50,0.828,leadership_change,5,False,1.0,0.5657,1,1
ACC-004999,Rhodes-Johnson,Real Estate,5000+,0.644,compliance_mandate,13,False,1.0,0.7822,1,0
